chr1	100005	+	26	2	CG	CGC
chr1	100046	+	19	10	CG	CGC
chr1	100096	+	20	3	CG	CGC
chr1	100123	+	14	6	CG	CGC
chr1	100150	+	34	3	CG	CGC
chr1	100200	+	24	5	CG	CGC
chr1	100244	+	29	1	CG	CGC
chr1	100268	+	29	3	CG	CGC
chr1	100307	+	22	6	CG	CGC
chr1	100331	+	30	3	CG	CGC
chr1	100355	+	18	2	CG	CGC
chr1	100389	+	22	4	CG	CGC
chr1	100404	+	28	5	CG	CGC
chr1	100419	+	26	6	CG	CGC
chr1	100442	+	24	3	CG	CGC
chr1	100460	+	28	6	CG	CGC
chr1	100495	+	23	3	CG	CGC
chr1	100514	+	28	6	CG	CGC
chr1	100529	+	27	4	CG	CGC
chr1	100629	+	25	1	CG	CGC
chr1	100716	+	25	7	CG	CGC
chr1	100816	+	18	3	CG	CGC
chr1	100866	+	23	3	CG	CGC
chr1	100938	+	30	7	CG	CGC
chr1	101038	+	26	1	CG	CGC
chr1	101074	+	28	2	CG	CGC
chr1	101182	+	25	2	CG	CGC
chr1	101194	+	26	2	CG	CGC
chr1	101250	+	22	6	CG	CGC
chr1	101344	+	37	2	CG	CGC
chr1	101380	+	17	4	CG	CGC
chr1	101386	+	1	24	CG	CGC
chr1	101425	+	1	28	CG	CGC
chr1	101464	+	10	27	CG	CGC
chr1	101481	+	3	25	CG	CGC
chr1	101529	+	5	26	CG	CGC
chr1	101544	+	6	22	CG	CGC
chr1	101594	+	2	22	CG	CGC
chr1	101610	+	5	33	CG	CGC
chr1	101637	+	2	25	CG	CGC
chr1	101687	+	4	32	CG	CGC
chr1	101719	+	2	28	CG	CGC
chr1	101764	+	3	30	CG	CGC
chr1	101805	+	5	29	CG	CGC
chr1	101808	+	7	28	CG	CGC
chr1	101908	+	2	34	CG	CGC
chr1	101984	+	4	36	CG	CGC
chr1	102084	+	4	34	CG	CGC
chr1	102134	+	1	25	CG	CGC
chr1	102188	+	7	21	CG	CGC
chr1	102314	+	3	29	CG	CGC
chr1	102356	+	6	23	CG	CGC
chr1	102456	+	7	31	CG	CGC
chr1	102472	+	3	27	CG	CGC
chr1	102478	+	1	32	CG	CGC
chr1	102498	+	4	24	CG	CGC
chr1	102504	+	4	27	CG	CGC
chr1	102620	+	7	20	CG	CGC
chr1	102636	+	7	18	CG	CGC
chr1	102684	+	3	20	CG	CGC
chr1	102715	+	7	28	CG	CGC
chr1	102749	+	8	23	CG	CGC
chr1	102799	+	10	21	CG	CGC
chr1	102838	+	3	21	CG	CGC
chr1	102877	+	0	20	CG	CGC
chr1	102927	+	6	23	CG	CGC
chr1	102952	+	11	27	CG	CGC
chr1	102972	+	12	24	CG	CGC
chr1	102990	+	1	29	CG	CGC
chr1	103005	+	8	21	CG	CGC
chr1	103055	+	2	32	CG	CGC
chr1	103072	+	12	17	CG	CGC
chr1	103099	+	12	21	CG	CGC
chr1	103103	+	8	19	CG	CGC
chr1	103203	+	6	15	CG	CGC
chr1	103303	+	5	29	CG	CGC
chr1	103403	+	13	19	CG	CGC
chr1	103473	+	6	25	CG	CGC
chr1	103563	+	5	18	CG	CGC
chr1	103597	+	7	31	CG	CGC
chr1	103612	+	19	7	CG	CGC
chr1	103638	+	28	5	CG	CGC
chr1	103653	+	16	6	CG	CGC
chr1	103690	+	20	10	CG	CGC
chr1	103723	+	21	6	CG	CGC
chr1	103757	+	25	8	CG	CGC
chr1	103804	+	29	0	CG	CGC
chr1	103854	+	17	5	CG	CGC
chr1	103879	+	23	10	CG	CGC
chr1	103917	+	19	9	CG	CGC
chr1	103952	+	22	6	CG	CGC
chr1	103988	+	27	7	CG	CGC
chr1	104025	+	18	4	CG	CGC
chr1	104075	+	10	5	CG	CGC
chr1	104151	+	27	7	CG	CGC
chr1	104201	+	25	3	CG	CGC
chr1	104267	+	20	6	CG	CGC
chr1	104367	+	25	8	CG	CGC
chr1	104467	+	23	8	CG	CGC
chr1	104541	+	22	5	CG	CGC
chr1	104563	+	36	8	CG	CGC
chr1	104607	+	18	11	CG	CGC
chr1	104629	+	23	6	CG	CGC
chr1	104659	+	19	9	CG	CGC
chr1	104688	+	23	8	CG	CGC
chr1	104703	+	19	16	CG	CGC
chr1	104722	+	22	9	CG	CGC
chr1	104745	+	17	7	CG	CGC
chr1	104760	+	13	10	CG	CGC
chr1	104817	+	27	11	CG	CGC
chr1	104832	+	20	8	CG	CGC
chr1	104869	+	17	11	CG	CGC
chr1	104912	+	15	10	CG	CGC
chr1	104946	+	16	14	CG	CGC
chr1	104972	+	16	9	CG	CGC
chr1	105012	+	13	12	CG	CGC
chr1	105054	+	24	6	CG	CGC
chr1	105089	+	20	10	CG	CGC
chr1	105109	+	15	11	CG	CGC
chr1	105143	+	18	6	CG	CGC
chr1	105158	+	22	8	CG	CGC
chr1	105228	+	19	8	CG	CGC
chr1	105328	+	21	11	CG	CGC
chr1	105401	+	19	10	CG	CGC
chr1	105501	+	15	18	CG	CGC
chr1	105568	+	21	5	CG	CGC
chr1	105668	+	21	13	CG	CGC
chr1	105676	+	25	8	CG	CGC
chr1	105762	+	19	14	CG	CGC
chr1	105768	+	15	5	CG	CGC
chr1	105810	+	17	7	CG	CGC
chr1	105839	+	15	8	CG	CGC
chr1	105883	+	13	10	CG	CGC
chr1	105924	+	16	10	CG	CGC
chr1	105951	+	28	3	CG	CGC
chr1	105966	+	24	12	CG	CGC
chr1	105989	+	19	9	CG	CGC
chr1	106039	+	14	6	CG	CGC
chr1	106075	+	20	14	CG	CGC
chr1	106097	+	12	10	CG	CGC
chr1	106131	+	19	11	CG	CGC
chr1	106173	+	24	11	CG	CGC
chr1	106195	+	20	6	CG	CGC
chr1	106235	+	19	11	CG	CGC
chr1	106335	+	23	10	CG	CGC
chr1	106387	+	16	9	CG	CGC
chr1	106487	+	21	5	CG	CGC
chr1	106565	+	33	8	CG	CGC
chr1	106655	+	23	6	CG	CGC
chr1	106679	+	18	8	CG	CGC
chr1	106735	+	16	13	CG	CGC
chr1	106787	+	17	6	CG	CGC
chr1	106915	+	27	9	CG	CGC
chr1	106975	+	18	9	CG	CGC
chr1	106977	+	16	5	CG	CGC
chr1	106987	+	16	6	CG	CGC
chr1	107013	+	15	10	CG	CGC
chr1	107061	+	20	11	CG	CGC
chr1	107149	+	21	10	CG	CGC
chr1	107168	+	27	8	CG	CGC
chr1	107190	+	27	8	CG	CGC
chr1	107231	+	25	10	CG	CGC
chr1	107281	+	20	9	CG	CGC
chr1	107301	+	17	8	CG	CGC
chr1	107335	+	25	11	CG	CGC
chr1	107385	+	22	6	CG	CGC
chr1	107400	+	22	6	CG	CGC
chr1	107445	+	30	6	CG	CGC
chr1	107462	+	31	7	CG	CGC
chr1	107495	+	21	6	CG	CGC
chr1	107545	+	23	9	CG	CGC
chr1	107560	+	27	7	CG	CGC
chr1	107604	+	18	7	CG	CGC
chr1	107654	+	17	11	CG	CGC
chr1	107677	+	26	5	CG	CGC
chr1	107717	+	20	7	CG	CGC
chr1	107767	+	15	7	CG	CGC
chr1	107773	+	20	8	CG	CGC
chr1	107873	+	23	7	CG	CGC
chr1	107973	+	20	10	CG	CGC
chr1	108073	+	27	4	CG	CGC
chr1	108173	+	22	13	CG	CGC
chr1	108228	+	26	9	CG	CGC
chr1	108328	+	21	5	CG	CGC
chr1	108408	+	26	5	CG	CGC
chr1	108416	+	20	10	CG	CGC
chr1	108431	+	21	6	CG	CGC
chr1	108468	+	16	6	CG	CGC
chr1	108500	+	19	9	CG	CGC
chr1	108534	+	24	6	CG	CGC
chr1	108584	+	40	5	CG	CGC
chr1	108622	+	18	6	CG	CGC
chr1	108672	+	21	10	CG	CGC
chr1	108696	+	22	12	CG	CGC
chr1	108711	+	25	4	CG	CGC
chr1	108732	+	14	11	CG	CGC
chr1	108755	+	28	3	CG	CGC
chr1	108805	+	28	6	CG	CGC
chr1	108848	+	24	9	CG	CGC
chr1	108870	+	26	5	CG	CGC
chr1	108915	+	24	6	CG	CGC
chr1	108943	+	22	4	CG	CGC
chr1	108993	+	24	9	CG	CGC
chr1	108995	+	26	7	CG	CGC
chr1	109045	+	25	9	CG	CGC
chr1	109134	+	20	3	CG	CGC
chr1	109216	+	21	9	CG	CGC
chr1	109266	+	21	3	CG	CGC
chr1	109366	+	20	11	CG	CGC
chr1	109466	+	24	8	CG	CGC
chr1	109517	+	23	3	CG	CGC
chr1	109599	+	19	10	CG	CGC
chr1	109601	+	19	7	CG	CGC
chr1	109613	+	22	1	CG	CGC
chr1	109636	+	21	6	CG	CGC
chr1	109668	+	25	8	CG	CGC
chr1	109697	+	19	8	CG	CGC
chr1	109747	+	24	6	CG	CGC
chr1	109773	+	20	6	CG	CGC
chr1	109805	+	23	5	CG	CGC
chr1	109820	+	28	0	CG	CGC
chr1	109855	+	28	6	CG	CGC
chr1	109875	+	27	4	CG	CGC
chr1	109890	+	25	3	CG	CGC
chr1	109940	+	31	2	CG	CGC
chr1	109969	+	21	3	CG	CGC
chr1	109984	+	23	9	CG	CGC
chr1	110004	+	32	2	CG	CGC
chr1	110034	+	23	3	CG	CGC
chr1	110065	+	35	0	CG	CGC
chr1	110088	+	31	7	CG	CGC
chr1	110103	+	32	2	CG	CGC
chr1	110126	+	27	1	CG	CGC
chr1	110127	+	15	5	CG	CGC
chr1	110227	+	16	5	CG	CGC
chr1	110296	+	25	7	CG	CGC
chr1	110396	+	35	3	CG	CGC
chr1	110446	+	16	6	CG	CGC
chr1	110508	+	21	4	CG	CGC
chr1	110608	+	24	5	CG	CGC
chr1	110666	+	30	8	CG	CGC
chr1	110716	+	24	2	CG	CGC
chr1	110741	+	26	6	CG	CGC
chr1	110768	+	25	3	CG	CGC
chr1	110788	+	15	3	CG	CGC
chr1	110810	+	19	10	CG	CGC
chr1	110860	+	27	7	CG	CGC
chr1	110908	+	27	9	CG	CGC
chr1	110923	+	27	9	CG	CGC
chr1	110973	+	27	2	CG	CGC
chr1	111023	+	22	7	CG	CGC
chr1	111049	+	13	7	CG	CGC
chr1	111084	+	21	8	CG	CGC
chr1	111114	+	26	7	CG	CGC
chr1	111164	+	27	7	CG	CGC
chr1	111184	+	21	6	CG	CGC
chr1	111216	+	31	7	CG	CGC
chr1	111240	+	29	7	CG	CGC
chr1	111255	+	28	6	CG	CGC
chr1	111305	+	28	11	CG	CGC
chr1	111318	+	21	11	CG	CGC
chr1	111418	+	24	8	CG	CGC
chr1	111468	+	29	2	CG	CGC
chr1	111547	+	29	4	CG	CGC
chr1	111647	+	23	5	CG	CGC
chr1	111708	+	24	2	CG	CGC
chr1	111808	+	27	2	CG	CGC
chr1	111893	+	32	1	CG	CGC
chr1	111931	+	19	5	CG	CGC
chr1	111971	+	30	4	CG	CGC
chr1	111995	+	3	22	CG	CGC
chr1	112029	+	2	35	CG	CGC
chr1	112067	+	1	33	CG	CGC
chr1	112103	+	1	34	CG	CGC
chr1	112128	+	1	31	CG	CGC
chr1	112170	+	2	27	CG	CGC
chr1	112186	+	2	27	CG	CGC
chr1	112233	+	0	24	CG	CGC
chr1	112257	+	5	24	CG	CGC
chr1	112292	+	2	24	CG	CGC
chr1	112317	+	2	28	CG	CGC
chr1	112367	+	1	27	CG	CGC
chr1	112404	+	5	29	CG	CGC
chr1	112435	+	1	26	CG	CGC
chr1	112535	+	2	30	CG	CGC
chr1	112622	+	2	25	CG	CGC
chr1	112722	+	4	24	CG	CGC
chr1	112822	+	0	31	CG	CGC
chr1	112920	+	0	27	CG	CGC
chr1	112928	+	3	24	CG	CGC
chr1	112978	+	3	33	CG	CGC
chr1	113006	+	2	34	CG	CGC
chr1	113021	+	1	30	CG	CGC
chr1	113045	+	9	22	CG	CGC
chr1	113081	+	7	26	CG	CGC
chr1	113104	+	2	11	CG	CGC
chr1	113134	+	2	18	CG	CGC
chr1	113177	+	4	23	CG	CGC
chr1	113204	+	3	22	CG	CGC
chr1	113223	+	5	26	CG	CGC
chr1	113249	+	1	24	CG	CGC
chr1	113299	+	0	26	CG	CGC
chr1	113349	+	4	26	CG	CGC
chr1	113364	+	6	29	CG	CGC
chr1	113414	+	2	21	CG	CGC
chr1	113448	+	5	29	CG	CGC
chr1	113461	+	6	25	CG	CGC
chr1	113533	+	2	24	CG	CGC
chr1	113583	+	5	33	CG	CGC
chr1	113683	+	1	22	CG	CGC
chr1	113740	+	5	20	CG	CGC
chr1	113790	+	2	23	CG	CGC
chr1	113840	+	0	26	CG	CGC
chr1	113940	+	5	26	CG	CGC
chr1	113960	+	5	27	CG	CGC
chr1	114012	+	3	23	CG	CGC
chr1	114032	+	6	31	CG	CGC
chr1	114086	+	3	29	CG	CGC
chr1	114096	+	6	16	CG	CGC
chr1	114116	+	4	30	CG	CGC
chr1	114216	+	3	26	CG	CGC
chr1	114298	+	6	28	CG	CGC
chr1	114404	+	4	30	CG	CGC
chr1	114437	+	14	7	CG	CGC
chr1	114452	+	28	10	CG	CGC
chr1	114496	+	19	7	CG	CGC
chr1	114524	+	28	7	CG	CGC
chr1	114553	+	18	6	CG	CGC
chr1	114603	+	21	8	CG	CGC
chr1	114618	+	31	10	CG	CGC
chr1	114635	+	17	8	CG	CGC
chr1	114670	+	25	13	CG	CGC
chr1	114685	+	17	9	CG	CGC
chr1	114707	+	18	12	CG	CGC
chr1	114756	+	22	9	CG	CGC
chr1	114784	+	17	6	CG	CGC
chr1	114799	+	26	8	CG	CGC
chr1	114832	+	20	8	CG	CGC
chr1	114857	+	18	6	CG	CGC
chr1	114878	+	27	8	CG	CGC
chr1	114928	+	19	10	CG	CGC
chr1	114951	+	14	8	CG	CGC
chr1	115035	+	20	9	CG	CGC
chr1	115135	+	20	7	CG	CGC
chr1	115219	+	21	11	CG	CGC
chr1	115292	+	20	13	CG	CGC
chr1	115392	+	24	13	CG	CGC
chr1	115462	+	16	15	CG	CGC
chr1	115464	+	21	7	CG	CGC
chr1	115491	+	17	10	CG	CGC
chr1	115528	+	13	12	CG	CGC
chr1	115563	+	13	16	CG	CGC
chr1	115582	+	15	22	CG	CGC
chr1	115602	+	24	9	CG	CGC
chr1	115652	+	14	15	CG	CGC
chr1	115692	+	15	12	CG	CGC
chr1	115739	+	14	13	CG	CGC
chr1	115772	+	14	20	CG	CGC
chr1	115809	+	11	15	CG	CGC
chr1	115837	+	19	16	CG	CGC
chr1	115867	+	20	11	CG	CGC
chr1	115891	+	15	11	CG	CGC
chr1	115941	+	14	16	CG	CGC
chr1	115962	+	9	15	CG	CGC
chr1	115997	+	22	18	CG	CGC
chr1	116025	+	17	19	CG	CGC
chr1	116059	+	20	14	CG	CGC
chr1	116159	+	20	14	CG	CGC
chr1	116259	+	25	11	CG	CGC
chr1	116359	+	18	20	CG	CGC
chr1	116414	+	14	17	CG	CGC
chr1	116514	+	13	12	CG	CGC
chr1	116608	+	14	8	CG	CGC
chr1	116626	+	13	7	CG	CGC
chr1	116676	+	24	15	CG	CGC
chr1	116726	+	15	9	CG	CGC
chr1	116744	+	16	12	CG	CGC
chr1	116764	+	19	10	CG	CGC
chr1	116814	+	17	6	CG	CGC
chr1	116832	+	16	16	CG	CGC
chr1	116855	+	21	16	CG	CGC
chr1	116905	+	14	10	CG	CGC
chr1	116955	+	19	13	CG	CGC
chr1	116970	+	20	5	CG	CGC
chr1	117014	+	26	13	CG	CGC
chr1	117041	+	15	8	CG	CGC
chr1	117069	+	18	5	CG	CGC
chr1	117119	+	14	7	CG	CGC
chr1	117144	+	13	21	CG	CGC
chr1	117167	+	15	12	CG	CGC
chr1	117193	+	20	8	CG	CGC
chr1	117202	+	22	7	CG	CGC
chr1	117302	+	25	11	CG	CGC
chr1	117402	+	27	10	CG	CGC
chr1	117502	+	23	9	CG	CGC
chr1	117601	+	31	13	CG	CGC
chr1	117701	+	20	14	CG	CGC
chr1	117745	+	23	10	CG	CGC
chr1	117750	+	27	10	CG	CGC
chr1	117765	+	22	6	CG	CGC
chr1	117809	+	17	10	CG	CGC
chr1	117846	+	18	10	CG	CGC
chr1	117891	+	20	8	CG	CGC
chr1	117932	+	26	8	CG	CGC
chr1	117965	+	26	4	CG	CGC
chr1	118009	+	32	1	CG	CGC
chr1	118033	+	29	5	CG	CGC
chr1	118073	+	29	6	CG	CGC
chr1	118096	+	27	6	CG	CGC
chr1	118137	+	17	10	CG	CGC
chr1	118164	+	18	4	CG	CGC
chr1	118202	+	24	11	CG	CGC
chr1	118209	+	20	6	CG	CGC
chr1	118294	+	25	8	CG	CGC
chr1	118381	+	25	7	CG	CGC
chr1	118431	+	18	4	CG	CGC
chr1	118531	+	34	6	CG	CGC
chr1	118631	+	18	6	CG	CGC
chr1	118633	+	28	6	CG	CGC
chr1	118717	+	31	6	CG	CGC
chr1	118803	+	16	4	CG	CGC
chr1	118807	+	18	4	CG	CGC
chr1	119041	+	26	7	CG	CGC
chr1	119053	+	1	27	CG	CGC
chr1	119068	+	2	31	CG	CGC
chr1	119092	+	1	23	CG	CGC
chr1	119110	+	2	27	CG	CGC
chr1	119160	+	0	28	CG	CGC
chr1	119206	+	2	19	CG	CGC
chr1	119224	+	2	30	CG	CGC
chr1	119263	+	5	29	CG	CGC
chr1	119280	+	1	29	CG	CGC
chr1	119295	+	2	28	CG	CGC
chr1	119316	+	8	30	CG	CGC
chr1	119344	+	6	23	CG	CGC
chr1	119380	+	1	31	CG	CGC
chr1	119426	+	2	30	CG	CGC
chr1	119451	+	2	23	CG	CGC
chr1	119493	+	6	26	CG	CGC
chr1	119508	+	1	28	CG	CGC
chr1	119546	+	2	32	CG	CGC
chr1	119596	+	1	25	CG	CGC
chr1	119670	+	4	25	CG	CGC
chr1	119736	+	1	31	CG	CGC
chr1	119786	+	3	36	CG	CGC
chr1	119886	+	2	24	CG	CGC
chr1	119986	+	6	31	CG	CGC
chr1	120036	+	2	21	CG	CGC
chr1	120046	+	5	18	CG	CGC
chr1	120088	+	4	27	CG	CGC
chr1	120134	+	28	6	CG	CGC
chr1	120184	+	18	5	CG	CGC
chr1	120225	+	22	5	CG	CGC
chr1	120256	+	27	11	CG	CGC
chr1	120284	+	20	7	CG	CGC
chr1	120333	+	25	6	CG	CGC
chr1	120355	+	18	11	CG	CGC
chr1	120370	+	17	6	CG	CGC
chr1	120401	+	31	8	CG	CGC
chr1	120451	+	22	12	CG	CGC
chr1	120501	+	22	6	CG	CGC
chr1	120529	+	25	6	CG	CGC
chr1	120560	+	22	13	CG	CGC
chr1	120599	+	22	11	CG	CGC
chr1	120615	+	14	10	CG	CGC
chr1	120715	+	20	10	CG	CGC
chr1	120810	+	24	7	CG	CGC
chr1	120910	+	29	3	CG	CGC
chr1	121010	+	18	10	CG	CGC
chr1	121060	+	23	6	CG	CGC
chr1	121084	+	19	6	CG	CGC
chr1	121125	+	16	12	CG	CGC
chr1	121158	+	17	10	CG	CGC
chr1	121205	+	15	10	CG	CGC
chr1	121221	+	15	10	CG	CGC
chr1	121248	+	19	10	CG	CGC
chr1	121274	+	22	11	CG	CGC
chr1	121306	+	14	16	CG	CGC
chr1	121356	+	29	7	CG	CGC
chr1	121378	+	19	10	CG	CGC
chr1	121419	+	18	18	CG	CGC
chr1	121469	+	12	15	CG	CGC
chr1	121489	+	23	10	CG	CGC
chr1	121521	+	12	17	CG	CGC
chr1	121553	+	16	12	CG	CGC
chr1	121569	+	15	13	CG	CGC
chr1	121609	+	23	6	CG	CGC
chr1	121709	+	11	11	CG	CGC
chr1	121776	+	16	8	CG	CGC
chr1	121860	+	13	12	CG	CGC
chr1	121910	+	17	10	CG	CGC
chr1	122010	+	16	9	CG	CGC
chr1	122064	+	15	8	CG	CGC
chr1	122089	+	0	38	CG	CGC
chr1	122134	+	1	24	CG	CGC
chr1	122154	+	5	34	CG	CGC
chr1	122185	+	3	26	CG	CGC
chr1	122203	+	4	30	CG	CGC
chr1	122229	+	6	15	CG	CGC
chr1	122253	+	3	29	CG	CGC
chr1	122282	+	4	24	CG	CGC
chr1	122332	+	7	22	CG	CGC
chr1	122382	+	3	25	CG	CGC
chr1	122410	+	3	18	CG	CGC
chr1	122437	+	2	18	CG	CGC
chr1	122458	+	3	18	CG	CGC
chr1	122476	+	7	22	CG	CGC
chr1	122504	+	3	31	CG	CGC
chr1	122531	+	1	20	CG	CGC
chr1	122581	+	7	33	CG	CGC
chr1	122681	+	2	23	CG	CGC
chr1	122781	+	3	25	CG	CGC
chr1	122831	+	7	27	CG	CGC
chr1	122931	+	7	16	CG	CGC
chr1	122965	+	3	24	CG	CGC
chr1	122967	+	0	22	CG	CGC
chr1	122972	+	0	31	CG	CGC
chr1	122987	+	3	20	CG	CGC
chr1	123020	+	3	30	CG	CGC
chr1	123062	+	4	31	CG	CGC
chr1	123097	+	2	29	CG	CGC
chr1	123118	+	2	34	CG	CGC
chr1	123140	+	4	28	CG	CGC
chr1	123190	+	0	30	CG	CGC
chr1	123226	+	5	26	CG	CGC
chr1	123241	+	3	24	CG	CGC
chr1	123264	+	2	32	CG	CGC
chr1	123291	+	2	34	CG	CGC
chr1	123307	+	0	34	CG	CGC
chr1	123335	+	0	30	CG	CGC
chr1	123358	+	0	28	CG	CGC
chr1	123391	+	1	27	CG	CGC
chr1	123417	+	7	29	CG	CGC
chr1	123438	+	4	19	CG	CGC
chr1	123463	+	2	28	CG	CGC
chr1	123490	+	5	32	CG	CGC
chr1	123590	+	5	28	CG	CGC
chr1	123678	+	1	30	CG	CGC
chr1	123778	+	0	42	CG	CGC
chr1	123878	+	0	26	CG	CGC
chr1	123929	+	2	32	CG	CGC
chr1	123963	+	5	24	CG	CGC
chr1	123967	+	2	21	CG	CGC
chr1	124047	+	4	25	CG	CGC
chr1	124195	+	2	28	CG	CGC
chr1	124263	+	4	30	CG	CGC
chr1	124373	+	2	27	CG	CGC
chr1	124415	+	4	24	CG	CGC
chr1	124435	+	14	11	CG	CGC
chr1	124458	+	28	11	CG	CGC
chr1	124489	+	22	19	CG	CGC
chr1	124512	+	17	4	CG	CGC
chr1	124545	+	17	9	CG	CGC
chr1	124576	+	12	11	CG	CGC
chr1	124596	+	14	9	CG	CGC
chr1	124641	+	20	7	CG	CGC
chr1	124656	+	22	11	CG	CGC
chr1	124706	+	17	15	CG	CGC
chr1	124741	+	20	7	CG	CGC
chr1	124781	+	18	11	CG	CGC
chr1	124796	+	19	12	CG	CGC
chr1	124825	+	21	16	CG	CGC
chr1	124875	+	18	12	CG	CGC
chr1	124903	+	21	12	CG	CGC
chr1	124935	+	23	6	CG	CGC
chr1	124952	+	10	3	CG	CGC
chr1	124967	+	22	12	CG	CGC
chr1	124969	+	26	8	CG	CGC
chr1	125036	+	20	12	CG	CGC
chr1	125108	+	23	10	CG	CGC
chr1	125208	+	17	10	CG	CGC
chr1	125308	+	18	10	CG	CGC
chr1	125408	+	16	12	CG	CGC
chr1	125462	+	15	14	CG	CGC
chr1	125496	+	21	4	CG	CGC
chr1	125519	+	32	10	CG	CGC
chr1	125535	+	26	6	CG	CGC
chr1	125560	+	19	6	CG	CGC
chr1	125604	+	18	9	CG	CGC
chr1	125648	+	26	11	CG	CGC
chr1	125672	+	17	8	CG	CGC
chr1	125692	+	21	13	CG	CGC
chr1	125710	+	19	7	CG	CGC
chr1	125738	+	25	4	CG	CGC
chr1	125770	+	24	6	CG	CGC
chr1	125820	+	24	13	CG	CGC
chr1	125852	+	15	7	CG	CGC
chr1	125893	+	19	8	CG	CGC
chr1	125913	+	27	6	CG	CGC
chr1	125944	+	15	5	CG	CGC
chr1	125976	+	16	10	CG	CGC
chr1	126004	+	21	13	CG	CGC
chr1	126022	+	18	17	CG	CGC
chr1	126122	+	17	11	CG	CGC
chr1	126222	+	23	13	CG	CGC
chr1	126322	+	19	9	CG	CGC
chr1	126372	+	19	14	CG	CGC
chr1	126472	+	22	12	CG	CGC
chr1	126522	+	20	11	CG	CGC
chr1	126544	+	25	6	CG	CGC
chr1	126606	+	27	9	CG	CGC
chr1	126645	+	20	9	CG	CGC
chr1	126679	+	11	10	CG	CGC
chr1	126702	+	22	14	CG	CGC
chr1	126745	+	9	11	CG	CGC
chr1	126760	+	19	9	CG	CGC
chr1	126810	+	16	9	CG	CGC
chr1	126826	+	16	10	CG	CGC
chr1	126844	+	26	17	CG	CGC
chr1	126881	+	20	11	CG	CGC
chr1	126920	+	14	9	CG	CGC
chr1	126970	+	12	7	CG	CGC
chr1	127005	+	19	10	CG	CGC
chr1	127034	+	23	16	CG	CGC
chr1	127067	+	16	13	CG	CGC
chr1	127117	+	23	8	CG	CGC
chr1	127125	+	16	11	CG	CGC
chr1	127215	+	19	9	CG	CGC
chr1	127315	+	13	9	CG	CGC
chr1	127411	+	12	9	CG	CGC
chr1	127506	+	19	9	CG	CGC
chr1	127524	+	14	14	CG	CGC
chr1	127533	+	14	12	CG	CGC
chr1	127574	+	10	13	CG	CGC
chr1	127624	+	14	19	CG	CGC
chr1	127653	+	16	20	CG	CGC
chr1	127670	+	25	12	CG	CGC
chr1	127720	+	23	13	CG	CGC
chr1	127762	+	15	9	CG	CGC
chr1	127779	+	18	11	CG	CGC
chr1	127807	+	19	16	CG	CGC
chr1	127845	+	18	14	CG	CGC
chr1	127866	+	24	9	CG	CGC
chr1	127882	+	18	16	CG	CGC
chr1	127927	+	17	9	CG	CGC
chr1	127942	+	16	11	CG	CGC
chr1	127965	+	14	12	CG	CGC
chr1	127988	+	25	14	CG	CGC
chr1	128006	+	25	8	CG	CGC
chr1	128031	+	15	10	CG	CGC
chr1	128058	+	13	7	CG	CGC
chr1	128073	+	23	10	CG	CGC
chr1	128107	+	20	13	CG	CGC
chr1	128108	+	19	7	CG	CGC
chr1	128208	+	18	13	CG	CGC
chr1	128305	+	11	16	CG	CGC
chr1	128355	+	12	14	CG	CGC
chr1	128455	+	17	15	CG	CGC
chr1	128555	+	16	10	CG	CGC
chr1	128655	+	14	14	CG	CGC
chr1	128659	+	23	18	CG	CGC
chr1	128753	+	22	17	CG	CGC
chr1	128771	+	29	5	CG	CGC
chr1	128791	+	15	15	CG	CGC
chr1	128875	+	15	18	CG	CGC
chr1	128919	+	17	19	CG	CGC
chr1	128951	+	13	9	CG	CGC
chr1	129137	+	15	12	CG	CGC
chr1	129187	+	20	14	CG	CGC
chr1	129205	+	17	12	CG	CGC
chr1	129254	+	13	14	CG	CGC
chr1	129271	+	9	12	CG	CGC
chr1	129305	+	14	15	CG	CGC
chr1	129325	+	21	11	CG	CGC
chr1	129351	+	22	10	CG	CGC
chr1	129366	+	23	12	CG	CGC
chr1	129394	+	10	22	CG	CGC
chr1	129436	+	13	21	CG	CGC
chr1	129486	+	13	18	CG	CGC
chr1	129515	+	22	10	CG	CGC
chr1	129531	+	23	11	CG	CGC
chr1	129576	+	15	7	CG	CGC
chr1	129612	+	20	9	CG	CGC
chr1	129640	+	12	15	CG	CGC
chr1	129663	+	20	7	CG	CGC
chr1	129671	+	19	7	CG	CGC
chr1	129771	+	26	10	CG	CGC
chr1	129871	+	15	18	CG	CGC
chr1	129931	+	16	13	CG	CGC
chr1	129998	+	11	15	CG	CGC
chr1	130085	+	22	13	CG	CGC
chr1	130135	+	9	18	CG	CGC
chr1	130233	+	20	6	CG	CGC
chr1	130266	+	18	14	CG	CGC
chr1	130288	+	13	10	CG	CGC
chr1	130336	+	15	14	CG	CGC
chr1	130364	+	17	19	CG	CGC
chr1	130387	+	11	13	CG	CGC
chr1	130437	+	11	9	CG	CGC
chr1	130452	+	15	17	CG	CGC
chr1	130502	+	10	17	CG	CGC
chr1	130552	+	13	11	CG	CGC
chr1	130571	+	24	10	CG	CGC
chr1	130593	+	12	21	CG	CGC
chr1	130610	+	19	16	CG	CGC
chr1	130656	+	17	10	CG	CGC
chr1	130678	+	17	9	CG	CGC
chr1	130706	+	13	13	CG	CGC
chr1	130747	+	16	13	CG	CGC
chr1	130762	+	17	13	CG	CGC
chr1	130770	+	17	14	CG	CGC
chr1	130870	+	13	13	CG	CGC
chr1	130949	+	8	8	CG	CGC
chr1	131004	+	10	14	CG	CGC
chr1	131104	+	11	17	CG	CGC
chr1	131197	+	14	18	CG	CGC
chr1	131255	+	23	15	CG	CGC
chr1	131281	+	12	16	CG	CGC
chr1	131319	+	13	8	CG	CGC
chr1	131334	+	6	17	CG	CGC
chr1	131384	+	11	9	CG	CGC
chr1	131412	+	16	5	CG	CGC
chr1	131428	+	37	0	CG	CGC
chr1	131473	+	4	20	CG	CGC
chr1	131488	+	25	8	CG	CGC
chr1	131505	+	7	22	CG	CGC
chr1	131535	+	30	0	CG	CGC
chr1	131565	+	23	3	CG	CGC
chr1	131598	+	12	18	CG	CGC
chr1	131648	+	9	20	CG	CGC
chr1	131679	+	6	28	CG	CGC
chr1	131701	+	25	2	CG	CGC
chr1	131723	+	8	19	CG	CGC
chr1	131747	+	30	0	CG	CGC
chr1	131763	+	35	0	CG	CGC
chr1	131803	+	34	0	CG	CGC
chr1	131805	+	29	2	CG	CGC
chr1	131905	+	23	8	CG	CGC
chr1	132005	+	26	4	CG	CGC
chr1	132105	+	28	3	CG	CGC
chr1	132155	+	16	9	CG	CGC
chr1	132239	+	19	4	CG	CGC
chr1	132277	+	31	0	CG	CGC
chr1	132331	+	17	14	CG	CGC
chr1	132345	+	29	4	CG	CGC
chr1	132395	+	24	3	CG	CGC
chr1	132445	+	23	4	CG	CGC
chr1	132478	+	22	1	CG	CGC
chr1	132502	+	22	4	CG	CGC
chr1	132552	+	29	4	CG	CGC
chr1	132567	+	26	5	CG	CGC
chr1	132617	+	25	4	CG	CGC
chr1	132667	+	31	5	CG	CGC
chr1	132707	+	32	6	CG	CGC
chr1	132724	+	30	12	CG	CGC
chr1	132774	+	23	3	CG	CGC
chr1	132788	+	23	3	CG	CGC
chr1	132880	+	18	7	CG	CGC
chr1	132936	+	23	2	CG	CGC
chr1	132986	+	21	3	CG	CGC
chr1	133086	+	28	4	CG	CGC
chr1	133182	+	28	8	CG	CGC
chr1	133196	+	22	5	CG	CGC
chr1	133242	+	27	4	CG	CGC
chr1	133250	+	27	5	CG	CGC
chr1	133280	+	24	6	CG	CGC
chr1	133295	+	29	2	CG	CGC
chr1	133335	+	24	4	CG	CGC
chr1	133384	+	26	6	CG	CGC
chr1	133409	+	25	2	CG	CGC
chr1	133429	+	27	7	CG	CGC
chr1	133479	+	34	1	CG	CGC
chr1	133511	+	28	4	CG	CGC
chr1	133540	+	23	3	CG	CGC
chr1	133569	+	36	3	CG	CGC
chr1	133619	+	20	5	CG	CGC
chr1	133653	+	21	5	CG	CGC
chr1	133690	+	25	10	CG	CGC
chr1	133718	+	27	5	CG	CGC
chr1	133734	+	26	8	CG	CGC
chr1	133817	+	30	7	CG	CGC
chr1	133917	+	26	8	CG	CGC
chr1	133968	+	26	4	CG	CGC
chr1	134068	+	28	2	CG	CGC
chr1	134148	+	22	4	CG	CGC
chr1	134164	+	13	3	CG	CGC
chr1	134186	+	25	6	CG	CGC
chr1	134284	+	24	4	CG	CGC
chr1	134306	+	30	7	CG	CGC
chr1	134418	+	25	9	CG	CGC
chr1	134454	+	28	4	CG	CGC
chr1	134538	+	32	2	CG	CGC
chr1	134594	+	22	5	CG	CGC
chr1	134612	+	17	7	CG	CGC
chr1	134622	+	1	23	CG	CGC
chr1	134637	+	1	35	CG	CGC
chr1	134672	+	0	24	CG	CGC
chr1	134687	+	1	30	CG	CGC
chr1	134702	+	2	37	CG	CGC
chr1	134719	+	1	27	CG	CGC
chr1	134750	+	1	30	CG	CGC
chr1	134783	+	1	37	CG	CGC
chr1	134833	+	1	32	CG	CGC
chr1	134849	+	0	39	CG	CGC
chr1	134870	+	0	36	CG	CGC
chr1	134920	+	0	22	CG	CGC
chr1	134959	+	2	20	CG	CGC
chr1	134994	+	0	38	CG	CGC
chr1	135023	+	2	26	CG	CGC
chr1	135060	+	2	36	CG	CGC
chr1	135090	+	1	26	CG	CGC
chr1	135122	+	3	21	CG	CGC
chr1	135160	+	5	19	CG	CGC
chr1	135169	+	1	27	CG	CGC
chr1	135269	+	0	22	CG	CGC
chr1	135319	+	0	38	CG	CGC
chr1	135419	+	0	32	CG	CGC
chr1	135493	+	0	29	CG	CGC
chr1	135593	+	4	25	CG	CGC
chr1	135643	+	0	31	CG	CGC
chr1	135793	+	2	24	CG	CGC
chr1	135809	+	2	38	CG	CGC
chr1	135819	+	2	25	CG	CGC
chr1	135973	+	4	27	CG	CGC
chr1	136047	+	1	30	CG	CGC
chr1	136057	+	26	6	CG	CGC
chr1	136079	+	25	2	CG	CGC
chr1	136113	+	27	0	CG	CGC
chr1	136146	+	31	3	CG	CGC
chr1	136178	+	27	5	CG	CGC
chr1	136199	+	20	7	CG	CGC
chr1	136214	+	28	10	CG	CGC
chr1	136234	+	19	9	CG	CGC
chr1	136279	+	28	5	CG	CGC
chr1	136329	+	23	12	CG	CGC
chr1	136368	+	15	4	CG	CGC
chr1	136393	+	23	10	CG	CGC
chr1	136438	+	22	5	CG	CGC
chr1	136453	+	25	5	CG	CGC
chr1	136483	+	29	3	CG	CGC
chr1	136505	+	19	4	CG	CGC
chr1	136531	+	24	11	CG	CGC
chr1	136554	+	24	1	CG	CGC
chr1	136571	+	15	5	CG	CGC
chr1	136621	+	24	9	CG	CGC
chr1	136643	+	22	4	CG	CGC
chr1	136665	+	20	4	CG	CGC
chr1	136693	+	27	4	CG	CGC
chr1	136793	+	17	3	CG	CGC
chr1	136893	+	18	4	CG	CGC
chr1	136993	+	27	4	CG	CGC
chr1	137093	+	15	4	CG	CGC
chr1	137143	+	24	8	CG	CGC
chr1	137243	+	20	10	CG	CGC
chr1	137306	+	26	9	CG	CGC
chr1	137320	+	23	12	CG	CGC
chr1	137406	+	17	7	CG	CGC
chr1	137408	+	20	3	CG	CGC
chr1	137456	+	35	4	CG	CGC
chr1	137664	+	25	4	CG	CGC
chr1	137718	+	30	1	CG	CGC
chr1	137798	+	21	8	CG	CGC
chr1	137831	+	27	9	CG	CGC
chr1	137881	+	18	7	CG	CGC
chr1	137931	+	16	10	CG	CGC
chr1	137981	+	18	10	CG	CGC
chr1	138010	+	22	6	CG	CGC
chr1	138034	+	22	12	CG	CGC
chr1	138067	+	20	11	CG	CGC
chr1	138113	+	20	8	CG	CGC
chr1	138163	+	25	9	CG	CGC
chr1	138185	+	17	6	CG	CGC
chr1	138235	+	13	12	CG	CGC
chr1	138268	+	29	6	CG	CGC
chr1	138368	+	16	13	CG	CGC
chr1	138468	+	19	9	CG	CGC
chr1	138568	+	20	10	CG	CGC
chr1	138668	+	16	12	CG	CGC
chr1	138686	+	23	7	CG	CGC
chr1	138736	+	21	7	CG	CGC
chr1	138760	+	29	6	CG	CGC
chr1	138775	+	12	15	CG	CGC
chr1	138803	+	15	5	CG	CGC
chr1	138853	+	27	7	CG	CGC
chr1	138903	+	21	12	CG	CGC
chr1	138933	+	18	21	CG	CGC
chr1	138951	+	15	10	CG	CGC
chr1	138966	+	21	12	CG	CGC
chr1	139013	+	21	13	CG	CGC
chr1	139036	+	21	11	CG	CGC
chr1	139077	+	14	6	CG	CGC
chr1	139127	+	28	12	CG	CGC
chr1	139147	+	25	14	CG	CGC
chr1	139172	+	17	8	CG	CGC
chr1	139222	+	17	15	CG	CGC
chr1	139249	+	17	15	CG	CGC
chr1	139289	+	19	11	CG	CGC
chr1	139297	+	21	18	CG	CGC
chr1	139347	+	23	9	CG	CGC
chr1	139447	+	27	14	CG	CGC
chr1	139547	+	15	18	CG	CGC
chr1	139647	+	25	7	CG	CGC
chr1	139747	+	14	10	CG	CGC
chr1	139809	+	13	12	CG	CGC
chr1	139831	+	22	12	CG	CGC
chr1	139855	+	23	4	CG	CGC
chr1	139905	+	25	5	CG	CGC
chr1	139923	+	14	6	CG	CGC
chr1	139952	+	21	11	CG	CGC
chr1	139975	+	16	5	CG	CGC
chr1	139999	+	18	5	CG	CGC
chr1	140035	+	18	5	CG	CGC
chr1	140056	+	22	4	CG	CGC
chr1	140083	+	28	5	CG	CGC
chr1	140104	+	20	6	CG	CGC
chr1	140145	+	21	6	CG	CGC
chr1	140195	+	20	5	CG	CGC
chr1	140245	+	20	16	CG	CGC
chr1	140264	+	22	10	CG	CGC
chr1	140288	+	24	14	CG	CGC
chr1	140317	+	19	9	CG	CGC
chr1	140332	+	27	4	CG	CGC
chr1	140344	+	15	9	CG	CGC
chr1	140444	+	18	7	CG	CGC
chr1	140543	+	25	5	CG	CGC
chr1	140637	+	26	6	CG	CGC
chr1	140704	+	13	10	CG	CGC
chr1	140785	+	22	2	CG	CGC
chr1	140815	+	29	4	CG	CGC
chr1	140821	+	1	30	CG	CGC
chr1	140860	+	0	35	CG	CGC
chr1	140890	+	0	30	CG	CGC
chr1	140915	+	0	32	CG	CGC
chr1	140965	+	2	34	CG	CGC
chr1	140991	+	0	20	CG	CGC
chr1	141041	+	0	32	CG	CGC
chr1	141071	+	2	30	CG	CGC
chr1	141091	+	8	28	CG	CGC
chr1	141106	+	0	32	CG	CGC
chr1	141156	+	3	24	CG	CGC
chr1	141204	+	2	22	CG	CGC
chr1	141249	+	0	28	CG	CGC
chr1	141299	+	2	25	CG	CGC
chr1	141345	+	0	30	CG	CGC
chr1	141395	+	0	28	CG	CGC
chr1	141445	+	1	26	CG	CGC
chr1	141529	+	4	36	CG	CGC
chr1	141629	+	2	26	CG	CGC
chr1	141729	+	3	22	CG	CGC
chr1	141829	+	0	39	CG	CGC
chr1	141897	+	5	22	CG	CGC
chr1	141951	+	2	34	CG	CGC
chr1	142019	+	0	32	CG	CGC
chr1	142123	+	4	36	CG	CGC
chr1	142157	+	1	31	CG	CGC
chr1	142203	+	23	10	CG	CGC
chr1	142229	+	22	14	CG	CGC
chr1	142244	+	24	8	CG	CGC
chr1	142272	+	23	7	CG	CGC
chr1	142315	+	17	3	CG	CGC
chr1	142365	+	23	9	CG	CGC
chr1	142380	+	23	13	CG	CGC
chr1	142399	+	25	3	CG	CGC
chr1	142428	+	20	12	CG	CGC
chr1	142478	+	16	12	CG	CGC
chr1	142493	+	30	9	CG	CGC
chr1	142509	+	22	9	CG	CGC
chr1	142531	+	30	9	CG	CGC
chr1	142546	+	16	11	CG	CGC
chr1	142561	+	22	10	CG	CGC
chr1	142611	+	23	3	CG	CGC
chr1	142635	+	19	10	CG	CGC
chr1	142655	+	20	14	CG	CGC
chr1	142670	+	19	11	CG	CGC
chr1	142697	+	13	9	CG	CGC
chr1	142718	+	17	11	CG	CGC
chr1	142726	+	23	12	CG	CGC
chr1	142776	+	19	13	CG	CGC
chr1	142865	+	25	12	CG	CGC
chr1	142951	+	20	10	CG	CGC
chr1	143051	+	21	6	CG	CGC
chr1	143131	+	19	5	CG	CGC
chr1	143231	+	23	7	CG	CGC
chr1	143243	+	12	13	CG	CGC
chr1	143253	+	5	25	CG	CGC
chr1	143295	+	4	28	CG	CGC
chr1	143323	+	8	20	CG	CGC
chr1	143341	+	4	29	CG	CGC
chr1	143358	+	4	28	CG	CGC
chr1	143393	+	8	31	CG	CGC
chr1	143440	+	6	28	CG	CGC
chr1	143472	+	0	29	CG	CGC
chr1	143509	+	0	36	CG	CGC
chr1	143551	+	3	28	CG	CGC
chr1	143575	+	6	26	CG	CGC
chr1	143613	+	0	30	CG	CGC
chr1	143652	+	0	30	CG	CGC
chr1	143669	+	0	29	CG	CGC
chr1	143702	+	0	38	CG	CGC
chr1	143739	+	2	23	CG	CGC
chr1	143772	+	7	20	CG	CGC
chr1	143872	+	0	30	CG	CGC
chr1	143972	+	3	25	CG	CGC
chr1	144072	+	1	17	CG	CGC
chr1	144272	+	5	26	CG	CGC
chr1	144282	+	3	30	CG	CGC
chr1	144326	+	5	20	CG	CGC
chr1	144386	+	2	23	CG	CGC
chr1	144436	+	0	32	CG	CGC
chr1	144518	+	2	22	CG	CGC
chr1	144734	+	3	35	CG	CGC
chr1	144742	+	2	17	CG	CGC
chr1	144768	+	5	24	CG	CGC
chr1	144773	+	25	2	CG	CGC
chr1	144802	+	25	5	CG	CGC
chr1	144827	+	27	5	CG	CGC
chr1	144877	+	28	2	CG	CGC
chr1	144894	+	25	2	CG	CGC
chr1	144944	+	20	2	CG	CGC
chr1	144994	+	16	7	CG	CGC
chr1	145012	+	30	1	CG	CGC
chr1	145027	+	21	5	CG	CGC
chr1	145062	+	25	0	CG	CGC
chr1	145093	+	23	2	CG	CGC
chr1	145143	+	20	2	CG	CGC
chr1	145160	+	13	1	CG	CGC
chr1	145194	+	25	7	CG	CGC
chr1	145231	+	16	7	CG	CGC
chr1	145263	+	23	5	CG	CGC
chr1	145288	+	32	3	CG	CGC
chr1	145302	+	26	12	CG	CGC
chr1	145402	+	25	3	CG	CGC
chr1	145452	+	25	2	CG	CGC
chr1	145552	+	30	3	CG	CGC
chr1	145626	+	25	4	CG	CGC
chr1	145676	+	35	1	CG	CGC
chr1	145728	+	26	6	CG	CGC
chr1	145820	+	24	8	CG	CGC
chr1	145930	+	20	7	CG	CGC
chr1	145976	+	28	7	CG	CGC
chr1	146104	+	23	5	CG	CGC
chr1	146164	+	30	2	CG	CGC
chr1	146210	+	26	4	CG	CGC
chr1	146264	+	30	6	CG	CGC
chr1	146295	+	15	6	CG	CGC
chr1	146322	+	23	9	CG	CGC
chr1	146347	+	35	7	CG	CGC
chr1	146385	+	26	11	CG	CGC
chr1	146408	+	12	5	CG	CGC
chr1	146442	+	20	9	CG	CGC
chr1	146471	+	27	2	CG	CGC
chr1	146487	+	31	7	CG	CGC
chr1	146537	+	25	5	CG	CGC
chr1	146562	+	24	4	CG	CGC
chr1	146599	+	26	5	CG	CGC
chr1	146619	+	30	3	CG	CGC
chr1	146634	+	31	7	CG	CGC
chr1	146684	+	25	6	CG	CGC
chr1	146714	+	20	12	CG	CGC
chr1	146747	+	25	6	CG	CGC
chr1	146778	+	22	7	CG	CGC
chr1	146827	+	15	7	CG	CGC
chr1	146927	+	21	15	CG	CGC
chr1	147027	+	12	8	CG	CGC
chr1	147097	+	24	10	CG	CGC
chr1	147186	+	15	8	CG	CGC
chr1	147286	+	28	7	CG	CGC
chr1	147370	+	20	16	CG	CGC
chr1	147409	+	18	9	CG	CGC
chr1	147435	+	29	9	CG	CGC
chr1	147452	+	21	4	CG	CGC
chr1	147480	+	29	1	CG	CGC
chr1	147500	+	27	8	CG	CGC
chr1	147518	+	19	6	CG	CGC
chr1	147568	+	21	7	CG	CGC
chr1	147610	+	23	5	CG	CGC
chr1	147629	+	27	6	CG	CGC
chr1	147677	+	23	2	CG	CGC
chr1	147712	+	20	10	CG	CGC
chr1	147738	+	26	6	CG	CGC
chr1	147788	+	25	3	CG	CGC
chr1	147823	+	13	5	CG	CGC
chr1	147873	+	15	7	CG	CGC
chr1	147881	+	20	8	CG	CGC
chr1	147981	+	27	7	CG	CGC
chr1	148033	+	23	5	CG	CGC
chr1	148105	+	22	6	CG	CGC
chr1	148205	+	23	1	CG	CGC
chr1	148305	+	21	8	CG	CGC
chr1	148333	+	20	3	CG	CGC
chr1	148389	+	18	7	CG	CGC
chr1	148399	+	35	0	CG	CGC
chr1	148435	+	18	11	CG	CGC
chr1	148478	+	26	0	CG	CGC
chr1	148520	+	34	0	CG	CGC
chr1	148552	+	40	0	CG	CGC
chr1	148567	+	32	0	CG	CGC
chr1	148617	+	27	9	CG	CGC
chr1	148666	+	26	0	CG	CGC
chr1	148700	+	25	5	CG	CGC
chr1	148727	+	13	12	CG	CGC
chr1	148749	+	21	0	CG	CGC
chr1	148793	+	23	0	CG	CGC
chr1	148808	+	42	0	CG	CGC
chr1	148844	+	28	3	CG	CGC
chr1	148855	+	24	0	CG	CGC
chr1	148905	+	23	19	CG	CGC
chr1	149005	+	28	3	CG	CGC
chr1	149105	+	29	4	CG	CGC
chr1	149205	+	38	0	CG	CGC
chr1	149305	+	34	0	CG	CGC
chr1	149361	+	21	9	CG	CGC
chr1	149391	+	29	0	CG	CGC
chr1	149416	+	13	12	CG	CGC
chr1	149466	+	31	4	CG	CGC
chr1	149481	+	18	9	CG	CGC
chr1	149501	+	21	12	CG	CGC
chr1	149532	+	15	11	CG	CGC
chr1	149556	+	17	17	CG	CGC
chr1	149571	+	26	8	CG	CGC
chr1	149602	+	17	10	CG	CGC
chr1	149617	+	15	8	CG	CGC
chr1	149667	+	21	13	CG	CGC
chr1	149714	+	22	12	CG	CGC
chr1	149733	+	33	4	CG	CGC
chr1	149759	+	12	10	CG	CGC
chr1	149774	+	17	17	CG	CGC
chr1	149824	+	18	7	CG	CGC
chr1	149856	+	15	13	CG	CGC
chr1	149871	+	14	13	CG	CGC
chr1	149896	+	11	9	CG	CGC
chr1	149917	+	20	13	CG	CGC
chr1	150017	+	24	10	CG	CGC
chr1	150117	+	20	8	CG	CGC
chr1	150217	+	18	10	CG	CGC
chr1	150267	+	16	4	CG	CGC
chr1	150367	+	15	12	CG	CGC
chr1	150427	+	18	13	CG	CGC
chr1	150451	+	19	10	CG	CGC
chr1	150457	+	17	10	CG	CGC
chr1	150481	+	17	7	CG	CGC
chr1	150521	+	18	6	CG	CGC
chr1	150550	+	27	3	CG	CGC
chr1	150600	+	22	9	CG	CGC
chr1	150615	+	20	7	CG	CGC
chr1	150631	+	29	6	CG	CGC
chr1	150665	+	16	7	CG	CGC
chr1	150680	+	18	13	CG	CGC
chr1	150695	+	30	5	CG	CGC
chr1	150710	+	22	11	CG	CGC
chr1	150741	+	17	12	CG	CGC
chr1	150764	+	14	11	CG	CGC
chr1	150779	+	19	15	CG	CGC
chr1	150811	+	21	8	CG	CGC
chr1	150855	+	14	7	CG	CGC
chr1	150870	+	18	8	CG	CGC
chr1	150898	+	20	8	CG	CGC
chr1	150931	+	25	7	CG	CGC
chr1	150971	+	25	9	CG	CGC
chr1	150986	+	18	9	CG	CGC
chr1	151004	+	18	10	CG	CGC
chr1	151032	+	17	7	CG	CGC
chr1	151061	+	24	5	CG	CGC
chr1	151099	+	27	6	CG	CGC
chr1	151199	+	23	6	CG	CGC
chr1	151276	+	18	9	CG	CGC
chr1	151356	+	22	7	CG	CGC
chr1	151439	+	26	7	CG	CGC
chr1	151489	+	22	9	CG	CGC
chr1	151572	+	28	7	CG	CGC
chr1	151672	+	18	12	CG	CGC
chr1	151722	+	21	7	CG	CGC
chr1	151734	+	25	4	CG	CGC
chr1	151814	+	23	4	CG	CGC
chr1	151874	+	24	7	CG	CGC
chr1	151900	+	22	9	CG	CGC
chr1	151922	+	28	7	CG	CGC
chr1	151942	+	12	8	CG	CGC
chr1	151950	+	19	10	CG	CGC
chr1	151962	+	24	10	CG	CGC
chr1	152104	+	25	4	CG	CGC
chr1	152124	+	17	6	CG	CGC
chr1	152158	+	4	30	CG	CGC
chr1	152181	+	2	26	CG	CGC
chr1	152202	+	0	25	CG	CGC
chr1	152229	+	3	28	CG	CGC
chr1	152262	+	4	25	CG	CGC
chr1	152306	+	0	28	CG	CGC
chr1	152323	+	4	21	CG	CGC
chr1	152352	+	0	31	CG	CGC
chr1	152402	+	0	26	CG	CGC
chr1	152427	+	2	26	CG	CGC
chr1	152457	+	3	34	CG	CGC
chr1	152476	+	0	37	CG	CGC
chr1	152518	+	0	31	CG	CGC
chr1	152539	+	2	31	CG	CGC
chr1	152589	+	3	24	CG	CGC
chr1	152612	+	2	25	CG	CGC
chr1	152617	+	3	32	CG	CGC
chr1	152717	+	3	27	CG	CGC
chr1	152817	+	1	27	CG	CGC
chr1	152867	+	3	20	CG	CGC
chr1	152967	+	1	24	CG	CGC
chr1	153067	+	0	33	CG	CGC
chr1	153099	+	4	30	CG	CGC
chr1	153112	+	2	23	CG	CGC
chr1	153139	+	8	27	CG	CGC
chr1	153162	+	1	25	CG	CGC
chr1	153208	+	1	22	CG	CGC
chr1	153240	+	0	33	CG	CGC
chr1	153256	+	3	20	CG	CGC
chr1	153289	+	2	19	CG	CGC
chr1	153313	+	1	37	CG	CGC
chr1	153337	+	1	23	CG	CGC
chr1	153379	+	0	32	CG	CGC
chr1	153405	+	4	28	CG	CGC
chr1	153437	+	3	34	CG	CGC
chr1	153478	+	1	33	CG	CGC
chr1	153508	+	2	36	CG	CGC
chr1	153523	+	0	26	CG	CGC
chr1	153573	+	0	27	CG	CGC
chr1	153588	+	3	25	CG	CGC
chr1	153602	+	0	26	CG	CGC
chr1	153681	+	0	37	CG	CGC
chr1	153778	+	4	30	CG	CGC
chr1	153828	+	7	25	CG	CGC
chr1	153928	+	2	34	CG	CGC
chr1	154028	+	0	23	CG	CGC
chr1	154058	+	3	21	CG	CGC
chr1	154063	+	7	36	CG	CGC
chr1	154086	+	3	23	CG	CGC
chr1	154128	+	4	28	CG	CGC
chr1	154178	+	4	23	CG	CGC
chr1	154198	+	5	29	CG	CGC
chr1	154213	+	9	30	CG	CGC
chr1	154244	+	4	28	CG	CGC
chr1	154282	+	7	25	CG	CGC
chr1	154301	+	5	28	CG	CGC
chr1	154329	+	3	28	CG	CGC
chr1	154349	+	10	23	CG	CGC
chr1	154364	+	4	24	CG	CGC
chr1	154398	+	7	27	CG	CGC
chr1	154428	+	2	27	CG	CGC
chr1	154445	+	11	26	CG	CGC
chr1	154464	+	4	37	CG	CGC
chr1	154489	+	1	27	CG	CGC
chr1	154517	+	2	19	CG	CGC
chr1	154532	+	8	23	CG	CGC
chr1	154638	+	0	33	CG	CGC
chr1	154738	+	6	28	CG	CGC
chr1	154818	+	0	34	CG	CGC
chr1	154918	+	7	25	CG	CGC
chr1	155006	+	2	30	CG	CGC
chr1	155170	+	10	25	CG	CGC
chr1	155178	+	2	16	CG	CGC
chr1	155190	+	9	35	CG	CGC
chr1	155196	+	3	24	CG	CGC
chr1	155214	+	4	24	CG	CGC
chr1	155239	+	28	8	CG	CGC
chr1	155281	+	22	5	CG	CGC
chr1	155309	+	16	7	CG	CGC
chr1	155359	+	18	2	CG	CGC
chr1	155374	+	20	7	CG	CGC
chr1	155389	+	29	3	CG	CGC
chr1	155431	+	26	5	CG	CGC
chr1	155446	+	22	7	CG	CGC
chr1	155479	+	28	1	CG	CGC
chr1	155503	+	28	9	CG	CGC
chr1	155553	+	19	3	CG	CGC
chr1	155584	+	27	4	CG	CGC
chr1	155607	+	29	6	CG	CGC
chr1	155657	+	18	8	CG	CGC
chr1	155698	+	24	3	CG	CGC
chr1	155715	+	28	3	CG	CGC
chr1	155727	+	19	5	CG	CGC
chr1	155827	+	30	5	CG	CGC
chr1	155927	+	27	7	CG	CGC
chr1	156027	+	20	5	CG	CGC
chr1	156127	+	22	3	CG	CGC
chr1	156133	+	27	10	CG	CGC
chr1	156171	+	23	7	CG	CGC
chr1	156218	+	23	8	CG	CGC
chr1	156248	+	26	9	CG	CGC
chr1	156271	+	24	10	CG	CGC
chr1	156287	+	22	9	CG	CGC
chr1	156334	+	20	15	CG	CGC
chr1	156384	+	18	10	CG	CGC
chr1	156401	+	15	2	CG	CGC
chr1	156451	+	18	13	CG	CGC
chr1	156485	+	18	14	CG	CGC
chr1	156530	+	19	8	CG	CGC
chr1	156580	+	20	8	CG	CGC
chr1	156596	+	24	8	CG	CGC
chr1	156614	+	24	14	CG	CGC
chr1	156641	+	20	6	CG	CGC
chr1	156661	+	15	11	CG	CGC
chr1	156682	+	23	13	CG	CGC
chr1	156724	+	18	12	CG	CGC
chr1	156824	+	16	11	CG	CGC
chr1	156924	+	20	12	CG	CGC
chr1	157024	+	18	7	CG	CGC
chr1	157095	+	26	5	CG	CGC
chr1	157195	+	16	10	CG	CGC
chr1	157227	+	18	11	CG	CGC
chr1	157251	+	22	6	CG	CGC
chr1	157281	+	27	7	CG	CGC
chr1	157319	+	17	14	CG	CGC
chr1	157338	+	18	7	CG	CGC
chr1	157354	+	19	11	CG	CGC
chr1	157383	+	13	8	CG	CGC
chr1	157410	+	19	13	CG	CGC
chr1	157447	+	25	8	CG	CGC
chr1	157462	+	19	8	CG	CGC
chr1	157489	+	22	11	CG	CGC
chr1	157508	+	21	4	CG	CGC
chr1	157558	+	20	15	CG	CGC
chr1	157595	+	24	9	CG	CGC
chr1	157618	+	22	7	CG	CGC
chr1	157668	+	21	5	CG	CGC
chr1	157692	+	15	10	CG	CGC
chr1	157720	+	31	5	CG	CGC
chr1	157754	+	19	9	CG	CGC
chr1	157801	+	27	2	CG	CGC
chr1	157831	+	26	9	CG	CGC
chr1	157847	+	18	6	CG	CGC
chr1	157926	+	16	10	CG	CGC
chr1	157982	+	19	8	CG	CGC
chr1	158082	+	18	11	CG	CGC
chr1	158165	+	20	5	CG	CGC
chr1	158265	+	24	8	CG	CGC
chr1	158365	+	24	5	CG	CGC
chr1	158419	+	23	7	CG	CGC
chr1	158433	+	27	3	CG	CGC
chr1	158448	+	20	15	CG	CGC
chr1	158464	+	26	15	CG	CGC
chr1	158489	+	21	6	CG	CGC
chr1	158539	+	19	8	CG	CGC
chr1	158570	+	22	10	CG	CGC
chr1	158611	+	21	8	CG	CGC
chr1	158640	+	18	12	CG	CGC
chr1	158661	+	14	7	CG	CGC
chr1	158686	+	23	5	CG	CGC
chr1	158707	+	15	9	CG	CGC
chr1	158724	+	25	9	CG	CGC
chr1	158767	+	20	8	CG	CGC
chr1	158793	+	25	5	CG	CGC
chr1	158812	+	14	12	CG	CGC
chr1	158845	+	28	8	CG	CGC
chr1	158886	+	25	5	CG	CGC
chr1	158946	+	29	5	CG	CGC
chr1	159046	+	19	17	CG	CGC
chr1	159146	+	18	11	CG	CGC
chr1	159246	+	19	8	CG	CGC
chr1	159393	+	18	12	CG	CGC
chr1	159405	+	17	4	CG	CGC
chr1	159419	+	15	10	CG	CGC
chr1	159435	+	13	18	CG	CGC
chr1	159450	+	23	1	CG	CGC
chr1	159466	+	23	5	CG	CGC
chr1	159484	+	17	11	CG	CGC
chr1	159503	+	37	5	CG	CGC
chr1	159542	+	24	10	CG	CGC
chr1	159590	+	15	14	CG	CGC
chr1	159608	+	14	11	CG	CGC
chr1	159623	+	23	11	CG	CGC
chr1	159668	+	26	5	CG	CGC
chr1	159717	+	21	7	CG	CGC
chr1	159767	+	23	5	CG	CGC
chr1	159788	+	17	16	CG	CGC
chr1	159805	+	12	10	CG	CGC
chr1	159851	+	14	10	CG	CGC
chr1	159901	+	24	8	CG	CGC
chr1	159932	+	20	7	CG	CGC
chr1	159982	+	19	8	CG	CGC
chr1	159984	+	19	16	CG	CGC
chr1	160064	+	16	7	CG	CGC
chr1	160164	+	27	11	CG	CGC
chr1	160264	+	14	9	CG	CGC
chr1	160364	+	18	12	CG	CGC
chr1	160420	+	17	12	CG	CGC
chr1	160498	+	20	13	CG	CGC
chr1	160548	+	21	10	CG	CGC
chr1	160609	+	15	13	CG	CGC
chr1	160625	+	2	26	CG	CGC
chr1	160640	+	1	29	CG	CGC
chr1	160689	+	2	13	CG	CGC
chr1	160739	+	3	26	CG	CGC
chr1	160758	+	0	34	CG	CGC
chr1	160777	+	2	22	CG	CGC
chr1	160795	+	3	28	CG	CGC
chr1	160832	+	2	28	CG	CGC
chr1	160882	+	0	19	CG	CGC
chr1	160897	+	0	29	CG	CGC
chr1	160915	+	2	25	CG	CGC
chr1	160939	+	4	17	CG	CGC
chr1	160971	+	6	23	CG	CGC
chr1	161001	+	0	21	CG	CGC
chr1	161033	+	5	16	CG	CGC
chr1	161049	+	2	30	CG	CGC
chr1	161069	+	2	21	CG	CGC
chr1	161099	+	10	28	CG	CGC
chr1	161145	+	2	22	CG	CGC
chr1	161163	+	2	32	CG	CGC
chr1	161196	+	0	24	CG	CGC
chr1	161218	+	4	32	CG	CGC
chr1	161234	+	0	26	CG	CGC
chr1	161249	+	0	23	CG	CGC
chr1	161349	+	1	20	CG	CGC
chr1	161417	+	9	28	CG	CGC
chr1	161517	+	2	26	CG	CGC
chr1	161567	+	6	41	CG	CGC
chr1	161667	+	0	38	CG	CGC
chr1	161762	+	1	17	CG	CGC
chr1	161862	+	0	39	CG	CGC
chr1	161872	+	4	25	CG	CGC
chr1	161884	+	0	40	CG	CGC
chr1	161929	+	3	30	CG	CGC
chr1	161979	+	4	29	CG	CGC
chr1	162000	+	9	27	CG	CGC
chr1	162031	+	10	31	CG	CGC
chr1	162081	+	0	21	CG	CGC
chr1	162118	+	8	22	CG	CGC
chr1	162158	+	6	20	CG	CGC
chr1	162187	+	1	23	CG	CGC
chr1	162211	+	6	34	CG	CGC
chr1	162246	+	5	20	CG	CGC
chr1	162278	+	5	23	CG	CGC
chr1	162318	+	5	23	CG	CGC
chr1	162368	+	9	24	CG	CGC
chr1	162380	+	8	26	CG	CGC
chr1	162453	+	3	21	CG	CGC
chr1	162513	+	1	29	CG	CGC
chr1	162613	+	4	28	CG	CGC
chr1	162713	+	3	19	CG	CGC
chr1	162794	+	5	28	CG	CGC
chr1	162878	+	3	21	CG	CGC
chr1	162904	+	30	7	CG	CGC
chr1	162945	+	20	8	CG	CGC
chr1	162962	+	21	9	CG	CGC
chr1	162979	+	20	6	CG	CGC
chr1	163019	+	18	11	CG	CGC
chr1	163039	+	17	9	CG	CGC
chr1	163089	+	31	4	CG	CGC
chr1	163115	+	27	7	CG	CGC
chr1	163161	+	27	5	CG	CGC
chr1	163182	+	20	6	CG	CGC
chr1	163204	+	31	7	CG	CGC
chr1	163219	+	30	8	CG	CGC
chr1	163243	+	19	8	CG	CGC
chr1	163263	+	21	9	CG	CGC
chr1	163278	+	23	7	CG	CGC
chr1	163307	+	25	7	CG	CGC
chr1	163357	+	29	4	CG	CGC
chr1	163378	+	23	12	CG	CGC
chr1	163405	+	21	10	CG	CGC
chr1	163435	+	17	9	CG	CGC
chr1	163535	+	24	5	CG	CGC
chr1	163611	+	24	9	CG	CGC
chr1	163661	+	22	4	CG	CGC
chr1	163735	+	27	9	CG	CGC
chr1	163794	+	15	4	CG	CGC
chr1	163858	+	23	9	CG	CGC
chr1	163937	+	22	9	CG	CGC
chr1	163959	+	24	6	CG	CGC
chr1	163964	+	25	3	CG	CGC
chr1	163980	+	25	7	CG	CGC
chr1	164008	+	27	2	CG	CGC
chr1	164040	+	21	11	CG	CGC
chr1	164073	+	25	5	CG	CGC
chr1	164119	+	29	7	CG	CGC
chr1	164169	+	35	5	CG	CGC
chr1	164202	+	20	6	CG	CGC
chr1	164232	+	27	9	CG	CGC
chr1	164247	+	16	4	CG	CGC
chr1	164271	+	28	4	CG	CGC
chr1	164321	+	17	6	CG	CGC
chr1	164340	+	32	6	CG	CGC
chr1	164390	+	28	1	CG	CGC
chr1	164406	+	21	4	CG	CGC
chr1	164445	+	23	5	CG	CGC
chr1	164479	+	19	7	CG	CGC
chr1	164499	+	16	4	CG	CGC
chr1	164514	+	24	10	CG	CGC
chr1	164541	+	25	12	CG	CGC
chr1	164637	+	25	5	CG	CGC
chr1	164737	+	25	7	CG	CGC
chr1	164837	+	25	3	CG	CGC
chr1	164888	+	22	2	CG	CGC
chr1	164938	+	21	5	CG	CGC
chr1	165038	+	16	8	CG	CGC
chr1	165058	+	23	2	CG	CGC
chr1	165094	+	24	14	CG	CGC
chr1	165156	+	30	3	CG	CGC
chr1	165172	+	23	5	CG	CGC
chr1	165288	+	23	2	CG	CGC
chr1	165332	+	23	3	CG	CGC
chr1	165490	+	15	6	CG	CGC
chr1	165504	+	25	10	CG	CGC
chr1	165536	+	20	7	CG	CGC
chr1	165563	+	14	14	CG	CGC
chr1	165612	+	21	10	CG	CGC
chr1	165653	+	23	11	CG	CGC
chr1	165703	+	19	11	CG	CGC
chr1	165729	+	19	9	CG	CGC
chr1	165770	+	22	13	CG	CGC
chr1	165820	+	16	8	CG	CGC
chr1	165844	+	16	17	CG	CGC
chr1	165884	+	14	12	CG	CGC
chr1	165934	+	17	11	CG	CGC
chr1	165972	+	17	12	CG	CGC
chr1	165988	+	19	15	CG	CGC
chr1	166034	+	13	16	CG	CGC
chr1	166066	+	15	12	CG	CGC
chr1	166116	+	16	14	CG	CGC
chr1	166216	+	21	13	CG	CGC
chr1	166316	+	17	19	CG	CGC
chr1	166416	+	14	9	CG	CGC
chr1	166504	+	19	9	CG	CGC
chr1	166536	+	26	10	CG	CGC
chr1	166598	+	21	13	CG	CGC
chr1	166616	+	21	5	CG	CGC
chr1	166637	+	26	4	CG	CGC
chr1	166673	+	27	7	CG	CGC
chr1	166693	+	21	3	CG	CGC
chr1	166734	+	27	6	CG	CGC
chr1	166765	+	27	8	CG	CGC
chr1	166813	+	44	0	CG	CGC
chr1	166841	+	32	3	CG	CGC
chr1	166879	+	22	6	CG	CGC
chr1	166894	+	25	2	CG	CGC
chr1	166909	+	21	3	CG	CGC
chr1	166929	+	23	2	CG	CGC
chr1	166964	+	24	5	CG	CGC
chr1	166984	+	28	5	CG	CGC
chr1	167027	+	30	5	CG	CGC
chr1	167050	+	21	4	CG	CGC
chr1	167126	+	23	3	CG	CGC
chr1	167226	+	25	6	CG	CGC
chr1	167303	+	29	1	CG	CGC
chr1	167403	+	18	8	CG	CGC
chr1	167477	+	26	3	CG	CGC
chr1	167529	+	25	6	CG	CGC
chr1	167562	+	34	9	CG	CGC
chr1	167600	+	28	2	CG	CGC
chr1	167650	+	22	2	CG	CGC
chr1	167665	+	26	2	CG	CGC
chr1	167681	+	23	4	CG	CGC
chr1	167712	+	22	0	CG	CGC
chr1	167727	+	25	6	CG	CGC
chr1	167758	+	20	7	CG	CGC
chr1	167808	+	34	6	CG	CGC
chr1	167839	+	25	1	CG	CGC
chr1	167889	+	13	1	CG	CGC
chr1	167925	+	19	6	CG	CGC
chr1	167959	+	25	6	CG	CGC
chr1	168009	+	25	7	CG	CGC
chr1	168101	+	17	5	CG	CGC
chr1	168201	+	26	7	CG	CGC
chr1	168301	+	25	3	CG	CGC
chr1	168395	+	30	8	CG	CGC
chr1	168401	+	20	6	CG	CGC
chr1	168406	+	17	14	CG	CGC
chr1	168421	+	19	8	CG	CGC
chr1	168442	+	9	10	CG	CGC
chr1	168457	+	18	11	CG	CGC
chr1	168507	+	19	8	CG	CGC
chr1	168533	+	25	7	CG	CGC
chr1	168564	+	12	13	CG	CGC
chr1	168579	+	16	15	CG	CGC
chr1	168598	+	20	10	CG	CGC
chr1	168628	+	14	13	CG	CGC
chr1	168643	+	15	14	CG	CGC
chr1	168688	+	16	14	CG	CGC
chr1	168720	+	12	15	CG	CGC
chr1	168744	+	15	20	CG	CGC
chr1	168773	+	20	11	CG	CGC
chr1	168795	+	17	16	CG	CGC
chr1	168810	+	11	14	CG	CGC
chr1	168843	+	16	9	CG	CGC
chr1	168858	+	14	11	CG	CGC
chr1	168863	+	16	9	CG	CGC
chr1	168963	+	20	7	CG	CGC
chr1	169053	+	17	12	CG	CGC
chr1	169153	+	19	14	CG	CGC
chr1	169204	+	20	17	CG	CGC
chr1	169254	+	11	16	CG	CGC
chr1	169288	+	19	17	CG	CGC
chr1	169336	+	14	12	CG	CGC
chr1	169368	+	17	14	CG	CGC
chr1	169600	+	12	9	CG	CGC
chr1	169686	+	9	14	CG	CGC
chr1	169716	+	13	16	CG	CGC
chr1	169724	+	15	10	CG	CGC
chr1	169734	+	17	13	CG	CGC
chr1	169777	+	26	4	CG	CGC
chr1	169799	+	30	2	CG	CGC
chr1	169849	+	29	3	CG	CGC
chr1	169887	+	29	0	CG	CGC
chr1	169920	+	23	4	CG	CGC
chr1	169945	+	27	6	CG	CGC
chr1	169978	+	23	5	CG	CGC
chr1	170028	+	15	3	CG	CGC
chr1	170043	+	26	6	CG	CGC
chr1	170060	+	23	2	CG	CGC
chr1	170110	+	34	5	CG	CGC
chr1	170125	+	24	6	CG	CGC
chr1	170139	+	27	4	CG	CGC
chr1	170239	+	32	1	CG	CGC
chr1	170339	+	26	5	CG	CGC
chr1	170404	+	17	5	CG	CGC
chr1	170504	+	24	9	CG	CGC
chr1	170614	+	18	3	CG	CGC
chr1	170658	+	24	2	CG	CGC
chr1	170766	+	24	7	CG	CGC
chr1	170778	+	30	8	CG	CGC
chr1	170830	+	22	4	CG	CGC
chr1	170928	+	15	5	CG	CGC
chr1	170930	+	27	8	CG	CGC
chr1	170984	+	27	5	CG	CGC
chr1	171029	+	23	8	CG	CGC
chr1	171054	+	27	11	CG	CGC
chr1	171082	+	19	9	CG	CGC
chr1	171110	+	13	13	CG	CGC
chr1	171152	+	22	8	CG	CGC
chr1	171172	+	16	14	CG	CGC
chr1	171196	+	26	13	CG	CGC
chr1	171211	+	18	11	CG	CGC
chr1	171229	+	21	9	CG	CGC
chr1	171256	+	24	16	CG	CGC
chr1	171280	+	23	7	CG	CGC
chr1	171295	+	29	5	CG	CGC
chr1	171334	+	29	7	CG	CGC
chr1	171353	+	18	16	CG	CGC
chr1	171368	+	19	9	CG	CGC
chr1	171404	+	15	7	CG	CGC
chr1	171450	+	21	12	CG	CGC
chr1	171465	+	20	17	CG	CGC
chr1	171507	+	19	11	CG	CGC
chr1	171534	+	20	10	CG	CGC
chr1	171541	+	27	9	CG	CGC
chr1	171592	+	18	5	CG	CGC
chr1	171683	+	24	5	CG	CGC
chr1	171778	+	24	8	CG	CGC
chr1	171878	+	16	11	CG	CGC
chr1	171978	+	13	14	CG	CGC
chr1	172014	+	13	8	CG	CGC
chr1	172020	+	19	7	CG	CGC
chr1	172070	+	22	11	CG	CGC
chr1	172110	+	27	10	CG	CGC
chr1	172129	+	28	11	CG	CGC
chr1	172144	+	21	11	CG	CGC
chr1	172194	+	25	7	CG	CGC
chr1	172221	+	25	5	CG	CGC
chr1	172254	+	36	5	CG	CGC
chr1	172286	+	19	5	CG	CGC
chr1	172326	+	20	5	CG	CGC
chr1	172341	+	15	7	CG	CGC
chr1	172376	+	16	8	CG	CGC
chr1	172397	+	17	5	CG	CGC
chr1	172423	+	26	2	CG	CGC
chr1	172446	+	20	6	CG	CGC
chr1	172466	+	16	11	CG	CGC
chr1	172481	+	25	7	CG	CGC
chr1	172503	+	20	8	CG	CGC
chr1	172540	+	17	5	CG	CGC
chr1	172573	+	14	8	CG	CGC
chr1	172673	+	28	3	CG	CGC
chr1	172723	+	18	7	CG	CGC
chr1	172823	+	25	9	CG	CGC
chr1	172923	+	29	4	CG	CGC
chr1	172975	+	23	9	CG	CGC
chr1	173025	+	21	10	CG	CGC
chr1	173125	+	24	14	CG	CGC
chr1	173195	+	17	10	CG	CGC
chr1	173267	+	23	9	CG	CGC
chr1	173289	+	33	5	CG	CGC
chr1	173299	+	18	7	CG	CGC
chr1	173357	+	23	6	CG	CGC
chr1	173491	+	21	18	CG	CGC
chr1	173529	+	22	12	CG	CGC
chr1	173569	+	17	14	CG	CGC
chr1	173599	+	25	8	CG	CGC
chr1	173630	+	8	20	CG	CGC
chr1	173646	+	6	23	CG	CGC
chr1	173666	+	3	26	CG	CGC
chr1	173704	+	0	20	CG	CGC
chr1	173735	+	6	29	CG	CGC
chr1	173767	+	2	24	CG	CGC
chr1	173789	+	5	22	CG	CGC
chr1	173818	+	2	26	CG	CGC
chr1	173857	+	7	21	CG	CGC
chr1	173875	+	7	24	CG	CGC
chr1	173907	+	7	25	CG	CGC
chr1	173922	+	3	27	CG	CGC
chr1	173972	+	3	23	CG	CGC
chr1	174002	+	1	39	CG	CGC
chr1	174052	+	8	20	CG	CGC
chr1	174066	+	6	17	CG	CGC
chr1	174166	+	9	21	CG	CGC
chr1	174255	+	6	20	CG	CGC
chr1	174332	+	2	20	CG	CGC
chr1	174432	+	3	22	CG	CGC
chr1	174496	+	11	30	CG	CGC
chr1	174498	+	8	23	CG	CGC
chr1	174503	+	28	7	CG	CGC
chr1	174537	+	26	6	CG	CGC
chr1	174579	+	13	11	CG	CGC
chr1	174595	+	29	6	CG	CGC
chr1	174628	+	17	7	CG	CGC
chr1	174678	+	17	9	CG	CGC
chr1	174696	+	34	11	CG	CGC
chr1	174714	+	29	5	CG	CGC
chr1	174748	+	14	12	CG	CGC
chr1	174763	+	22	13	CG	CGC
chr1	174796	+	21	14	CG	CGC
chr1	174824	+	21	6	CG	CGC
chr1	174874	+	24	7	CG	CGC
chr1	174919	+	20	10	CG	CGC
chr1	174957	+	28	11	CG	CGC
chr1	174995	+	26	13	CG	CGC
chr1	175011	+	22	11	CG	CGC
chr1	175014	+	22	10	CG	CGC
chr1	175114	+	31	9	CG	CGC
chr1	175191	+	25	12	CG	CGC
chr1	175241	+	20	9	CG	CGC
chr1	175331	+	24	7	CG	CGC
chr1	175431	+	24	14	CG	CGC
chr1	175517	+	22	8	CG	CGC
chr1	175519	+	15	11	CG	CGC
chr1	175609	+	22	7	CG	CGC
chr1	175703	+	12	5	CG	CGC
chr1	175721	+	22	5	CG	CGC
chr1	175727	+	26	8	CG	CGC
chr1	175871	+	15	4	CG	CGC
chr1	175921	+	18	5	CG	CGC
chr1	175933	+	22	10	CG	CGC
chr1	175964	+	24	7	CG	CGC
chr1	175979	+	28	10	CG	CGC
chr1	176000	+	14	14	CG	CGC
chr1	176029	+	14	9	CG	CGC
chr1	176052	+	20	17	CG	CGC
chr1	176102	+	11	8	CG	CGC
chr1	176152	+	22	18	CG	CGC
chr1	176177	+	15	13	CG	CGC
chr1	176209	+	21	9	CG	CGC
chr1	176224	+	18	7	CG	CGC
chr1	176253	+	11	7	CG	CGC
chr1	176303	+	15	8	CG	CGC
chr1	176325	+	11	7	CG	CGC
chr1	176351	+	18	11	CG	CGC
chr1	176366	+	28	10	CG	CGC
chr1	176389	+	23	10	CG	CGC
chr1	176404	+	25	13	CG	CGC
chr1	176419	+	21	7	CG	CGC
chr1	176469	+	19	13	CG	CGC
chr1	176478	+	25	8	CG	CGC
chr1	176578	+	18	8	CG	CGC
chr1	176654	+	26	6	CG	CGC
chr1	176723	+	20	8	CG	CGC
chr1	176823	+	12	11	CG	CGC
chr1	176923	+	14	10	CG	CGC
chr1	176977	+	11	9	CG	CGC
chr1	177003	+	18	13	CG	CGC
chr1	177067	+	18	14	CG	CGC
chr1	177091	+	4	33	CG	CGC
chr1	177126	+	3	25	CG	CGC
chr1	177147	+	0	20	CG	CGC
chr1	177197	+	4	14	CG	CGC
chr1	177216	+	1	27	CG	CGC
chr1	177250	+	0	29	CG	CGC
chr1	177268	+	2	18	CG	CGC
chr1	177286	+	0	28	CG	CGC
chr1	177301	+	2	28	CG	CGC
chr1	177336	+	7	26	CG	CGC
chr1	177357	+	0	31	CG	CGC
chr1	177379	+	3	31	CG	CGC
chr1	177416	+	2	25	CG	CGC
chr1	177466	+	0	26	CG	CGC
chr1	177496	+	5	38	CG	CGC
chr1	177523	+	0	34	CG	CGC
chr1	177551	+	0	21	CG	CGC
chr1	177584	+	0	37	CG	CGC
chr1	177618	+	0	31	CG	CGC
chr1	177632	+	2	23	CG	CGC
chr1	177690	+	0	24	CG	CGC
chr1	177740	+	0	32	CG	CGC
chr1	177806	+	2	33	CG	CGC
chr1	177884	+	3	31	CG	CGC
chr1	177934	+	3	19	CG	CGC
chr1	178034	+	1	28	CG	CGC
chr1	178134	+	0	17	CG	CGC
chr1	178222	+	2	21	CG	CGC
chr1	178266	+	3	20	CG	CGC
chr1	178290	+	5	29	CG	CGC
chr1	178305	+	3	27	CG	CGC
chr1	178328	+	2	25	CG	CGC
chr1	178361	+	0	26	CG	CGC
chr1	178403	+	3	31	CG	CGC
chr1	178423	+	1	32	CG	CGC
chr1	178455	+	6	26	CG	CGC
chr1	178479	+	2	24	CG	CGC
chr1	178517	+	0	33	CG	CGC
chr1	178543	+	3	20	CG	CGC
chr1	178581	+	2	26	CG	CGC
chr1	178609	+	2	24	CG	CGC
chr1	178658	+	1	28	CG	CGC
chr1	178706	+	5	30	CG	CGC
chr1	178756	+	2	28	CG	CGC
chr1	178855	+	4	29	CG	CGC
chr1	178926	+	2	30	CG	CGC
chr1	179026	+	1	24	CG	CGC
chr1	179076	+	3	29	CG	CGC
chr1	179082	+	3	27	CG	CGC
chr1	179092	+	2	20	CG	CGC
chr1	179140	+	25	4	CG	CGC
chr1	179167	+	25	4	CG	CGC
chr1	179197	+	15	10	CG	CGC
chr1	179225	+	30	4	CG	CGC
chr1	179275	+	22	5	CG	CGC
chr1	179300	+	24	5	CG	CGC
chr1	179328	+	28	5	CG	CGC
chr1	179378	+	23	2	CG	CGC
chr1	179402	+	26	6	CG	CGC
chr1	179426	+	9	6	CG	CGC
chr1	179471	+	20	5	CG	CGC
chr1	179511	+	20	11	CG	CGC
chr1	179526	+	26	5	CG	CGC
chr1	179541	+	25	5	CG	CGC
chr1	179579	+	24	10	CG	CGC
chr1	179597	+	28	9	CG	CGC
chr1	179633	+	22	6	CG	CGC
chr1	179654	+	30	2	CG	CGC
chr1	179672	+	24	2	CG	CGC
chr1	179772	+	28	4	CG	CGC
chr1	179822	+	19	5	CG	CGC
chr1	179922	+	28	7	CG	CGC
chr1	180022	+	21	2	CG	CGC
chr1	180122	+	28	3	CG	CGC
chr1	180195	+	29	2	CG	CGC
chr1	180223	+	26	5	CG	CGC
chr1	180229	+	17	5	CG	CGC
chr1	180279	+	30	3	CG	CGC
chr1	180303	+	28	11	CG	CGC
chr1	180323	+	21	4	CG	CGC
chr1	180343	+	21	12	CG	CGC
chr1	180389	+	24	7	CG	CGC
chr1	180435	+	17	3	CG	CGC
chr1	180469	+	26	1	CG	CGC
chr1	180491	+	27	4	CG	CGC
chr1	180508	+	23	8	CG	CGC
chr1	180526	+	23	11	CG	CGC
chr1	180555	+	41	3	CG	CGC
chr1	180599	+	18	13	CG	CGC
chr1	180614	+	21	7	CG	CGC
chr1	180644	+	20	4	CG	CGC
chr1	180670	+	13	8	CG	CGC
chr1	180686	+	22	7	CG	CGC
chr1	180688	+	23	8	CG	CGC
chr1	180767	+	28	6	CG	CGC
chr1	180867	+	25	5	CG	CGC
chr1	180917	+	28	3	CG	CGC
chr1	181017	+	19	10	CG	CGC
chr1	181096	+	24	2	CG	CGC
chr1	181240	+	30	3	CG	CGC
chr1	181370	+	20	3	CG	CGC
chr1	181384	+	16	9	CG	CGC
chr1	181502	+	30	4	CG	CGC
chr1	181552	+	17	7	CG	CGC
chr1	181562	+	22	13	CG	CGC
chr1	181567	+	22	7	CG	CGC
chr1	181582	+	19	4	CG	CGC
chr1	181599	+	17	2	CG	CGC
chr1	181636	+	34	1	CG	CGC
chr1	181686	+	29	0	CG	CGC
chr1	181736	+	26	4	CG	CGC
chr1	181756	+	28	0	CG	CGC
chr1	181795	+	31	0	CG	CGC
chr1	181821	+	27	2	CG	CGC
chr1	181845	+	26	2	CG	CGC
chr1	181883	+	20	5	CG	CGC
chr1	181919	+	28	7	CG	CGC
chr1	181934	+	28	2	CG	CGC
chr1	181960	+	24	3	CG	CGC
chr1	181991	+	21	2	CG	CGC
chr1	182025	+	30	0	CG	CGC
chr1	182075	+	24	2	CG	CGC
chr1	182106	+	29	1	CG	CGC
chr1	182114	+	32	5	CG	CGC
chr1	182203	+	28	4	CG	CGC
chr1	182293	+	28	3	CG	CGC
chr1	182393	+	36	4	CG	CGC
chr1	182493	+	23	1	CG	CGC
chr1	182593	+	23	3	CG	CGC
chr1	182607	+	31	3	CG	CGC
chr1	182759	+	25	1	CG	CGC
chr1	182819	+	24	1	CG	CGC
chr1	182885	+	28	4	CG	CGC
chr1	183073	+	26	6	CG	CGC
chr1	183082	+	25	9	CG	CGC
chr1	183125	+	30	8	CG	CGC
chr1	183140	+	31	4	CG	CGC
chr1	183183	+	18	4	CG	CGC
chr1	183229	+	26	5	CG	CGC
chr1	183273	+	30	5	CG	CGC
chr1	183291	+	22	8	CG	CGC
chr1	183316	+	25	3	CG	CGC
chr1	183351	+	25	4	CG	CGC
chr1	183380	+	26	6	CG	CGC
chr1	183403	+	21	8	CG	CGC
chr1	183428	+	21	7	CG	CGC
chr1	183455	+	19	7	CG	CGC
chr1	183505	+	18	5	CG	CGC
chr1	183526	+	30	6	CG	CGC
chr1	183548	+	23	3	CG	CGC
chr1	183598	+	30	4	CG	CGC
chr1	183625	+	18	2	CG	CGC
chr1	183635	+	14	2	CG	CGC
chr1	183735	+	29	3	CG	CGC
chr1	183788	+	22	5	CG	CGC
chr1	183888	+	18	5	CG	CGC
chr1	183988	+	27	3	CG	CGC
chr1	184052	+	18	9	CG	CGC
chr1	184152	+	21	5	CG	CGC
chr1	184168	+	19	4	CG	CGC
chr1	184228	+	27	3	CG	CGC
chr1	184248	+	29	4	CG	CGC
chr1	184258	+	41	4	CG	CGC
chr1	184266	+	21	13	CG	CGC
chr1	184306	+	28	11	CG	CGC
chr1	184350	+	21	7	CG	CGC
chr1	184358	+	24	4	CG	CGC
chr1	184446	+	28	10	CG	CGC
chr1	184488	+	32	3	CG	CGC
chr1	184510	+	35	1	CG	CGC
chr1	184526	+	29	1	CG	CGC
chr1	184568	+	18	4	CG	CGC
chr1	184618	+	19	3	CG	CGC
chr1	184645	+	34	2	CG	CGC
chr1	184685	+	23	4	CG	CGC
chr1	184711	+	28	2	CG	CGC
chr1	184746	+	26	2	CG	CGC
chr1	184796	+	28	4	CG	CGC
chr1	184826	+	32	1	CG	CGC
chr1	184854	+	28	1	CG	CGC
chr1	184884	+	26	3	CG	CGC
chr1	184916	+	26	1	CG	CGC
chr1	184955	+	25	2	CG	CGC
chr1	184998	+	16	3	CG	CGC
chr1	185019	+	26	7	CG	CGC
chr1	185047	+	21	6	CG	CGC
chr1	185056	+	19	7	CG	CGC
chr1	185149	+	15	9	CG	CGC
chr1	185206	+	25	1	CG	CGC
chr1	185306	+	23	4	CG	CGC
chr1	185406	+	39	3	CG	CGC
chr1	185506	+	28	3	CG	CGC
chr1	185573	+	23	8	CG	CGC
chr1	185585	+	29	4	CG	CGC
chr1	185587	+	25	5	CG	CGC
chr1	185623	+	15	8	CG	CGC
chr1	185651	+	17	13	CG	CGC
chr1	185675	+	22	9	CG	CGC
chr1	185693	+	20	17	CG	CGC
chr1	185733	+	16	12	CG	CGC
chr1	185769	+	13	14	CG	CGC
chr1	185800	+	22	8	CG	CGC
chr1	185831	+	20	8	CG	CGC
chr1	185846	+	15	13	CG	CGC
chr1	185896	+	17	10	CG	CGC
chr1	185922	+	18	10	CG	CGC
chr1	185952	+	31	10	CG	CGC
chr1	186002	+	19	13	CG	CGC
chr1	186021	+	20	9	CG	CGC
chr1	186048	+	10	9	CG	CGC
chr1	186078	+	12	11	CG	CGC
chr1	186125	+	16	9	CG	CGC
chr1	186152	+	21	6	CG	CGC
chr1	186175	+	21	12	CG	CGC
chr1	186225	+	25	14	CG	CGC
chr1	186315	+	24	12	CG	CGC
chr1	186411	+	14	7	CG	CGC
chr1	186511	+	27	10	CG	CGC
chr1	186607	+	19	13	CG	CGC
chr1	186707	+	20	15	CG	CGC
chr1	186725	+	18	13	CG	CGC
chr1	186771	+	20	11	CG	CGC
chr1	186793	+	24	6	CG	CGC
chr1	186843	+	28	3	CG	CGC
chr1	186885	+	21	5	CG	CGC
chr1	186909	+	31	4	CG	CGC
chr1	186959	+	28	4	CG	CGC
chr1	186980	+	27	3	CG	CGC
chr1	187011	+	25	9	CG	CGC
chr1	187029	+	14	5	CG	CGC
chr1	187056	+	19	5	CG	CGC
chr1	187085	+	19	8	CG	CGC
chr1	187111	+	10	5	CG	CGC
chr1	187127	+	17	5	CG	CGC
chr1	187151	+	19	8	CG	CGC
chr1	187171	+	28	6	CG	CGC
chr1	187200	+	26	8	CG	CGC
chr1	187230	+	23	4	CG	CGC
chr1	187237	+	25	4	CG	CGC
chr1	187293	+	33	5	CG	CGC
chr1	187393	+	25	6	CG	CGC
chr1	187493	+	23	2	CG	CGC
chr1	187593	+	26	6	CG	CGC
chr1	187660	+	20	6	CG	CGC
chr1	187672	+	24	6	CG	CGC
chr1	187693	+	28	14	CG	CGC
chr1	187709	+	21	11	CG	CGC
chr1	187729	+	13	10	CG	CGC
chr1	187752	+	26	7	CG	CGC
chr1	187797	+	16	12	CG	CGC
chr1	187815	+	19	7	CG	CGC
chr1	187865	+	20	10	CG	CGC
chr1	187915	+	27	8	CG	CGC
chr1	187947	+	28	14	CG	CGC
chr1	187970	+	15	14	CG	CGC
chr1	187989	+	13	9	CG	CGC
chr1	188016	+	13	10	CG	CGC
chr1	188038	+	20	6	CG	CGC
chr1	188077	+	21	11	CG	CGC
chr1	188127	+	12	9	CG	CGC
chr1	188147	+	16	5	CG	CGC
chr1	188162	+	19	7	CG	CGC
chr1	188203	+	19	8	CG	CGC
chr1	188219	+	21	12	CG	CGC
chr1	188235	+	17	13	CG	CGC
chr1	188298	+	16	11	CG	CGC
chr1	188354	+	16	12	CG	CGC
chr1	188454	+	21	10	CG	CGC
chr1	188524	+	17	6	CG	CGC
chr1	188624	+	16	11	CG	CGC
chr1	188710	+	22	8	CG	CGC
chr1	188726	+	22	9	CG	CGC
chr1	188800	+	21	15	CG	CGC
chr1	188823	+	20	1	CG	CGC
chr1	188855	+	32	4	CG	CGC
chr1	188877	+	32	6	CG	CGC
chr1	188912	+	29	2	CG	CGC
chr1	188942	+	28	0	CG	CGC
chr1	188992	+	36	4	CG	CGC
chr1	189020	+	37	0	CG	CGC
chr1	189062	+	31	0	CG	CGC
chr1	189081	+	33	4	CG	CGC
chr1	189112	+	30	3	CG	CGC
chr1	189148	+	38	1	CG	CGC
chr1	189167	+	27	3	CG	CGC
chr1	189201	+	28	4	CG	CGC
chr1	189218	+	15	1	CG	CGC
chr1	189233	+	28	1	CG	CGC
chr1	189266	+	31	6	CG	CGC
chr1	189315	+	24	4	CG	CGC
chr1	189318	+	29	3	CG	CGC
chr1	189418	+	29	1	CG	CGC
chr1	189518	+	43	0	CG	CGC
chr1	189568	+	22	1	CG	CGC
chr1	189661	+	30	0	CG	CGC
chr1	189711	+	26	2	CG	CGC
chr1	189811	+	25	5	CG	CGC
chr1	189829	+	24	6	CG	CGC
chr1	189847	+	23	5	CG	CGC
chr1	189867	+	5	26	CG	CGC
chr1	189917	+	0	29	CG	CGC
chr1	189932	+	3	25	CG	CGC
chr1	189982	+	1	25	CG	CGC
chr1	190007	+	4	29	CG	CGC
chr1	190057	+	0	23	CG	CGC
chr1	190082	+	0	30	CG	CGC
chr1	190104	+	0	30	CG	CGC
chr1	190128	+	0	24	CG	CGC
chr1	190159	+	4	24	CG	CGC
chr1	190174	+	3	27	CG	CGC
chr1	190222	+	1	30	CG	CGC
chr1	190256	+	1	41	CG	CGC
chr1	190271	+	0	28	CG	CGC
chr1	190286	+	5	24	CG	CGC
chr1	190312	+	1	25	CG	CGC
chr1	190331	+	2	32	CG	CGC
chr1	190346	+	4	26	CG	CGC
chr1	190350	+	8	26	CG	CGC
chr1	190450	+	0	22	CG	CGC
chr1	190500	+	0	25	CG	CGC
chr1	190600	+	6	20	CG	CGC
chr1	190691	+	1	35	CG	CGC
chr1	190769	+	1	38	CG	CGC
chr1	190841	+	4	29	CG	CGC
chr1	190853	+	16	12	CG	CGC
chr1	190872	+	15	10	CG	CGC
chr1	190917	+	21	10	CG	CGC
chr1	190947	+	20	9	CG	CGC
chr1	190983	+	23	11	CG	CGC
chr1	191005	+	27	7	CG	CGC
chr1	191046	+	17	9	CG	CGC
chr1	191096	+	28	10	CG	CGC
chr1	191128	+	26	4	CG	CGC
chr1	191145	+	19	9	CG	CGC
chr1	191189	+	24	5	CG	CGC
chr1	191215	+	18	9	CG	CGC
chr1	191260	+	23	16	CG	CGC
chr1	191275	+	21	7	CG	CGC
chr1	191300	+	22	5	CG	CGC
chr1	191316	+	28	7	CG	CGC
chr1	191336	+	19	6	CG	CGC
chr1	191356	+	15	4	CG	CGC
chr1	191406	+	25	8	CG	CGC
chr1	191425	+	18	5	CG	CGC
chr1	191525	+	21	5	CG	CGC
chr1	191625	+	24	6	CG	CGC
chr1	191725	+	22	13	CG	CGC
chr1	191825	+	14	8	CG	CGC
chr1	191925	+	22	13	CG	CGC
chr1	191949	+	21	12	CG	CGC
chr1	191957	+	24	4	CG	CGC
chr1	191976	+	11	4	CG	CGC
chr1	191997	+	24	6	CG	CGC
chr1	192012	+	32	3	CG	CGC
chr1	192029	+	22	3	CG	CGC
chr1	192065	+	25	3	CG	CGC
chr1	192080	+	28	2	CG	CGC
chr1	192114	+	26	2	CG	CGC
chr1	192146	+	27	4	CG	CGC
chr1	192161	+	27	2	CG	CGC
chr1	192203	+	34	4	CG	CGC
chr1	192222	+	34	5	CG	CGC
chr1	192260	+	31	8	CG	CGC
chr1	192310	+	32	8	CG	CGC
chr1	192349	+	23	8	CG	CGC
chr1	192398	+	21	9	CG	CGC
chr1	192446	+	23	6	CG	CGC
chr1	192469	+	24	7	CG	CGC
chr1	192544	+	21	5	CG	CGC
chr1	192594	+	21	4	CG	CGC
chr1	192674	+	30	6	CG	CGC
chr1	192760	+	19	5	CG	CGC
chr1	192860	+	16	5	CG	CGC
chr1	192958	+	24	0	CG	CGC
chr1	193062	+	21	6	CG	CGC
chr1	193088	+	28	3	CG	CGC
chr1	193090	+	25	7	CG	CGC
chr1	193098	+	34	3	CG	CGC
chr1	193266	+	24	3	CG	CGC
chr1	193284	+	26	6	CG	CGC
chr1	193300	+	15	7	CG	CGC
chr1	193402	+	36	3	CG	CGC
chr1	193421	+	19	10	CG	CGC
chr1	193454	+	19	7	CG	CGC
chr1	193474	+	26	9	CG	CGC
chr1	193492	+	12	15	CG	CGC
chr1	193510	+	23	13	CG	CGC
chr1	193525	+	21	11	CG	CGC
chr1	193543	+	28	10	CG	CGC
chr1	193567	+	21	10	CG	CGC
chr1	193593	+	26	9	CG	CGC
chr1	193635	+	19	12	CG	CGC
chr1	193650	+	29	9	CG	CGC
chr1	193666	+	25	10	CG	CGC
chr1	193687	+	20	10	CG	CGC
chr1	193724	+	19	10	CG	CGC
chr1	193744	+	19	5	CG	CGC
chr1	193763	+	17	9	CG	CGC
chr1	193791	+	21	11	CG	CGC
chr1	193841	+	12	10	CG	CGC
chr1	193872	+	23	8	CG	CGC
chr1	193890	+	30	8	CG	CGC
chr1	193907	+	26	6	CG	CGC
chr1	193957	+	26	6	CG	CGC
chr1	194057	+	17	7	CG	CGC
chr1	194157	+	27	8	CG	CGC
chr1	194257	+	24	5	CG	CGC
chr1	194357	+	20	9	CG	CGC
chr1	194405	+	34	2	CG	CGC
chr1	194443	+	15	8	CG	CGC
chr1	194453	+	30	3	CG	CGC
chr1	194494	+	22	2	CG	CGC
chr1	194522	+	19	7	CG	CGC
chr1	194549	+	25	4	CG	CGC
chr1	194593	+	27	6	CG	CGC
chr1	194643	+	34	5	CG	CGC
chr1	194684	+	31	3	CG	CGC
chr1	194716	+	29	3	CG	CGC
chr1	194731	+	21	7	CG	CGC
chr1	194761	+	26	3	CG	CGC
chr1	194780	+	23	3	CG	CGC
chr1	194815	+	36	0	CG	CGC
chr1	194839	+	24	8	CG	CGC
chr1	194889	+	18	8	CG	CGC
chr1	194939	+	35	1	CG	CGC
chr1	194980	+	21	1	CG	CGC
chr1	194991	+	32	4	CG	CGC
chr1	195052	+	28	10	CG	CGC
chr1	195152	+	24	7	CG	CGC
chr1	195244	+	32	1	CG	CGC
chr1	195344	+	20	6	CG	CGC
chr1	195394	+	19	7	CG	CGC
chr1	195444	+	34	6	CG	CGC
chr1	195528	+	24	4	CG	CGC
chr1	195554	+	21	5	CG	CGC
chr1	195562	+	14	4	CG	CGC
chr1	195606	+	22	3	CG	CGC
chr1	195714	+	26	9	CG	CGC
chr1	195716	+	25	5	CG	CGC
chr1	195790	+	30	4	CG	CGC
chr1	195852	+	31	4	CG	CGC
chr1	195906	+	34	3	CG	CGC
chr1	195924	+	28	2	CG	CGC
chr1	195952	+	30	8	CG	CGC
chr1	195965	+	28	0	CG	CGC
chr1	195980	+	26	1	CG	CGC
chr1	196001	+	27	2	CG	CGC
chr1	196051	+	31	3	CG	CGC
chr1	196066	+	30	1	CG	CGC
chr1	196091	+	32	0	CG	CGC
chr1	196110	+	27	3	CG	CGC
chr1	196147	+	24	5	CG	CGC
chr1	196169	+	26	1	CG	CGC
chr1	196202	+	28	2	CG	CGC
chr1	196252	+	27	5	CG	CGC
chr1	196281	+	28	3	CG	CGC
chr1	196302	+	29	2	CG	CGC
chr1	196352	+	24	2	CG	CGC
chr1	196377	+	26	5	CG	CGC
chr1	196417	+	33	4	CG	CGC
chr1	196436	+	25	6	CG	CGC
chr1	196536	+	30	5	CG	CGC
chr1	196636	+	24	3	CG	CGC
chr1	196736	+	26	1	CG	CGC
chr1	196816	+	33	4	CG	CGC
chr1	196910	+	28	6	CG	CGC
chr1	196949	+	28	4	CG	CGC
chr1	196967	+	24	8	CG	CGC
chr1	196988	+	23	8	CG	CGC
chr1	197025	+	19	4	CG	CGC
chr1	197065	+	24	3	CG	CGC
chr1	197083	+	24	7	CG	CGC
chr1	197133	+	17	8	CG	CGC
chr1	197166	+	14	10	CG	CGC
chr1	197205	+	11	6	CG	CGC
chr1	197241	+	22	8	CG	CGC
chr1	197256	+	22	9	CG	CGC
chr1	197306	+	27	8	CG	CGC
chr1	197356	+	19	11	CG	CGC
chr1	197382	+	18	11	CG	CGC
chr1	197432	+	24	5	CG	CGC
chr1	197465	+	21	6	CG	CGC
chr1	197471	+	22	8	CG	CGC
chr1	197560	+	21	7	CG	CGC
chr1	197651	+	25	5	CG	CGC
chr1	197751	+	27	8	CG	CGC
chr1	197851	+	26	7	CG	CGC
chr1	197951	+	23	7	CG	CGC
chr1	197961	+	28	11	CG	CGC
chr1	197999	+	14	7	CG	CGC
chr1	198014	+	24	7	CG	CGC
chr1	198033	+	22	6	CG	CGC
chr1	198072	+	25	10	CG	CGC
chr1	198122	+	14	3	CG	CGC
chr1	198157	+	29	8	CG	CGC
chr1	198183	+	22	4	CG	CGC
chr1	198233	+	22	9	CG	CGC
chr1	198256	+	22	5	CG	CGC
chr1	198276	+	25	4	CG	CGC
chr1	198321	+	18	7	CG	CGC
chr1	198371	+	24	9	CG	CGC
chr1	198386	+	19	7	CG	CGC
chr1	198436	+	21	6	CG	CGC
chr1	198483	+	23	3	CG	CGC
chr1	198528	+	27	4	CG	CGC
chr1	198574	+	15	6	CG	CGC
chr1	198605	+	24	2	CG	CGC
chr1	198705	+	23	9	CG	CGC
chr1	198791	+	32	4	CG	CGC
chr1	198841	+	19	9	CG	CGC
chr1	198899	+	27	4	CG	CGC
chr1	198999	+	29	5	CG	CGC
chr1	199099	+	23	8	CG	CGC
chr1	199162	+	19	8	CG	CGC
chr1	199186	+	21	8	CG	CGC
chr1	199196	+	6	24	CG	CGC
chr1	199246	+	5	20	CG	CGC
chr1	199274	+	5	22	CG	CGC
chr1	199291	+	5	25	CG	CGC
chr1	199338	+	7	25	CG	CGC
chr1	199353	+	5	30	CG	CGC
chr1	199377	+	8	17	CG	CGC
chr1	199421	+	2	25	CG	CGC
chr1	199477	+	0	31	CG	CGC
chr1	199503	+	2	16	CG	CGC
chr1	199540	+	4	28	CG	CGC
chr1	199566	+	3	24	CG	CGC
chr1	199581	+	3	19	CG	CGC
chr1	199631	+	7	26	CG	CGC
chr1	199652	+	1	28	CG	CGC
chr1	199683	+	9	30	CG	CGC
chr1	199733	+	1	29	CG	CGC
chr1	199775	+	1	23	CG	CGC
chr1	199825	+	5	21	CG	CGC
chr1	199925	+	4	25	CG	CGC
chr1	199975	+	6	16	CG	CGC
chr1	200075	+	1	25	CG	CGC
chr1	200175	+	5	25	CG	CGC
chr1	200275	+	8	22	CG	CGC
chr1	200321	+	3	21	CG	CGC
chr1	200467	+	5	19	CG	CGC
chr1	200703	+	2	23	CG	CGC
chr1	200711	+	3	25	CG	CGC
chr1	200721	+	1	35	CG	CGC
chr1	200747	+	1	24	CG	CGC
chr1	200756	+	16	9	CG	CGC
chr1	200771	+	19	10	CG	CGC
chr1	200787	+	28	10	CG	CGC
chr1	200837	+	23	9	CG	CGC
chr1	200871	+	24	4	CG	CGC
chr1	200921	+	27	10	CG	CGC
chr1	200971	+	27	7	CG	CGC
chr1	200994	+	27	4	CG	CGC
chr1	201011	+	30	5	CG	CGC
chr1	201061	+	18	4	CG	CGC
chr1	201092	+	17	11	CG	CGC
chr1	201127	+	21	4	CG	CGC
chr1	201156	+	15	10	CG	CGC
chr1	201204	+	25	9	CG	CGC
chr1	201247	+	27	7	CG	CGC
chr1	201268	+	18	14	CG	CGC
chr1	201279	+	16	13	CG	CGC
chr1	201329	+	19	15	CG	CGC
chr1	201429	+	28	10	CG	CGC
chr1	201529	+	26	6	CG	CGC
chr1	201629	+	19	9	CG	CGC
chr1	201721	+	20	6	CG	CGC
chr1	201798	+	27	7	CG	CGC
chr1	201842	+	28	3	CG	CGC
chr1	201874	+	17	14	CG	CGC
chr1	201878	+	15	8	CG	CGC
chr1	201898	+	26	4	CG	CGC
chr1	201940	+	28	7	CG	CGC
chr1	202078	+	22	6	CG	CGC
chr1	202138	+	27	4	CG	CGC
chr1	202232	+	23	9	CG	CGC
chr1	202276	+	23	10	CG	CGC
chr1	202294	+	18	6	CG	CGC
chr1	202332	+	20	5	CG	CGC
chr1	202370	+	25	8	CG	CGC
chr1	202390	+	25	5	CG	CGC
chr1	202410	+	26	6	CG	CGC
chr1	202443	+	23	8	CG	CGC
chr1	202458	+	22	7	CG	CGC
chr1	202495	+	30	4	CG	CGC
chr1	202516	+	25	5	CG	CGC
chr1	202560	+	22	8	CG	CGC
chr1	202581	+	22	6	CG	CGC
chr1	202631	+	27	2	CG	CGC
chr1	202681	+	22	3	CG	CGC
chr1	202706	+	15	7	CG	CGC
chr1	202733	+	16	8	CG	CGC
chr1	202756	+	22	4	CG	CGC
chr1	202795	+	15	6	CG	CGC
chr1	202845	+	22	9	CG	CGC
chr1	202850	+	26	2	CG	CGC
chr1	202900	+	28	6	CG	CGC
chr1	203000	+	22	9	CG	CGC
chr1	203100	+	18	5	CG	CGC
chr1	203190	+	19	2	CG	CGC
chr1	203290	+	22	12	CG	CGC
chr1	203308	+	20	11	CG	CGC
chr1	203384	+	27	11	CG	CGC
chr1	203428	+	19	5	CG	CGC
chr1	203478	+	24	6	CG	CGC
chr1	203495	+	27	5	CG	CGC
chr1	203545	+	24	4	CG	CGC
chr1	203576	+	28	3	CG	CGC
chr1	203594	+	20	5	CG	CGC
chr1	203644	+	31	3	CG	CGC
chr1	203676	+	28	4	CG	CGC
chr1	203713	+	32	3	CG	CGC
chr1	203738	+	27	3	CG	CGC
chr1	203780	+	24	4	CG	CGC
chr1	203826	+	25	1	CG	CGC
chr1	203849	+	29	0	CG	CGC
chr1	203867	+	27	3	CG	CGC
chr1	203907	+	19	6	CG	CGC
chr1	203924	+	26	7	CG	CGC
chr1	203940	+	18	4	CG	CGC
chr1	204040	+	19	1	CG	CGC
chr1	204140	+	42	3	CG	CGC
chr1	204190	+	33	4	CG	CGC
chr1	204290	+	25	3	CG	CGC
chr1	204373	+	32	0	CG	CGC
chr1	204423	+	16	3	CG	CGC
chr1	204455	+	19	3	CG	CGC
chr1	204468	+	19	4	CG	CGC
chr1	204513	+	17	10	CG	CGC
chr1	204539	+	23	6	CG	CGC
chr1	204562	+	21	6	CG	CGC
chr1	204584	+	20	5	CG	CGC
chr1	204608	+	29	6	CG	CGC
chr1	204658	+	32	9	CG	CGC
chr1	204676	+	20	8	CG	CGC
chr1	204726	+	16	9	CG	CGC
chr1	204750	+	16	9	CG	CGC
chr1	204791	+	16	10	CG	CGC
chr1	204833	+	27	7	CG	CGC
chr1	204883	+	25	9	CG	CGC
chr1	204901	+	15	14	CG	CGC
chr1	204979	+	22	7	CG	CGC
chr1	205050	+	19	5	CG	CGC
chr1	205100	+	24	9	CG	CGC
chr1	205150	+	14	7	CG	CGC
chr1	205200	+	15	9	CG	CGC
chr1	205300	+	25	7	CG	CGC
chr1	205324	+	25	12	CG	CGC
chr1	205333	+	24	3	CG	CGC
chr1	205383	+	24	8	CG	CGC
chr1	205418	+	21	8	CG	CGC
chr1	205468	+	32	5	CG	CGC
chr1	205492	+	21	7	CG	CGC
chr1	205529	+	24	4	CG	CGC
chr1	205549	+	20	5	CG	CGC
chr1	205597	+	20	6	CG	CGC
chr1	205633	+	28	0	CG	CGC
chr1	205650	+	38	0	CG	CGC
chr1	205669	+	28	2	CG	CGC
chr1	205687	+	33	4	CG	CGC
chr1	205727	+	21	4	CG	CGC
chr1	205745	+	18	5	CG	CGC
chr1	205845	+	21	12	CG	CGC
chr1	205945	+	23	2	CG	CGC
chr1	206045	+	19	2	CG	CGC
chr1	206145	+	25	5	CG	CGC
chr1	206207	+	29	6	CG	CGC
chr1	206303	+	28	4	CG	CGC
chr1	206375	+	24	4	CG	CGC
chr1	206387	+	21	4	CG	CGC
chr1	206397	+	29	1	CG	CGC
chr1	206465	+	15	4	CG	CGC
chr1	206539	+	32	3	CG	CGC
chr1	206609	+	31	4	CG	CGC
chr1	206618	+	0	31	CG	CGC
chr1	206653	+	0	24	CG	CGC
chr1	206681	+	0	36	CG	CGC
chr1	206731	+	3	23	CG	CGC
chr1	206746	+	2	23	CG	CGC
chr1	206796	+	0	39	CG	CGC
chr1	206816	+	1	33	CG	CGC
chr1	206856	+	2	24	CG	CGC
chr1	206877	+	2	24	CG	CGC
chr1	206899	+	0	28	CG	CGC
chr1	206931	+	0	35	CG	CGC
chr1	206948	+	0	27	CG	CGC
chr1	206976	+	0	26	CG	CGC
chr1	207009	+	0	29	CG	CGC
chr1	207024	+	2	27	CG	CGC
chr1	207040	+	0	23	CG	CGC
chr1	207060	+	0	25	CG	CGC
chr1	207110	+	1	35	CG	CGC
chr1	207129	+	1	28	CG	CGC
chr1	207145	+	0	29	CG	CGC
chr1	207245	+	0	30	CG	CGC
chr1	207317	+	2	23	CG	CGC
chr1	207382	+	1	31	CG	CGC
chr1	207482	+	0	27	CG	CGC
chr1	207541	+	0	37	CG	CGC
chr1	207641	+	1	30	CG	CGC
chr1	207713	+	1	24	CG	CGC
chr1	207863	+	2	24	CG	CGC
chr1	207911	+	1	28	CG	CGC
chr1	208077	+	2	29	CG	CGC
chr1	208141	+	4	24	CG	CGC
chr1	208173	+	20	8	CG	CGC
chr1	208205	+	24	13	CG	CGC
chr1	208255	+	22	8	CG	CGC
chr1	208287	+	20	5	CG	CGC
chr1	208324	+	25	12	CG	CGC
chr1	208339	+	11	12	CG	CGC
chr1	208360	+	25	8	CG	CGC
chr1	208386	+	25	15	CG	CGC
chr1	208413	+	26	11	CG	CGC
chr1	208435	+	26	11	CG	CGC
chr1	208474	+	23	9	CG	CGC
chr1	208495	+	23	12	CG	CGC
chr1	208516	+	24	7	CG	CGC
chr1	208545	+	10	7	CG	CGC
chr1	208587	+	18	7	CG	CGC
chr1	208604	+	18	13	CG	CGC
chr1	208643	+	21	10	CG	CGC
chr1	208681	+	23	5	CG	CGC
chr1	208704	+	23	9	CG	CGC
chr1	208764	+	21	17	CG	CGC
chr1	208840	+	26	7	CG	CGC
chr1	208935	+	20	8	CG	CGC
chr1	209035	+	21	16	CG	CGC
chr1	209128	+	27	12	CG	CGC
chr1	209228	+	21	6	CG	CGC
chr1	209292	+	14	10	CG	CGC
chr1	209326	+	1	31	CG	CGC
chr1	209368	+	0	32	CG	CGC
chr1	209387	+	1	36	CG	CGC
chr1	209405	+	0	32	CG	CGC
chr1	209432	+	3	29	CG	CGC
chr1	209464	+	1	38	CG	CGC
chr1	209514	+	0	38	CG	CGC
chr1	209541	+	2	35	CG	CGC
chr1	209573	+	5	22	CG	CGC
chr1	209591	+	1	27	CG	CGC
chr1	209633	+	3	28	CG	CGC
chr1	209651	+	1	31	CG	CGC
chr1	209670	+	1	31	CG	CGC
chr1	209685	+	2	21	CG	CGC
chr1	209727	+	4	27	CG	CGC
chr1	209751	+	0	25	CG	CGC
chr1	209783	+	2	29	CG	CGC
chr1	209818	+	0	33	CG	CGC
chr1	209857	+	0	22	CG	CGC
chr1	209918	+	7	31	CG	CGC
chr1	210018	+	3	27	CG	CGC
chr1	210118	+	0	27	CG	CGC
chr1	210216	+	3	28	CG	CGC
chr1	210316	+	4	27	CG	CGC
chr1	210322	+	3	19	CG	CGC
chr1	210404	+	3	12	CG	CGC
chr1	210439	+	25	11	CG	CGC
chr1	210465	+	17	9	CG	CGC
chr1	210480	+	23	6	CG	CGC
chr1	210499	+	26	8	CG	CGC
chr1	210549	+	22	8	CG	CGC
chr1	210590	+	15	11	CG	CGC
chr1	210615	+	11	8	CG	CGC
chr1	210660	+	27	6	CG	CGC
chr1	210675	+	23	3	CG	CGC
chr1	210721	+	19	9	CG	CGC
chr1	210771	+	24	7	CG	CGC
chr1	210792	+	24	8	CG	CGC
chr1	210833	+	10	6	CG	CGC
chr1	210883	+	15	9	CG	CGC
chr1	210898	+	23	4	CG	CGC
chr1	210916	+	24	7	CG	CGC
chr1	210943	+	31	5	CG	CGC
chr1	210985	+	21	11	CG	CGC
chr1	211004	+	16	6	CG	CGC
chr1	211104	+	30	11	CG	CGC
chr1	211203	+	14	15	CG	CGC
chr1	211267	+	21	7	CG	CGC
chr1	211317	+	25	8	CG	CGC
chr1	211417	+	11	7	CG	CGC
chr1	211504	+	21	9	CG	CGC
chr1	211564	+	19	6	CG	CGC
chr1	211578	+	20	13	CG	CGC
chr1	211617	+	26	5	CG	CGC
chr1	211657	+	33	5	CG	CGC
chr1	211701	+	22	8	CG	CGC
chr1	211748	+	24	7	CG	CGC
chr1	211763	+	9	4	CG	CGC
chr1	211812	+	19	14	CG	CGC
chr1	211845	+	23	2	CG	CGC
chr1	211893	+	16	5	CG	CGC
chr1	211943	+	26	7	CG	CGC
chr1	211990	+	22	11	CG	CGC
chr1	212015	+	26	3	CG	CGC
chr1	212056	+	19	9	CG	CGC
chr1	212156	+	17	6	CG	CGC
chr1	212217	+	25	2	CG	CGC
chr1	212271	+	22	12	CG	CGC
chr1	212371	+	24	11	CG	CGC
chr1	212471	+	25	2	CG	CGC
chr1	212561	+	22	14	CG	CGC
chr1	212595	+	18	2	CG	CGC
chr1	212611	+	27	1	CG	CGC
chr1	212650	+	21	1	CG	CGC
chr1	212697	+	24	8	CG	CGC
chr1	212740	+	26	8	CG	CGC
chr1	212790	+	18	3	CG	CGC
chr1	212806	+	23	7	CG	CGC
chr1	212843	+	25	4	CG	CGC
chr1	212893	+	25	0	CG	CGC
chr1	212943	+	22	7	CG	CGC
chr1	212983	+	30	3	CG	CGC
chr1	213033	+	21	4	CG	CGC
chr1	213055	+	31	2	CG	CGC
chr1	213070	+	26	7	CG	CGC
chr1	213102	+	36	1	CG	CGC
chr1	213200	+	22	1	CG	CGC
chr1	213299	+	24	5	CG	CGC
chr1	213399	+	18	5	CG	CGC
chr1	213472	+	29	8	CG	CGC
chr1	213572	+	28	1	CG	CGC
chr1	213640	+	33	9	CG	CGC
chr1	213668	+	28	4	CG	CGC
chr1	213675	+	0	42	CG	CGC
chr1	213700	+	2	23	CG	CGC
chr1	213725	+	7	33	CG	CGC
chr1	213741	+	1	27	CG	CGC
chr1	213782	+	2	26	CG	CGC
chr1	213804	+	6	21	CG	CGC
chr1	213833	+	4	23	CG	CGC
chr1	213883	+	6	26	CG	CGC
chr1	213898	+	8	32	CG	CGC
chr1	213923	+	3	22	CG	CGC
chr1	213959	+	3	28	CG	CGC
chr1	213990	+	5	25	CG	CGC
chr1	214005	+	4	28	CG	CGC
chr1	214031	+	1	31	CG	CGC
chr1	214081	+	2	24	CG	CGC
chr1	214113	+	2	15	CG	CGC
chr1	214135	+	2	23	CG	CGC
chr1	214158	+	4	26	CG	CGC
chr1	214165	+	3	29	CG	CGC
chr1	214265	+	3	25	CG	CGC
chr1	214365	+	2	27	CG	CGC
chr1	214427	+	1	32	CG	CGC
chr1	214527	+	1	23	CG	CGC
chr1	214621	+	3	22	CG	CGC
chr1	214735	+	3	26	CG	CGC
chr1	214795	+	4	32	CG	CGC
chr1	214837	+	2	23	CG	CGC
chr1	214863	+	7	18	CG	CGC
chr1	214873	+	2	30	CG	CGC
chr1	214887	+	2	32	CG	CGC
chr1	215053	+	6	25	CG	CGC
chr1	215117	+	3	25	CG	CGC
chr1	215119	+	2	27	CG	CGC
