chr1	100005	+	17	11	CG	CGC
chr1	100046	+	16	20	CG	CGC
chr1	100096	+	14	8	CG	CGC
chr1	100123	+	13	11	CG	CGC
chr1	100150	+	16	13	CG	CGC
chr1	100200	+	20	14	CG	CGC
chr1	100244	+	18	17	CG	CGC
chr1	100268	+	16	8	CG	CGC
chr1	100307	+	14	12	CG	CGC
chr1	100331	+	20	10	CG	CGC
chr1	100355	+	16	10	CG	CGC
chr1	100389	+	14	12	CG	CGC
chr1	100404	+	19	10	CG	CGC
chr1	100419	+	23	19	CG	CGC
chr1	100442	+	17	19	CG	CGC
chr1	100460	+	10	9	CG	CGC
chr1	100495	+	15	9	CG	CGC
chr1	100514	+	14	17	CG	CGC
chr1	100529	+	17	12	CG	CGC
chr1	100629	+	21	13	CG	CGC
chr1	100716	+	15	13	CG	CGC
chr1	100816	+	21	11	CG	CGC
chr1	100866	+	16	13	CG	CGC
chr1	100938	+	13	13	CG	CGC
chr1	101038	+	20	10	CG	CGC
chr1	101074	+	29	3	CG	CGC
chr1	101182	+	26	2	CG	CGC
chr1	101194	+	30	4	CG	CGC
chr1	101250	+	24	7	CG	CGC
chr1	101344	+	34	4	CG	CGC
chr1	101380	+	19	7	CG	CGC
chr1	101386	+	9	21	CG	CGC
chr1	101425	+	12	23	CG	CGC
chr1	101464	+	14	15	CG	CGC
chr1	101481	+	14	22	CG	CGC
chr1	101529	+	13	17	CG	CGC
chr1	101544	+	11	13	CG	CGC
chr1	101594	+	9	17	CG	CGC
chr1	101610	+	9	21	CG	CGC
chr1	101637	+	10	19	CG	CGC
chr1	101687	+	7	23	CG	CGC
chr1	101719	+	8	17	CG	CGC
chr1	101764	+	7	16	CG	CGC
chr1	101805	+	15	22	CG	CGC
chr1	101808	+	15	13	CG	CGC
chr1	101908	+	8	22	CG	CGC
chr1	101984	+	10	16	CG	CGC
chr1	102084	+	9	19	CG	CGC
chr1	102134	+	8	22	CG	CGC
chr1	102188	+	8	24	CG	CGC
chr1	102314	+	0	34	CG	CGC
chr1	102356	+	3	14	CG	CGC
chr1	102456	+	2	21	CG	CGC
chr1	102472	+	2	22	CG	CGC
chr1	102478	+	2	30	CG	CGC
chr1	102498	+	4	23	CG	CGC
chr1	102504	+	5	22	CG	CGC
chr1	102620	+	3	19	CG	CGC
chr1	102636	+	7	16	CG	CGC
chr1	102684	+	3	27	CG	CGC
chr1	102715	+	6	18	CG	CGC
chr1	102749	+	10	25	CG	CGC
chr1	102799	+	5	17	CG	CGC
chr1	102838	+	6	21	CG	CGC
chr1	102877	+	3	25	CG	CGC
chr1	102927	+	3	18	CG	CGC
chr1	102952	+	3	20	CG	CGC
chr1	102972	+	9	21	CG	CGC
chr1	102990	+	6	32	CG	CGC
chr1	103005	+	5	21	CG	CGC
chr1	103055	+	9	27	CG	CGC
chr1	103072	+	12	21	CG	CGC
chr1	103099	+	7	20	CG	CGC
chr1	103103	+	14	18	CG	CGC
chr1	103203	+	7	18	CG	CGC
chr1	103303	+	6	20	CG	CGC
chr1	103403	+	9	18	CG	CGC
chr1	103473	+	8	22	CG	CGC
chr1	103563	+	7	16	CG	CGC
chr1	103597	+	2	25	CG	CGC
chr1	103612	+	19	6	CG	CGC
chr1	103638	+	24	4	CG	CGC
chr1	103653	+	21	7	CG	CGC
chr1	103690	+	21	11	CG	CGC
chr1	103723	+	15	5	CG	CGC
chr1	103757	+	24	10	CG	CGC
chr1	103804	+	22	5	CG	CGC
chr1	103854	+	16	8	CG	CGC
chr1	103879	+	19	10	CG	CGC
chr1	103917	+	16	9	CG	CGC
chr1	103952	+	23	8	CG	CGC
chr1	103988	+	16	6	CG	CGC
chr1	104025	+	27	7	CG	CGC
chr1	104075	+	21	10	CG	CGC
chr1	104151	+	25	5	CG	CGC
chr1	104201	+	28	5	CG	CGC
chr1	104267	+	17	10	CG	CGC
chr1	104367	+	24	4	CG	CGC
chr1	104467	+	14	8	CG	CGC
chr1	104541	+	24	6	CG	CGC
chr1	104563	+	19	7	CG	CGC
chr1	104607	+	20	18	CG	CGC
chr1	104629	+	20	12	CG	CGC
chr1	104659	+	26	17	CG	CGC
chr1	104688	+	18	9	CG	CGC
chr1	104703	+	14	17	CG	CGC
chr1	104722	+	24	10	CG	CGC
chr1	104745	+	18	11	CG	CGC
chr1	104760	+	10	11	CG	CGC
chr1	104791	+	22	11	CG	CGC
chr1	104817	+	16	10	CG	CGC
chr1	104832	+	15	9	CG	CGC
chr1	104869	+	19	13	CG	CGC
chr1	104912	+	17	10	CG	CGC
chr1	104946	+	19	15	CG	CGC
chr1	104972	+	20	8	CG	CGC
chr1	105012	+	20	20	CG	CGC
chr1	105054	+	18	11	CG	CGC
chr1	105089	+	17	7	CG	CGC
chr1	105109	+	13	12	CG	CGC
chr1	105143	+	17	9	CG	CGC
chr1	105158	+	20	11	CG	CGC
chr1	105228	+	20	9	CG	CGC
chr1	105328	+	16	12	CG	CGC
chr1	105401	+	16	14	CG	CGC
chr1	105501	+	12	12	CG	CGC
chr1	105568	+	18	5	CG	CGC
chr1	105668	+	19	16	CG	CGC
chr1	105676	+	20	13	CG	CGC
chr1	105762	+	15	7	CG	CGC
chr1	105768	+	8	15	CG	CGC
chr1	105810	+	15	14	CG	CGC
chr1	105839	+	11	19	CG	CGC
chr1	105883	+	7	23	CG	CGC
chr1	105924	+	8	16	CG	CGC
chr1	105951	+	18	11	CG	CGC
chr1	105966	+	8	17	CG	CGC
chr1	105989	+	10	12	CG	CGC
chr1	106039	+	14	18	CG	CGC
chr1	106075	+	14	18	CG	CGC
chr1	106097	+	9	18	CG	CGC
chr1	106131	+	13	26	CG	CGC
chr1	106173	+	19	17	CG	CGC
chr1	106195	+	12	12	CG	CGC
chr1	106235	+	13	19	CG	CGC
chr1	106335	+	14	16	CG	CGC
chr1	106387	+	13	16	CG	CGC
chr1	106487	+	12	11	CG	CGC
chr1	106565	+	14	10	CG	CGC
chr1	106655	+	15	12	CG	CGC
chr1	106679	+	24	6	CG	CGC
chr1	106735	+	14	5	CG	CGC
chr1	106787	+	18	9	CG	CGC
chr1	106915	+	21	8	CG	CGC
chr1	106975	+	21	14	CG	CGC
chr1	106977	+	18	8	CG	CGC
chr1	106987	+	17	11	CG	CGC
chr1	107013	+	17	11	CG	CGC
chr1	107061	+	20	10	CG	CGC
chr1	107149	+	17	10	CG	CGC
chr1	107168	+	20	10	CG	CGC
chr1	107190	+	18	6	CG	CGC
chr1	107231	+	25	9	CG	CGC
chr1	107281	+	15	12	CG	CGC
chr1	107301	+	22	4	CG	CGC
chr1	107335	+	17	9	CG	CGC
chr1	107385	+	28	9	CG	CGC
chr1	107400	+	23	6	CG	CGC
chr1	107445	+	31	7	CG	CGC
chr1	107462	+	25	11	CG	CGC
chr1	107495	+	19	6	CG	CGC
chr1	107545	+	16	8	CG	CGC
chr1	107560	+	37	8	CG	CGC
chr1	107604	+	20	9	CG	CGC
chr1	107654	+	18	7	CG	CGC
chr1	107677	+	23	6	CG	CGC
chr1	107717	+	16	7	CG	CGC
chr1	107767	+	22	7	CG	CGC
chr1	107773	+	15	8	CG	CGC
chr1	107873	+	27	3	CG	CGC
chr1	107973	+	20	12	CG	CGC
chr1	108073	+	23	5	CG	CGC
chr1	108173	+	21	13	CG	CGC
chr1	108228	+	17	8	CG	CGC
chr1	108328	+	25	9	CG	CGC
chr1	108408	+	32	6	CG	CGC
chr1	108416	+	21	10	CG	CGC
chr1	108431	+	18	9	CG	CGC
chr1	108468	+	24	6	CG	CGC
chr1	108500	+	20	12	CG	CGC
chr1	108534	+	20	11	CG	CGC
chr1	108584	+	24	4	CG	CGC
chr1	108622	+	16	12	CG	CGC
chr1	108672	+	15	7	CG	CGC
chr1	108696	+	22	10	CG	CGC
chr1	108711	+	28	5	CG	CGC
chr1	108732	+	22	11	CG	CGC
chr1	108755	+	21	5	CG	CGC
chr1	108848	+	19	12	CG	CGC
chr1	108870	+	17	7	CG	CGC
chr1	108915	+	24	6	CG	CGC
chr1	108943	+	14	7	CG	CGC
chr1	108993	+	26	9	CG	CGC
chr1	108995	+	24	5	CG	CGC
chr1	109045	+	13	13	CG	CGC
chr1	109134	+	28	5	CG	CGC
chr1	109216	+	25	11	CG	CGC
chr1	109266	+	26	4	CG	CGC
chr1	109366	+	22	9	CG	CGC
chr1	109466	+	19	8	CG	CGC
chr1	109517	+	26	5	CG	CGC
chr1	109599	+	24	5	CG	CGC
chr1	109601	+	27	11	CG	CGC
chr1	109613	+	27	5	CG	CGC
chr1	109636	+	20	8	CG	CGC
chr1	109668	+	17	5	CG	CGC
chr1	109697	+	23	9	CG	CGC
chr1	109747	+	27	4	CG	CGC
chr1	109773	+	25	3	CG	CGC
chr1	109805	+	22	8	CG	CGC
chr1	109820	+	31	3	CG	CGC
chr1	109855	+	28	7	CG	CGC
chr1	109875	+	26	2	CG	CGC
chr1	109890	+	18	9	CG	CGC
chr1	109940	+	31	3	CG	CGC
chr1	109969	+	30	6	CG	CGC
chr1	109984	+	20	8	CG	CGC
chr1	110004	+	30	4	CG	CGC
chr1	110034	+	26	5	CG	CGC
chr1	110065	+	21	3	CG	CGC
chr1	110088	+	32	1	CG	CGC
chr1	110103	+	29	3	CG	CGC
chr1	110126	+	27	5	CG	CGC
chr1	110127	+	28	8	CG	CGC
chr1	110227	+	20	9	CG	CGC
chr1	110296	+	21	8	CG	CGC
chr1	110396	+	26	5	CG	CGC
chr1	110446	+	22	7	CG	CGC
chr1	110508	+	22	8	CG	CGC
chr1	110608	+	22	4	CG	CGC
chr1	110666	+	21	5	CG	CGC
chr1	110716	+	25	7	CG	CGC
chr1	110741	+	18	7	CG	CGC
chr1	110768	+	25	3	CG	CGC
chr1	110788	+	33	6	CG	CGC
chr1	110810	+	20	10	CG	CGC
chr1	110860	+	21	7	CG	CGC
chr1	110908	+	20	8	CG	CGC
chr1	110923	+	23	11	CG	CGC
chr1	110973	+	24	4	CG	CGC
chr1	111023	+	23	7	CG	CGC
chr1	111049	+	20	11	CG	CGC
chr1	111084	+	28	6	CG	CGC
chr1	111114	+	25	5	CG	CGC
chr1	111164	+	25	7	CG	CGC
chr1	111184	+	14	9	CG	CGC
chr1	111216	+	24	6	CG	CGC
chr1	111240	+	25	6	CG	CGC
chr1	111255	+	21	6	CG	CGC
chr1	111305	+	15	15	CG	CGC
chr1	111318	+	31	7	CG	CGC
chr1	111418	+	28	6	CG	CGC
chr1	111468	+	23	4	CG	CGC
chr1	111547	+	22	5	CG	CGC
chr1	111647	+	18	3	CG	CGC
chr1	111708	+	18	4	CG	CGC
chr1	111808	+	23	6	CG	CGC
chr1	111893	+	27	4	CG	CGC
chr1	111931	+	17	9	CG	CGC
chr1	111971	+	30	3	CG	CGC
chr1	111995	+	7	24	CG	CGC
chr1	112029	+	1	29	CG	CGC
chr1	112067	+	4	29	CG	CGC
chr1	112103	+	3	18	CG	CGC
chr1	112128	+	0	19	CG	CGC
chr1	112170	+	4	32	CG	CGC
chr1	112186	+	2	24	CG	CGC
chr1	112233	+	2	32	CG	CGC
chr1	112257	+	5	26	CG	CGC
chr1	112292	+	1	25	CG	CGC
chr1	112317	+	0	27	CG	CGC
chr1	112367	+	4	28	CG	CGC
chr1	112404	+	7	23	CG	CGC
chr1	112435	+	5	23	CG	CGC
chr1	112535	+	2	30	CG	CGC
chr1	112622	+	6	29	CG	CGC
chr1	112722	+	0	34	CG	CGC
chr1	112822	+	2	28	CG	CGC
chr1	112920	+	2	23	CG	CGC
chr1	112928	+	5	23	CG	CGC
chr1	112978	+	3	27	CG	CGC
chr1	113006	+	7	26	CG	CGC
chr1	113021	+	8	20	CG	CGC
chr1	113045	+	14	13	CG	CGC
chr1	113081	+	15	14	CG	CGC
chr1	113104	+	8	24	CG	CGC
chr1	113134	+	14	24	CG	CGC
chr1	113177	+	15	26	CG	CGC
chr1	113204	+	8	18	CG	CGC
chr1	113223	+	10	24	CG	CGC
chr1	113249	+	7	28	CG	CGC
chr1	113299	+	6	26	CG	CGC
chr1	113349	+	8	18	CG	CGC
chr1	113364	+	11	17	CG	CGC
chr1	113414	+	7	22	CG	CGC
chr1	113448	+	7	17	CG	CGC
chr1	113461	+	10	16	CG	CGC
chr1	113533	+	5	20	CG	CGC
chr1	113583	+	4	16	CG	CGC
chr1	113683	+	9	27	CG	CGC
chr1	113740	+	11	21	CG	CGC
chr1	113790	+	9	21	CG	CGC
chr1	113840	+	9	26	CG	CGC
chr1	113940	+	11	25	CG	CGC
chr1	113960	+	3	23	CG	CGC
chr1	114012	+	2	24	CG	CGC
chr1	114032	+	1	26	CG	CGC
chr1	114086	+	1	30	CG	CGC
chr1	114096	+	9	22	CG	CGC
chr1	114116	+	5	29	CG	CGC
chr1	114216	+	3	19	CG	CGC
chr1	114298	+	3	30	CG	CGC
chr1	114404	+	2	38	CG	CGC
chr1	114437	+	24	10	CG	CGC
chr1	114452	+	30	10	CG	CGC
chr1	114496	+	29	11	CG	CGC
chr1	114524	+	21	10	CG	CGC
chr1	114553	+	20	7	CG	CGC
chr1	114603	+	20	15	CG	CGC
chr1	114618	+	30	12	CG	CGC
chr1	114635	+	20	7	CG	CGC
chr1	114670	+	18	11	CG	CGC
chr1	114685	+	20	9	CG	CGC
chr1	114707	+	16	8	CG	CGC
chr1	114756	+	17	8	CG	CGC
chr1	114784	+	19	7	CG	CGC
chr1	114799	+	23	9	CG	CGC
chr1	114832	+	19	11	CG	CGC
chr1	114857	+	19	7	CG	CGC
chr1	114878	+	16	9	CG	CGC
chr1	114928	+	16	10	CG	CGC
chr1	114951	+	13	9	CG	CGC
chr1	115035	+	24	8	CG	CGC
chr1	115135	+	22	9	CG	CGC
chr1	115219	+	13	12	CG	CGC
chr1	115292	+	15	18	CG	CGC
chr1	115392	+	20	9	CG	CGC
chr1	115462	+	26	14	CG	CGC
chr1	115464	+	19	8	CG	CGC
chr1	115491	+	20	9	CG	CGC
chr1	115528	+	10	11	CG	CGC
chr1	115563	+	12	15	CG	CGC
chr1	115582	+	14	16	CG	CGC
chr1	115602	+	18	9	CG	CGC
chr1	115652	+	16	13	CG	CGC
chr1	115692	+	12	10	CG	CGC
chr1	115739	+	11	10	CG	CGC
chr1	115772	+	15	20	CG	CGC
chr1	115809	+	14	17	CG	CGC
chr1	115837	+	21	14	CG	CGC
chr1	115867	+	17	8	CG	CGC
chr1	115891	+	21	9	CG	CGC
chr1	115941	+	19	12	CG	CGC
chr1	115962	+	11	13	CG	CGC
chr1	115997	+	22	9	CG	CGC
chr1	116025	+	10	15	CG	CGC
chr1	116059	+	17	10	CG	CGC
chr1	116159	+	12	10	CG	CGC
chr1	116259	+	20	10	CG	CGC
chr1	116359	+	17	15	CG	CGC
chr1	116414	+	14	14	CG	CGC
chr1	116514	+	14	10	CG	CGC
chr1	116608	+	17	7	CG	CGC
chr1	116626	+	13	15	CG	CGC
chr1	116676	+	15	12	CG	CGC
chr1	116726	+	16	12	CG	CGC
chr1	116744	+	16	17	CG	CGC
chr1	116764	+	14	16	CG	CGC
chr1	116814	+	18	9	CG	CGC
chr1	116832	+	17	14	CG	CGC
chr1	116855	+	13	12	CG	CGC
chr1	116905	+	17	14	CG	CGC
chr1	116955	+	16	15	CG	CGC
chr1	116970	+	16	11	CG	CGC
chr1	117014	+	19	9	CG	CGC
chr1	117041	+	11	12	CG	CGC
chr1	117069	+	27	7	CG	CGC
chr1	117119	+	18	8	CG	CGC
chr1	117144	+	11	16	CG	CGC
chr1	117167	+	19	18	CG	CGC
chr1	117193	+	20	9	CG	CGC
chr1	117202	+	15	10	CG	CGC
chr1	117302	+	28	9	CG	CGC
chr1	117402	+	17	7	CG	CGC
chr1	117502	+	22	8	CG	CGC
chr1	117601	+	17	8	CG	CGC
chr1	117701	+	23	10	CG	CGC
chr1	117745	+	25	8	CG	CGC
chr1	117750	+	14	13	CG	CGC
chr1	117765	+	10	22	CG	CGC
chr1	117809	+	11	21	CG	CGC
chr1	117846	+	7	9	CG	CGC
chr1	117891	+	9	15	CG	CGC
chr1	117932	+	17	15	CG	CGC
chr1	117965	+	19	17	CG	CGC
chr1	118009	+	15	9	CG	CGC
chr1	118033	+	12	11	CG	CGC
chr1	118073	+	17	15	CG	CGC
chr1	118096	+	13	12	CG	CGC
chr1	118137	+	11	13	CG	CGC
chr1	118164	+	14	16	CG	CGC
chr1	118202	+	13	17	CG	CGC
chr1	118209	+	21	16	CG	CGC
chr1	118294	+	11	15	CG	CGC
chr1	118381	+	13	17	CG	CGC
chr1	118431	+	20	18	CG	CGC
chr1	118531	+	17	11	CG	CGC
chr1	118631	+	15	15	CG	CGC
chr1	118633	+	28	6	CG	CGC
chr1	118717	+	21	3	CG	CGC
chr1	118803	+	22	5	CG	CGC
chr1	118807	+	21	10	CG	CGC
chr1	119041	+	28	3	CG	CGC
chr1	119053	+	0	24	CG	CGC
chr1	119068	+	2	27	CG	CGC
chr1	119092	+	2	26	CG	CGC
chr1	119110	+	3	22	CG	CGC
chr1	119160	+	1	28	CG	CGC
chr1	119206	+	3	27	CG	CGC
chr1	119224	+	2	28	CG	CGC
chr1	119263	+	8	29	CG	CGC
chr1	119280	+	3	27	CG	CGC
chr1	119295	+	4	27	CG	CGC
chr1	119316	+	5	21	CG	CGC
chr1	119344	+	4	24	CG	CGC
chr1	119380	+	2	22	CG	CGC
chr1	119426	+	2	29	CG	CGC
chr1	119451	+	5	23	CG	CGC
chr1	119493	+	1	21	CG	CGC
chr1	119508	+	3	29	CG	CGC
chr1	119546	+	2	31	CG	CGC
chr1	119596	+	1	32	CG	CGC
chr1	119670	+	9	30	CG	CGC
chr1	119736	+	4	14	CG	CGC
chr1	119786	+	6	21	CG	CGC
chr1	119886	+	0	35	CG	CGC
chr1	119986	+	4	28	CG	CGC
chr1	120036	+	5	27	CG	CGC
chr1	120046	+	2	24	CG	CGC
chr1	120088	+	1	30	CG	CGC
chr1	120134	+	17	7	CG	CGC
chr1	120184	+	18	2	CG	CGC
chr1	120225	+	23	3	CG	CGC
chr1	120256	+	18	5	CG	CGC
chr1	120284	+	20	5	CG	CGC
chr1	120333	+	23	16	CG	CGC
chr1	120355	+	23	13	CG	CGC
chr1	120370	+	12	9	CG	CGC
chr1	120401	+	13	6	CG	CGC
chr1	120451	+	16	8	CG	CGC
chr1	120501	+	18	5	CG	CGC
chr1	120529	+	24	6	CG	CGC
chr1	120560	+	24	11	CG	CGC
chr1	120599	+	16	12	CG	CGC
chr1	120615	+	23	11	CG	CGC
chr1	120715	+	20	11	CG	CGC
chr1	120810	+	23	8	CG	CGC
chr1	120910	+	24	7	CG	CGC
chr1	121010	+	20	13	CG	CGC
chr1	121060	+	25	5	CG	CGC
chr1	121084	+	23	7	CG	CGC
chr1	121125	+	13	15	CG	CGC
chr1	121158	+	12	13	CG	CGC
chr1	121205	+	9	10	CG	CGC
chr1	121221	+	12	13	CG	CGC
chr1	121248	+	18	15	CG	CGC
chr1	121274	+	17	9	CG	CGC
chr1	121306	+	13	10	CG	CGC
chr1	121356	+	23	7	CG	CGC
chr1	121378	+	14	11	CG	CGC
chr1	121419	+	14	15	CG	CGC
chr1	121469	+	15	18	CG	CGC
chr1	121489	+	17	11	CG	CGC
chr1	121521	+	13	22	CG	CGC
chr1	121553	+	10	12	CG	CGC
chr1	121569	+	12	14	CG	CGC
chr1	121609	+	19	10	CG	CGC
chr1	121709	+	13	14	CG	CGC
chr1	121776	+	17	11	CG	CGC
chr1	121860	+	19	23	CG	CGC
chr1	121910	+	15	12	CG	CGC
chr1	122010	+	16	17	CG	CGC
chr1	122064	+	15	6	CG	CGC
chr1	122089	+	1	34	CG	CGC
chr1	122134	+	3	22	CG	CGC
chr1	122154	+	7	32	CG	CGC
chr1	122185	+	8	24	CG	CGC
chr1	122203	+	5	41	CG	CGC
chr1	122229	+	8	18	CG	CGC
chr1	122253	+	4	24	CG	CGC
chr1	122282	+	8	26	CG	CGC
chr1	122332	+	6	19	CG	CGC
chr1	122382	+	5	26	CG	CGC
chr1	122410	+	3	25	CG	CGC
chr1	122437	+	5	28	CG	CGC
chr1	122458	+	3	23	CG	CGC
chr1	122476	+	8	23	CG	CGC
chr1	122504	+	0	19	CG	CGC
chr1	122531	+	3	25	CG	CGC
chr1	122581	+	6	22	CG	CGC
chr1	122681	+	2	20	CG	CGC
chr1	122781	+	8	27	CG	CGC
chr1	122831	+	7	25	CG	CGC
chr1	122931	+	8	26	CG	CGC
chr1	122965	+	6	24	CG	CGC
chr1	122967	+	1	23	CG	CGC
chr1	122972	+	7	24	CG	CGC
chr1	122987	+	11	16	CG	CGC
chr1	123020	+	13	20	CG	CGC
chr1	123062	+	13	20	CG	CGC
chr1	123097	+	12	27	CG	CGC
chr1	123118	+	10	12	CG	CGC
chr1	123140	+	15	18	CG	CGC
chr1	123190	+	9	18	CG	CGC
chr1	123226	+	13	22	CG	CGC
chr1	123241	+	10	16	CG	CGC
chr1	123264	+	8	22	CG	CGC
chr1	123291	+	12	22	CG	CGC
chr1	123307	+	8	24	CG	CGC
chr1	123335	+	9	30	CG	CGC
chr1	123358	+	8	23	CG	CGC
chr1	123391	+	5	15	CG	CGC
chr1	123417	+	5	17	CG	CGC
chr1	123438	+	9	18	CG	CGC
chr1	123463	+	10	18	CG	CGC
chr1	123490	+	11	21	CG	CGC
chr1	123590	+	8	15	CG	CGC
chr1	123678	+	10	14	CG	CGC
chr1	123778	+	8	21	CG	CGC
chr1	123878	+	6	18	CG	CGC
chr1	123929	+	10	20	CG	CGC
chr1	123963	+	2	32	CG	CGC
chr1	123967	+	0	35	CG	CGC
chr1	124047	+	7	27	CG	CGC
chr1	124195	+	0	33	CG	CGC
chr1	124263	+	5	33	CG	CGC
chr1	124373	+	0	27	CG	CGC
chr1	124415	+	4	26	CG	CGC
chr1	124435	+	19	14	CG	CGC
chr1	124458	+	19	8	CG	CGC
chr1	124489	+	13	12	CG	CGC
chr1	124512	+	23	14	CG	CGC
chr1	124545	+	17	11	CG	CGC
chr1	124576	+	9	12	CG	CGC
chr1	124596	+	18	17	CG	CGC
chr1	124641	+	17	5	CG	CGC
chr1	124656	+	20	12	CG	CGC
chr1	124706	+	15	14	CG	CGC
chr1	124741	+	22	9	CG	CGC
chr1	124781	+	13	13	CG	CGC
chr1	124796	+	23	10	CG	CGC
chr1	124825	+	16	12	CG	CGC
chr1	124875	+	16	12	CG	CGC
chr1	124903	+	22	16	CG	CGC
chr1	124935	+	16	12	CG	CGC
chr1	124952	+	21	12	CG	CGC
chr1	124967	+	21	9	CG	CGC
chr1	124969	+	18	9	CG	CGC
chr1	125036	+	21	8	CG	CGC
chr1	125108	+	25	12	CG	CGC
chr1	125208	+	21	15	CG	CGC
chr1	125308	+	20	12	CG	CGC
chr1	125408	+	12	11	CG	CGC
chr1	125462	+	16	9	CG	CGC
chr1	125496	+	24	7	CG	CGC
chr1	125519	+	16	9	CG	CGC
chr1	125535	+	16	11	CG	CGC
chr1	125560	+	19	7	CG	CGC
chr1	125604	+	19	10	CG	CGC
chr1	125648	+	22	10	CG	CGC
chr1	125672	+	19	12	CG	CGC
chr1	125692	+	18	15	CG	CGC
chr1	125710	+	27	11	CG	CGC
chr1	125738	+	27	10	CG	CGC
chr1	125770	+	27	5	CG	CGC
chr1	125820	+	17	12	CG	CGC
chr1	125852	+	24	13	CG	CGC
chr1	125893	+	26	9	CG	CGC
chr1	125913	+	25	5	CG	CGC
chr1	125944	+	17	11	CG	CGC
chr1	125976	+	14	12	CG	CGC
chr1	126004	+	15	12	CG	CGC
chr1	126022	+	19	13	CG	CGC
chr1	126122	+	21	14	CG	CGC
chr1	126222	+	23	13	CG	CGC
chr1	126322	+	16	11	CG	CGC
chr1	126372	+	18	18	CG	CGC
chr1	126472	+	16	9	CG	CGC
chr1	126522	+	19	9	CG	CGC
chr1	126544	+	22	4	CG	CGC
chr1	126606	+	15	5	CG	CGC
chr1	126645	+	17	12	CG	CGC
chr1	126679	+	13	18	CG	CGC
chr1	126702	+	26	13	CG	CGC
chr1	126745	+	15	15	CG	CGC
chr1	126760	+	16	9	CG	CGC
chr1	126810	+	16	9	CG	CGC
chr1	126826	+	17	16	CG	CGC
chr1	126844	+	20	17	CG	CGC
chr1	126881	+	15	10	CG	CGC
chr1	126920	+	21	13	CG	CGC
chr1	126970	+	14	11	CG	CGC
chr1	127005	+	22	14	CG	CGC
chr1	127034	+	16	14	CG	CGC
chr1	127067	+	11	11	CG	CGC
chr1	127117	+	23	15	CG	CGC
chr1	127125	+	25	11	CG	CGC
chr1	127215	+	19	11	CG	CGC
chr1	127315	+	19	15	CG	CGC
chr1	127411	+	12	11	CG	CGC
chr1	127506	+	14	7	CG	CGC
chr1	127524	+	18	19	CG	CGC
chr1	127533	+	3	27	CG	CGC
chr1	127574	+	6	18	CG	CGC
chr1	127624	+	5	17	CG	CGC
chr1	127653	+	5	19	CG	CGC
chr1	127670	+	14	22	CG	CGC
chr1	127720	+	13	21	CG	CGC
chr1	127762	+	6	18	CG	CGC
chr1	127779	+	7	14	CG	CGC
chr1	127807	+	8	21	CG	CGC
chr1	127845	+	12	19	CG	CGC
chr1	127866	+	16	17	CG	CGC
chr1	127882	+	7	21	CG	CGC
chr1	127927	+	13	18	CG	CGC
chr1	127942	+	10	12	CG	CGC
chr1	127965	+	8	23	CG	CGC
chr1	127988	+	7	28	CG	CGC
chr1	128006	+	16	15	CG	CGC
chr1	128031	+	9	19	CG	CGC
chr1	128058	+	9	16	CG	CGC
chr1	128073	+	10	18	CG	CGC
chr1	128107	+	7	21	CG	CGC
chr1	128108	+	9	18	CG	CGC
chr1	128208	+	5	20	CG	CGC
chr1	128305	+	5	23	CG	CGC
chr1	128355	+	7	18	CG	CGC
chr1	128455	+	16	22	CG	CGC
chr1	128555	+	10	25	CG	CGC
chr1	128655	+	9	33	CG	CGC
chr1	128659	+	13	7	CG	CGC
chr1	128753	+	18	15	CG	CGC
chr1	128771	+	26	3	CG	CGC
chr1	128791	+	12	22	CG	CGC
chr1	128875	+	12	7	CG	CGC
chr1	128919	+	15	10	CG	CGC
chr1	128951	+	18	15	CG	CGC
chr1	129137	+	21	5	CG	CGC
chr1	129187	+	10	24	CG	CGC
chr1	129205	+	15	21	CG	CGC
chr1	129254	+	22	9	CG	CGC
chr1	129271	+	17	7	CG	CGC
chr1	129305	+	19	7	CG	CGC
chr1	129325	+	12	13	CG	CGC
chr1	129351	+	15	17	CG	CGC
chr1	129366	+	12	21	CG	CGC
chr1	129394	+	23	14	CG	CGC
chr1	129436	+	12	6	CG	CGC
chr1	129486	+	22	7	CG	CGC
chr1	129515	+	13	14	CG	CGC
chr1	129531	+	17	2	CG	CGC
chr1	129576	+	11	26	CG	CGC
chr1	129612	+	10	12	CG	CGC
chr1	129640	+	20	11	CG	CGC
chr1	129663	+	9	15	CG	CGC
chr1	129671	+	14	12	CG	CGC
chr1	129771	+	13	18	CG	CGC
chr1	129871	+	32	7	CG	CGC
chr1	129931	+	23	7	CG	CGC
chr1	129998	+	16	9	CG	CGC
chr1	130085	+	10	17	CG	CGC
chr1	130135	+	18	17	CG	CGC
chr1	130233	+	21	6	CG	CGC
chr1	130266	+	12	10	CG	CGC
chr1	130288	+	19	14	CG	CGC
chr1	130336	+	15	9	CG	CGC
chr1	130364	+	16	15	CG	CGC
chr1	130387	+	13	14	CG	CGC
chr1	130437	+	19	15	CG	CGC
chr1	130452	+	10	13	CG	CGC
chr1	130502	+	10	22	CG	CGC
chr1	130552	+	14	17	CG	CGC
chr1	130571	+	15	17	CG	CGC
chr1	130593	+	11	21	CG	CGC
chr1	130610	+	17	11	CG	CGC
chr1	130656	+	12	13	CG	CGC
chr1	130678	+	19	12	CG	CGC
chr1	130706	+	16	15	CG	CGC
chr1	130747	+	12	18	CG	CGC
chr1	130762	+	11	10	CG	CGC
chr1	130770	+	14	15	CG	CGC
chr1	130870	+	19	18	CG	CGC
chr1	130949	+	14	15	CG	CGC
chr1	131004	+	17	23	CG	CGC
chr1	131104	+	10	15	CG	CGC
chr1	131197	+	8	16	CG	CGC
chr1	131255	+	20	17	CG	CGC
chr1	131281	+	15	18	CG	CGC
chr1	131319	+	12	11	CG	CGC
chr1	131334	+	6	32	CG	CGC
chr1	131384	+	15	22	CG	CGC
chr1	131412	+	19	14	CG	CGC
chr1	131428	+	24	6	CG	CGC
chr1	131473	+	7	17	CG	CGC
chr1	131488	+	17	16	CG	CGC
chr1	131505	+	14	14	CG	CGC
chr1	131535	+	18	5	CG	CGC
chr1	131565	+	8	11	CG	CGC
chr1	131598	+	16	17	CG	CGC
chr1	131648	+	23	4	CG	CGC
chr1	131679	+	18	8	CG	CGC
chr1	131701	+	4	24	CG	CGC
chr1	131723	+	10	23	CG	CGC
chr1	131747	+	24	6	CG	CGC
chr1	131763	+	17	6	CG	CGC
chr1	131803	+	11	10	CG	CGC
chr1	131805	+	0	28	CG	CGC
chr1	131905	+	20	18	CG	CGC
chr1	132005	+	14	12	CG	CGC
chr1	132105	+	2	40	CG	CGC
chr1	132155	+	3	30	CG	CGC
chr1	132239	+	4	28	CG	CGC
chr1	132277	+	25	4	CG	CGC
chr1	132331	+	9	27	CG	CGC
chr1	132345	+	26	6	CG	CGC
chr1	132395	+	27	4	CG	CGC
chr1	132445	+	27	1	CG	CGC
chr1	132478	+	18	6	CG	CGC
chr1	132502	+	31	4	CG	CGC
chr1	132552	+	25	8	CG	CGC
chr1	132567	+	22	4	CG	CGC
chr1	132617	+	24	5	CG	CGC
chr1	132667	+	30	5	CG	CGC
chr1	132707	+	19	4	CG	CGC
chr1	132724	+	19	9	CG	CGC
chr1	132774	+	27	4	CG	CGC
chr1	132788	+	15	2	CG	CGC
chr1	132880	+	25	10	CG	CGC
chr1	132936	+	22	4	CG	CGC
chr1	132986	+	25	5	CG	CGC
chr1	133086	+	24	5	CG	CGC
chr1	133182	+	27	8	CG	CGC
chr1	133196	+	33	1	CG	CGC
chr1	133242	+	29	5	CG	CGC
chr1	133250	+	12	16	CG	CGC
chr1	133280	+	17	8	CG	CGC
chr1	133295	+	14	16	CG	CGC
chr1	133335	+	15	14	CG	CGC
chr1	133384	+	14	7	CG	CGC
chr1	133409	+	16	13	CG	CGC
chr1	133429	+	13	15	CG	CGC
chr1	133479	+	19	14	CG	CGC
chr1	133511	+	19	10	CG	CGC
chr1	133540	+	18	10	CG	CGC
chr1	133569	+	16	12	CG	CGC
chr1	133619	+	15	14	CG	CGC
chr1	133653	+	20	14	CG	CGC
chr1	133690	+	15	14	CG	CGC
chr1	133718	+	15	12	CG	CGC
chr1	133734	+	13	24	CG	CGC
chr1	133817	+	12	14	CG	CGC
chr1	133917	+	20	19	CG	CGC
chr1	133968	+	10	13	CG	CGC
chr1	134068	+	25	8	CG	CGC
chr1	134148	+	14	15	CG	CGC
chr1	134164	+	18	3	CG	CGC
chr1	134186	+	18	4	CG	CGC
chr1	134284	+	29	3	CG	CGC
chr1	134306	+	26	6	CG	CGC
chr1	134418	+	26	7	CG	CGC
chr1	134454	+	24	6	CG	CGC
chr1	134538	+	29	4	CG	CGC
chr1	134594	+	21	4	CG	CGC
chr1	134612	+	14	14	CG	CGC
chr1	134622	+	0	29	CG	CGC
chr1	134637	+	6	28	CG	CGC
chr1	134672	+	1	15	CG	CGC
chr1	134687	+	2	31	CG	CGC
chr1	134702	+	1	30	CG	CGC
chr1	134719	+	3	25	CG	CGC
chr1	134750	+	5	25	CG	CGC
chr1	134783	+	3	31	CG	CGC
chr1	134833	+	2	23	CG	CGC
chr1	134849	+	2	23	CG	CGC
chr1	134870	+	3	25	CG	CGC
chr1	134920	+	9	29	CG	CGC
chr1	134959	+	7	24	CG	CGC
chr1	134994	+	5	17	CG	CGC
chr1	135023	+	9	20	CG	CGC
chr1	135060	+	9	23	CG	CGC
chr1	135090	+	12	21	CG	CGC
chr1	135122	+	6	20	CG	CGC
chr1	135160	+	12	14	CG	CGC
chr1	135169	+	6	16	CG	CGC
chr1	135269	+	3	33	CG	CGC
chr1	135319	+	0	29	CG	CGC
chr1	135419	+	3	22	CG	CGC
chr1	135493	+	0	30	CG	CGC
chr1	135593	+	2	26	CG	CGC
chr1	135643	+	2	28	CG	CGC
chr1	135793	+	0	33	CG	CGC
chr1	135809	+	2	28	CG	CGC
chr1	135819	+	7	22	CG	CGC
chr1	135973	+	3	30	CG	CGC
chr1	136047	+	1	23	CG	CGC
chr1	136057	+	19	10	CG	CGC
chr1	136079	+	20	17	CG	CGC
chr1	136113	+	23	10	CG	CGC
chr1	136146	+	26	10	CG	CGC
chr1	136178	+	16	12	CG	CGC
chr1	136199	+	17	10	CG	CGC
chr1	136214	+	20	15	CG	CGC
chr1	136234	+	16	11	CG	CGC
chr1	136279	+	18	9	CG	CGC
chr1	136329	+	9	12	CG	CGC
chr1	136368	+	12	10	CG	CGC
chr1	136393	+	13	12	CG	CGC
chr1	136438	+	19	10	CG	CGC
chr1	136453	+	14	9	CG	CGC
chr1	136483	+	19	8	CG	CGC
chr1	136505	+	20	6	CG	CGC
chr1	136531	+	13	12	CG	CGC
chr1	136554	+	18	11	CG	CGC
chr1	136571	+	17	8	CG	CGC
chr1	136621	+	19	14	CG	CGC
chr1	136643	+	26	15	CG	CGC
chr1	136665	+	21	9	CG	CGC
chr1	136693	+	21	10	CG	CGC
chr1	136793	+	24	9	CG	CGC
chr1	136893	+	18	8	CG	CGC
chr1	136993	+	20	10	CG	CGC
chr1	137093	+	16	9	CG	CGC
chr1	137143	+	16	12	CG	CGC
chr1	137243	+	16	18	CG	CGC
chr1	137306	+	16	12	CG	CGC
chr1	137320	+	22	11	CG	CGC
chr1	137406	+	26	4	CG	CGC
chr1	137408	+	31	3	CG	CGC
chr1	137456	+	32	7	CG	CGC
chr1	137664	+	37	1	CG	CGC
chr1	137718	+	43	1	CG	CGC
chr1	137798	+	19	8	CG	CGC
chr1	137831	+	20	10	CG	CGC
chr1	137881	+	20	9	CG	CGC
chr1	137931	+	20	12	CG	CGC
chr1	137981	+	9	9	CG	CGC
chr1	138010	+	23	8	CG	CGC
chr1	138034	+	27	16	CG	CGC
chr1	138067	+	16	15	CG	CGC
chr1	138113	+	19	7	CG	CGC
chr1	138163	+	17	14	CG	CGC
chr1	138185	+	18	6	CG	CGC
chr1	138235	+	12	14	CG	CGC
chr1	138268	+	23	6	CG	CGC
chr1	138368	+	16	12	CG	CGC
chr1	138468	+	19	9	CG	CGC
chr1	138568	+	18	10	CG	CGC
chr1	138668	+	18	15	CG	CGC
chr1	138686	+	20	7	CG	CGC
chr1	138736	+	20	7	CG	CGC
chr1	138760	+	12	6	CG	CGC
chr1	138775	+	11	17	CG	CGC
chr1	138803	+	19	12	CG	CGC
chr1	138853	+	16	9	CG	CGC
chr1	138903	+	18	12	CG	CGC
chr1	138933	+	16	13	CG	CGC
chr1	138951	+	18	13	CG	CGC
chr1	138966	+	14	10	CG	CGC
chr1	139013	+	18	15	CG	CGC
chr1	139036	+	15	8	CG	CGC
chr1	139077	+	23	10	CG	CGC
chr1	139127	+	22	11	CG	CGC
chr1	139147	+	19	9	CG	CGC
chr1	139172	+	18	13	CG	CGC
chr1	139222	+	14	11	CG	CGC
chr1	139249	+	13	17	CG	CGC
chr1	139289	+	13	10	CG	CGC
chr1	139297	+	15	16	CG	CGC
chr1	139347	+	17	9	CG	CGC
chr1	139447	+	18	15	CG	CGC
chr1	139547	+	11	11	CG	CGC
chr1	139647	+	17	11	CG	CGC
chr1	139747	+	20	12	CG	CGC
chr1	139809	+	15	16	CG	CGC
chr1	139831	+	21	11	CG	CGC
chr1	139855	+	18	4	CG	CGC
chr1	139905	+	20	9	CG	CGC
chr1	139923	+	15	9	CG	CGC
chr1	139952	+	14	10	CG	CGC
chr1	139975	+	19	9	CG	CGC
chr1	139999	+	23	10	CG	CGC
chr1	140035	+	23	10	CG	CGC
chr1	140056	+	22	5	CG	CGC
chr1	140083	+	24	7	CG	CGC
chr1	140104	+	16	9	CG	CGC
chr1	140145	+	21	5	CG	CGC
chr1	140195	+	20	5	CG	CGC
chr1	140245	+	17	9	CG	CGC
chr1	140264	+	13	11	CG	CGC
chr1	140288	+	15	12	CG	CGC
chr1	140317	+	23	12	CG	CGC
chr1	140332	+	20	4	CG	CGC
chr1	140344	+	20	13	CG	CGC
chr1	140444	+	18	6	CG	CGC
chr1	140543	+	22	4	CG	CGC
chr1	140637	+	21	10	CG	CGC
chr1	140704	+	24	14	CG	CGC
chr1	140785	+	14	2	CG	CGC
chr1	140815	+	16	1	CG	CGC
chr1	140821	+	8	21	CG	CGC
chr1	140860	+	8	21	CG	CGC
chr1	140890	+	8	21	CG	CGC
chr1	140915	+	10	26	CG	CGC
chr1	140965	+	7	24	CG	CGC
chr1	140991	+	7	25	CG	CGC
chr1	141041	+	6	27	CG	CGC
chr1	141071	+	11	24	CG	CGC
chr1	141091	+	15	15	CG	CGC
chr1	141106	+	5	26	CG	CGC
chr1	141156	+	12	19	CG	CGC
chr1	141204	+	10	21	CG	CGC
chr1	141249	+	7	28	CG	CGC
chr1	141299	+	6	15	CG	CGC
chr1	141345	+	8	22	CG	CGC
chr1	141395	+	5	24	CG	CGC
chr1	141445	+	8	23	CG	CGC
chr1	141529	+	7	9	CG	CGC
chr1	141629	+	10	21	CG	CGC
chr1	141729	+	3	24	CG	CGC
chr1	141829	+	7	18	CG	CGC
chr1	141897	+	0	27	CG	CGC
chr1	141951	+	0	16	CG	CGC
chr1	142019	+	4	31	CG	CGC
chr1	142123	+	3	31	CG	CGC
chr1	142157	+	0	22	CG	CGC
chr1	142203	+	26	10	CG	CGC
chr1	142229	+	20	12	CG	CGC
chr1	142244	+	33	6	CG	CGC
chr1	142272	+	21	5	CG	CGC
chr1	142315	+	24	9	CG	CGC
chr1	142365	+	19	13	CG	CGC
chr1	142380	+	15	14	CG	CGC
chr1	142399	+	28	8	CG	CGC
chr1	142428	+	19	6	CG	CGC
chr1	142478	+	17	16	CG	CGC
chr1	142493	+	15	10	CG	CGC
chr1	142509	+	21	6	CG	CGC
chr1	142531	+	19	10	CG	CGC
chr1	142546	+	20	19	CG	CGC
chr1	142561	+	23	8	CG	CGC
chr1	142611	+	21	4	CG	CGC
chr1	142635	+	17	14	CG	CGC
chr1	142655	+	21	13	CG	CGC
chr1	142670	+	16	14	CG	CGC
chr1	142697	+	21	17	CG	CGC
chr1	142718	+	13	13	CG	CGC
chr1	142726	+	14	12	CG	CGC
chr1	142776	+	15	11	CG	CGC
chr1	142865	+	20	13	CG	CGC
chr1	142951	+	15	10	CG	CGC
chr1	143051	+	22	7	CG	CGC
chr1	143131	+	21	10	CG	CGC
chr1	143231	+	13	4	CG	CGC
chr1	143243	+	9	9	CG	CGC
chr1	143253	+	18	16	CG	CGC
chr1	143295	+	15	20	CG	CGC
chr1	143323	+	13	14	CG	CGC
chr1	143341	+	8	17	CG	CGC
chr1	143358	+	13	21	CG	CGC
chr1	143393	+	14	20	CG	CGC
chr1	143440	+	19	16	CG	CGC
chr1	143472	+	11	21	CG	CGC
chr1	143509	+	17	14	CG	CGC
chr1	143551	+	14	22	CG	CGC
chr1	143575	+	19	17	CG	CGC
chr1	143613	+	15	28	CG	CGC
chr1	143652	+	11	14	CG	CGC
chr1	143669	+	9	24	CG	CGC
chr1	143702	+	10	19	CG	CGC
chr1	143739	+	15	15	CG	CGC
chr1	143772	+	19	13	CG	CGC
chr1	143872	+	11	20	CG	CGC
chr1	143972	+	14	21	CG	CGC
chr1	144072	+	14	15	CG	CGC
chr1	144172	+	16	18	CG	CGC
chr1	144272	+	15	11	CG	CGC
chr1	144282	+	1	35	CG	CGC
chr1	144326	+	3	27	CG	CGC
chr1	144386	+	7	23	CG	CGC
chr1	144436	+	0	29	CG	CGC
chr1	144518	+	5	28	CG	CGC
chr1	144734	+	5	21	CG	CGC
chr1	144742	+	2	22	CG	CGC
chr1	144768	+	12	24	CG	CGC
chr1	144773	+	25	3	CG	CGC
chr1	144802	+	21	8	CG	CGC
chr1	144827	+	31	2	CG	CGC
chr1	144877	+	27	6	CG	CGC
chr1	144894	+	25	7	CG	CGC
chr1	144944	+	22	5	CG	CGC
chr1	144994	+	20	7	CG	CGC
chr1	145012	+	36	1	CG	CGC
chr1	145027	+	25	5	CG	CGC
chr1	145062	+	15	2	CG	CGC
chr1	145093	+	26	9	CG	CGC
chr1	145143	+	25	0	CG	CGC
chr1	145160	+	19	10	CG	CGC
chr1	145194	+	12	8	CG	CGC
chr1	145231	+	17	10	CG	CGC
chr1	145263	+	19	14	CG	CGC
chr1	145288	+	19	6	CG	CGC
chr1	145302	+	18	12	CG	CGC
chr1	145402	+	17	10	CG	CGC
chr1	145452	+	17	12	CG	CGC
chr1	145552	+	17	9	CG	CGC
chr1	145626	+	16	11	CG	CGC
chr1	145676	+	18	8	CG	CGC
chr1	145728	+	24	9	CG	CGC
chr1	145820	+	23	7	CG	CGC
chr1	145930	+	25	5	CG	CGC
chr1	145976	+	16	3	CG	CGC
chr1	146104	+	22	7	CG	CGC
chr1	146164	+	23	2	CG	CGC
chr1	146210	+	26	7	CG	CGC
chr1	146264	+	25	1	CG	CGC
chr1	146295	+	24	7	CG	CGC
chr1	146322	+	26	9	CG	CGC
chr1	146347	+	25	7	CG	CGC
chr1	146385	+	17	11	CG	CGC
chr1	146408	+	18	10	CG	CGC
chr1	146442	+	26	11	CG	CGC
chr1	146471	+	26	6	CG	CGC
chr1	146487	+	26	2	CG	CGC
chr1	146537	+	16	6	CG	CGC
chr1	146562	+	21	2	CG	CGC
chr1	146599	+	20	9	CG	CGC
chr1	146619	+	17	3	CG	CGC
chr1	146634	+	18	5	CG	CGC
chr1	146684	+	22	12	CG	CGC
chr1	146714	+	20	15	CG	CGC
chr1	146747	+	16	9	CG	CGC
chr1	146778	+	13	7	CG	CGC
chr1	146827	+	18	12	CG	CGC
chr1	146927	+	16	12	CG	CGC
chr1	147027	+	14	13	CG	CGC
chr1	147097	+	25	7	CG	CGC
chr1	147186	+	22	9	CG	CGC
chr1	147286	+	25	8	CG	CGC
chr1	147370	+	17	9	CG	CGC
chr1	147409	+	14	8	CG	CGC
chr1	147435	+	21	7	CG	CGC
chr1	147452	+	29	8	CG	CGC
chr1	147480	+	28	7	CG	CGC
chr1	147500	+	17	5	CG	CGC
chr1	147518	+	19	10	CG	CGC
chr1	147568	+	15	7	CG	CGC
chr1	147610	+	27	8	CG	CGC
chr1	147629	+	29	4	CG	CGC
chr1	147677	+	27	1	CG	CGC
chr1	147712	+	26	6	CG	CGC
chr1	147738	+	26	4	CG	CGC
chr1	147788	+	26	7	CG	CGC
chr1	147823	+	17	11	CG	CGC
chr1	147873	+	18	11	CG	CGC
chr1	147881	+	33	4	CG	CGC
chr1	147981	+	28	4	CG	CGC
chr1	148033	+	22	8	CG	CGC
chr1	148105	+	26	7	CG	CGC
chr1	148205	+	25	4	CG	CGC
chr1	148305	+	16	11	CG	CGC
chr1	148333	+	20	2	CG	CGC
chr1	148389	+	21	9	CG	CGC
chr1	148399	+	33	9	CG	CGC
chr1	148435	+	15	8	CG	CGC
chr1	148478	+	29	1	CG	CGC
chr1	148520	+	24	6	CG	CGC
chr1	148552	+	21	5	CG	CGC
chr1	148567	+	15	8	CG	CGC
chr1	148617	+	14	13	CG	CGC
chr1	148666	+	30	4	CG	CGC
chr1	148700	+	20	0	CG	CGC
chr1	148727	+	28	2	CG	CGC
chr1	148749	+	9	21	CG	CGC
chr1	148793	+	37	0	CG	CGC
chr1	148808	+	9	21	CG	CGC
chr1	148844	+	21	11	CG	CGC
chr1	148855	+	16	8	CG	CGC
chr1	148905	+	6	14	CG	CGC
chr1	149005	+	18	6	CG	CGC
chr1	149105	+	25	0	CG	CGC
chr1	149205	+	12	14	CG	CGC
chr1	149305	+	16	19	CG	CGC
chr1	149361	+	30	0	CG	CGC
chr1	149391	+	39	0	CG	CGC
chr1	149416	+	21	15	CG	CGC
chr1	149466	+	21	8	CG	CGC
chr1	149481	+	18	10	CG	CGC
chr1	149501	+	17	12	CG	CGC
chr1	149532	+	11	9	CG	CGC
chr1	149556	+	14	15	CG	CGC
chr1	149571	+	21	7	CG	CGC
chr1	149602	+	18	15	CG	CGC
chr1	149617	+	24	15	CG	CGC
chr1	149667	+	14	7	CG	CGC
chr1	149714	+	21	9	CG	CGC
chr1	149733	+	19	8	CG	CGC
chr1	149759	+	25	9	CG	CGC
chr1	149774	+	13	14	CG	CGC
chr1	149824	+	18	8	CG	CGC
chr1	149856	+	14	17	CG	CGC
chr1	149871	+	12	11	CG	CGC
chr1	149896	+	17	19	CG	CGC
chr1	149917	+	16	16	CG	CGC
chr1	150017	+	13	7	CG	CGC
chr1	150117	+	23	11	CG	CGC
chr1	150217	+	13	7	CG	CGC
chr1	150267	+	29	7	CG	CGC
chr1	150367	+	17	12	CG	CGC
chr1	150427	+	21	11	CG	CGC
chr1	150451	+	18	8	CG	CGC
chr1	150457	+	14	14	CG	CGC
chr1	150481	+	17	13	CG	CGC
chr1	150521	+	18	12	CG	CGC
chr1	150550	+	17	10	CG	CGC
chr1	150600	+	19	13	CG	CGC
chr1	150615	+	21	12	CG	CGC
chr1	150631	+	17	9	CG	CGC
chr1	150665	+	14	16	CG	CGC
chr1	150680	+	15	17	CG	CGC
chr1	150695	+	22	10	CG	CGC
chr1	150710	+	12	14	CG	CGC
chr1	150741	+	8	17	CG	CGC
chr1	150764	+	9	14	CG	CGC
chr1	150779	+	7	16	CG	CGC
chr1	150811	+	16	17	CG	CGC
chr1	150855	+	14	13	CG	CGC
chr1	150870	+	15	19	CG	CGC
chr1	150898	+	14	16	CG	CGC
chr1	150931	+	19	12	CG	CGC
chr1	150971	+	18	20	CG	CGC
chr1	150986	+	13	12	CG	CGC
chr1	151004	+	15	15	CG	CGC
chr1	151032	+	14	12	CG	CGC
chr1	151061	+	13	12	CG	CGC
chr1	151199	+	20	17	CG	CGC
chr1	151276	+	12	19	CG	CGC
chr1	151356	+	9	8	CG	CGC
chr1	151439	+	11	7	CG	CGC
chr1	151489	+	14	9	CG	CGC
chr1	151572	+	16	16	CG	CGC
chr1	151672	+	12	12	CG	CGC
chr1	151722	+	17	11	CG	CGC
chr1	151734	+	24	3	CG	CGC
chr1	151814	+	26	1	CG	CGC
chr1	151874	+	29	4	CG	CGC
chr1	151900	+	20	14	CG	CGC
chr1	151922	+	18	4	CG	CGC
chr1	151942	+	22	9	CG	CGC
chr1	151950	+	27	7	CG	CGC
chr1	151962	+	12	14	CG	CGC
chr1	152104	+	29	3	CG	CGC
chr1	152124	+	13	6	CG	CGC
chr1	152158	+	4	25	CG	CGC
chr1	152181	+	2	22	CG	CGC
chr1	152202	+	1	32	CG	CGC
chr1	152229	+	5	30	CG	CGC
chr1	152262	+	4	17	CG	CGC
chr1	152306	+	6	22	CG	CGC
chr1	152323	+	6	22	CG	CGC
chr1	152352	+	0	28	CG	CGC
chr1	152402	+	2	29	CG	CGC
chr1	152427	+	1	33	CG	CGC
chr1	152457	+	5	27	CG	CGC
chr1	152476	+	0	31	CG	CGC
chr1	152518	+	0	35	CG	CGC
chr1	152539	+	5	29	CG	CGC
chr1	152589	+	3	31	CG	CGC
chr1	152612	+	5	24	CG	CGC
chr1	152617	+	3	21	CG	CGC
chr1	152717	+	2	27	CG	CGC
chr1	152817	+	1	24	CG	CGC
chr1	152867	+	1	22	CG	CGC
chr1	152967	+	5	31	CG	CGC
chr1	153067	+	0	29	CG	CGC
chr1	153099	+	0	32	CG	CGC
chr1	153112	+	5	27	CG	CGC
chr1	153139	+	7	26	CG	CGC
chr1	153162	+	2	21	CG	CGC
chr1	153208	+	4	27	CG	CGC
chr1	153240	+	3	23	CG	CGC
chr1	153256	+	1	31	CG	CGC
chr1	153289	+	6	24	CG	CGC
chr1	153313	+	0	28	CG	CGC
chr1	153337	+	2	24	CG	CGC
chr1	153379	+	3	17	CG	CGC
chr1	153405	+	2	27	CG	CGC
chr1	153437	+	3	21	CG	CGC
chr1	153478	+	3	18	CG	CGC
chr1	153508	+	5	29	CG	CGC
chr1	153523	+	0	18	CG	CGC
chr1	153573	+	2	26	CG	CGC
chr1	153588	+	3	35	CG	CGC
chr1	153602	+	5	33	CG	CGC
chr1	153681	+	1	30	CG	CGC
chr1	153778	+	1	19	CG	CGC
chr1	153828	+	8	25	CG	CGC
chr1	153928	+	1	34	CG	CGC
chr1	154028	+	3	28	CG	CGC
chr1	154058	+	0	26	CG	CGC
chr1	154063	+	9	8	CG	CGC
chr1	154086	+	10	13	CG	CGC
chr1	154128	+	13	20	CG	CGC
chr1	154178	+	9	21	CG	CGC
chr1	154198	+	8	16	CG	CGC
chr1	154213	+	13	13	CG	CGC
chr1	154244	+	15	20	CG	CGC
chr1	154282	+	14	11	CG	CGC
chr1	154301	+	13	17	CG	CGC
chr1	154329	+	10	15	CG	CGC
chr1	154349	+	18	12	CG	CGC
chr1	154364	+	11	13	CG	CGC
chr1	154398	+	15	23	CG	CGC
chr1	154428	+	20	16	CG	CGC
chr1	154445	+	17	13	CG	CGC
chr1	154464	+	10	10	CG	CGC
chr1	154489	+	10	25	CG	CGC
chr1	154517	+	20	16	CG	CGC
chr1	154532	+	15	11	CG	CGC
chr1	154538	+	10	11	CG	CGC
chr1	154638	+	10	21	CG	CGC
chr1	154738	+	17	12	CG	CGC
chr1	154818	+	14	20	CG	CGC
chr1	154918	+	14	14	CG	CGC
chr1	155006	+	14	16	CG	CGC
chr1	155170	+	9	25	CG	CGC
chr1	155178	+	0	30	CG	CGC
chr1	155190	+	3	32	CG	CGC
chr1	155196	+	4	19	CG	CGC
chr1	155214	+	2	35	CG	CGC
chr1	155239	+	21	10	CG	CGC
chr1	155281	+	25	13	CG	CGC
chr1	155309	+	24	12	CG	CGC
chr1	155359	+	18	5	CG	CGC
chr1	155374	+	21	9	CG	CGC
chr1	155389	+	24	8	CG	CGC
chr1	155431	+	20	11	CG	CGC
chr1	155446	+	10	7	CG	CGC
chr1	155479	+	36	2	CG	CGC
chr1	155503	+	23	10	CG	CGC
chr1	155553	+	32	0	CG	CGC
chr1	155584	+	25	3	CG	CGC
chr1	155607	+	23	5	CG	CGC
chr1	155657	+	23	14	CG	CGC
chr1	155698	+	17	3	CG	CGC
chr1	155715	+	17	4	CG	CGC
chr1	155727	+	20	9	CG	CGC
chr1	155827	+	12	4	CG	CGC
chr1	155927	+	32	14	CG	CGC
chr1	156027	+	17	10	CG	CGC
chr1	156127	+	26	7	CG	CGC
chr1	156133	+	18	5	CG	CGC
chr1	156171	+	23	3	CG	CGC
chr1	156218	+	19	8	CG	CGC
chr1	156248	+	22	7	CG	CGC
chr1	156271	+	17	13	CG	CGC
chr1	156287	+	24	12	CG	CGC
chr1	156334	+	19	15	CG	CGC
chr1	156384	+	14	8	CG	CGC
chr1	156401	+	24	8	CG	CGC
chr1	156451	+	18	11	CG	CGC
chr1	156485	+	23	15	CG	CGC
chr1	156530	+	17	13	CG	CGC
chr1	156580	+	16	10	CG	CGC
chr1	156596	+	32	11	CG	CGC
chr1	156614	+	23	10	CG	CGC
chr1	156641	+	21	9	CG	CGC
chr1	156661	+	12	15	CG	CGC
chr1	156682	+	18	13	CG	CGC
chr1	156724	+	9	13	CG	CGC
chr1	156824	+	11	11	CG	CGC
chr1	156924	+	20	9	CG	CGC
chr1	157024	+	18	6	CG	CGC
chr1	157095	+	20	6	CG	CGC
chr1	157195	+	19	10	CG	CGC
chr1	157227	+	16	10	CG	CGC
chr1	157251	+	25	10	CG	CGC
chr1	157281	+	22	5	CG	CGC
chr1	157319	+	21	17	CG	CGC
chr1	157338	+	21	11	CG	CGC
chr1	157354	+	14	9	CG	CGC
chr1	157383	+	24	13	CG	CGC
chr1	157410	+	18	17	CG	CGC
chr1	157447	+	15	11	CG	CGC
chr1	157462	+	19	9	CG	CGC
chr1	157489	+	21	15	CG	CGC
chr1	157508	+	28	6	CG	CGC
chr1	157558	+	18	12	CG	CGC
chr1	157595	+	21	13	CG	CGC
chr1	157618	+	21	8	CG	CGC
chr1	157668	+	17	9	CG	CGC
chr1	157692	+	25	11	CG	CGC
chr1	157720	+	18	6	CG	CGC
chr1	157754	+	22	15	CG	CGC
chr1	157801	+	23	6	CG	CGC
chr1	157831	+	20	11	CG	CGC
chr1	157847	+	20	9	CG	CGC
chr1	157926	+	24	10	CG	CGC
chr1	157982	+	21	11	CG	CGC
chr1	158082	+	20	13	CG	CGC
chr1	158165	+	20	7	CG	CGC
chr1	158265	+	21	6	CG	CGC
chr1	158365	+	31	5	CG	CGC
chr1	158419	+	29	11	CG	CGC
chr1	158433	+	19	13	CG	CGC
chr1	158448	+	19	8	CG	CGC
chr1	158464	+	21	5	CG	CGC
chr1	158489	+	16	13	CG	CGC
chr1	158539	+	18	11	CG	CGC
chr1	158570	+	20	16	CG	CGC
chr1	158611	+	36	3	CG	CGC
chr1	158640	+	21	3	CG	CGC
chr1	158661	+	21	7	CG	CGC
chr1	158686	+	13	10	CG	CGC
chr1	158707	+	12	5	CG	CGC
chr1	158724	+	19	16	CG	CGC
chr1	158767	+	17	12	CG	CGC
chr1	158793	+	22	8	CG	CGC
chr1	158812	+	23	12	CG	CGC
chr1	158845	+	18	7	CG	CGC
chr1	158886	+	23	4	CG	CGC
chr1	158946	+	25	5	CG	CGC
chr1	159046	+	25	6	CG	CGC
chr1	159146	+	25	5	CG	CGC
chr1	159246	+	15	14	CG	CGC
chr1	159393	+	16	8	CG	CGC
chr1	159405	+	25	7	CG	CGC
chr1	159419	+	17	5	CG	CGC
chr1	159435	+	22	9	CG	CGC
chr1	159450	+	23	7	CG	CGC
chr1	159466	+	17	9	CG	CGC
chr1	159484	+	34	4	CG	CGC
chr1	159503	+	12	9	CG	CGC
chr1	159542	+	17	15	CG	CGC
chr1	159590	+	26	7	CG	CGC
chr1	159608	+	12	5	CG	CGC
chr1	159623	+	26	4	CG	CGC
chr1	159668	+	14	13	CG	CGC
chr1	159717	+	8	18	CG	CGC
chr1	159767	+	15	11	CG	CGC
chr1	159788	+	26	11	CG	CGC
chr1	159805	+	22	4	CG	CGC
chr1	159851	+	25	14	CG	CGC
chr1	159901	+	12	9	CG	CGC
chr1	159932	+	18	7	CG	CGC
chr1	159982	+	19	5	CG	CGC
chr1	159984	+	30	7	CG	CGC
chr1	160064	+	31	1	CG	CGC
chr1	160164	+	16	15	CG	CGC
chr1	160264	+	16	14	CG	CGC
chr1	160364	+	13	12	CG	CGC
chr1	160420	+	31	4	CG	CGC
chr1	160498	+	13	18	CG	CGC
chr1	160548	+	10	10	CG	CGC
chr1	160609	+	14	12	CG	CGC
chr1	160625	+	4	28	CG	CGC
chr1	160640	+	5	27	CG	CGC
chr1	160689	+	5	23	CG	CGC
chr1	160739	+	2	26	CG	CGC
chr1	160758	+	3	29	CG	CGC
chr1	160777	+	4	20	CG	CGC
chr1	160795	+	2	21	CG	CGC
chr1	160832	+	3	35	CG	CGC
chr1	160882	+	3	28	CG	CGC
chr1	160897	+	3	25	CG	CGC
chr1	160915	+	5	28	CG	CGC
chr1	160939	+	2	22	CG	CGC
chr1	160971	+	3	30	CG	CGC
chr1	161001	+	3	22	CG	CGC
chr1	161033	+	5	19	CG	CGC
chr1	161049	+	5	30	CG	CGC
chr1	161069	+	3	30	CG	CGC
chr1	161099	+	7	25	CG	CGC
chr1	161145	+	1	22	CG	CGC
chr1	161163	+	1	27	CG	CGC
chr1	161196	+	0	27	CG	CGC
chr1	161218	+	1	36	CG	CGC
chr1	161234	+	2	28	CG	CGC
chr1	161249	+	3	30	CG	CGC
chr1	161349	+	3	20	CG	CGC
chr1	161417	+	6	27	CG	CGC
chr1	161517	+	4	26	CG	CGC
chr1	161567	+	4	30	CG	CGC
chr1	161667	+	4	29	CG	CGC
chr1	161762	+	2	22	CG	CGC
chr1	161862	+	2	25	CG	CGC
chr1	161872	+	0	26	CG	CGC
chr1	161884	+	2	16	CG	CGC
chr1	161929	+	9	24	CG	CGC
chr1	161979	+	4	26	CG	CGC
chr1	162000	+	6	15	CG	CGC
chr1	162031	+	8	20	CG	CGC
chr1	162081	+	7	27	CG	CGC
chr1	162118	+	9	17	CG	CGC
chr1	162158	+	6	30	CG	CGC
chr1	162187	+	9	21	CG	CGC
chr1	162211	+	5	20	CG	CGC
chr1	162246	+	10	32	CG	CGC
chr1	162278	+	5	16	CG	CGC
chr1	162318	+	7	26	CG	CGC
chr1	162368	+	10	17	CG	CGC
chr1	162380	+	9	24	CG	CGC
chr1	162453	+	6	19	CG	CGC
chr1	162513	+	4	20	CG	CGC
chr1	162613	+	5	28	CG	CGC
chr1	162713	+	4	24	CG	CGC
chr1	162794	+	6	24	CG	CGC
chr1	162878	+	2	32	CG	CGC
chr1	162904	+	17	8	CG	CGC
chr1	162945	+	24	8	CG	CGC
chr1	162962	+	23	10	CG	CGC
chr1	162979	+	21	14	CG	CGC
chr1	163019	+	17	11	CG	CGC
chr1	163039	+	13	6	CG	CGC
chr1	163089	+	22	4	CG	CGC
chr1	163115	+	25	8	CG	CGC
chr1	163161	+	20	9	CG	CGC
chr1	163182	+	22	5	CG	CGC
chr1	163204	+	29	3	CG	CGC
chr1	163219	+	18	7	CG	CGC
chr1	163243	+	21	8	CG	CGC
chr1	163263	+	21	10	CG	CGC
chr1	163278	+	16	9	CG	CGC
chr1	163307	+	23	9	CG	CGC
chr1	163357	+	23	11	CG	CGC
chr1	163378	+	17	11	CG	CGC
chr1	163405	+	26	10	CG	CGC
chr1	163435	+	19	11	CG	CGC
chr1	163535	+	25	2	CG	CGC
chr1	163611	+	22	6	CG	CGC
chr1	163661	+	26	3	CG	CGC
chr1	163735	+	21	8	CG	CGC
chr1	163794	+	16	6	CG	CGC
chr1	163858	+	18	5	CG	CGC
chr1	163937	+	16	8	CG	CGC
chr1	163959	+	35	3	CG	CGC
chr1	163964	+	21	15	CG	CGC
chr1	163980	+	11	25	CG	CGC
chr1	164008	+	10	13	CG	CGC
chr1	164040	+	8	14	CG	CGC
chr1	164073	+	20	12	CG	CGC
chr1	164119	+	9	16	CG	CGC
chr1	164169	+	16	16	CG	CGC
chr1	164202	+	20	12	CG	CGC
chr1	164232	+	8	12	CG	CGC
chr1	164247	+	9	14	CG	CGC
chr1	164271	+	15	15	CG	CGC
chr1	164321	+	10	20	CG	CGC
chr1	164340	+	14	12	CG	CGC
chr1	164390	+	12	12	CG	CGC
chr1	164406	+	15	20	CG	CGC
chr1	164445	+	14	14	CG	CGC
chr1	164479	+	9	19	CG	CGC
chr1	164499	+	14	18	CG	CGC
chr1	164514	+	8	20	CG	CGC
chr1	164541	+	7	12	CG	CGC
chr1	164637	+	14	15	CG	CGC
chr1	164737	+	5	15	CG	CGC
chr1	164837	+	16	13	CG	CGC
chr1	164888	+	20	16	CG	CGC
chr1	164938	+	11	16	CG	CGC
chr1	165038	+	9	18	CG	CGC
chr1	165058	+	35	1	CG	CGC
chr1	165094	+	21	6	CG	CGC
chr1	165156	+	27	2	CG	CGC
chr1	165172	+	29	8	CG	CGC
chr1	165288	+	15	5	CG	CGC
chr1	165332	+	26	2	CG	CGC
chr1	165490	+	18	6	CG	CGC
chr1	165504	+	28	7	CG	CGC
chr1	165536	+	23	6	CG	CGC
chr1	165563	+	12	11	CG	CGC
chr1	165612	+	24	14	CG	CGC
chr1	165653	+	18	8	CG	CGC
chr1	165703	+	17	9	CG	CGC
chr1	165729	+	21	8	CG	CGC
chr1	165770	+	8	13	CG	CGC
chr1	165820	+	15	10	CG	CGC
chr1	165844	+	12	11	CG	CGC
chr1	165884	+	20	14	CG	CGC
chr1	165934	+	19	15	CG	CGC
chr1	165972	+	19	13	CG	CGC
chr1	165988	+	18	17	CG	CGC
chr1	166034	+	17	22	CG	CGC
chr1	166066	+	12	15	CG	CGC
chr1	166116	+	14	12	CG	CGC
chr1	166216	+	18	11	CG	CGC
chr1	166316	+	15	15	CG	CGC
chr1	166416	+	12	16	CG	CGC
chr1	166504	+	16	11	CG	CGC
chr1	166536	+	25	7	CG	CGC
chr1	166598	+	13	17	CG	CGC
chr1	166616	+	22	9	CG	CGC
chr1	166637	+	28	8	CG	CGC
chr1	166673	+	28	8	CG	CGC
chr1	166693	+	23	7	CG	CGC
chr1	166734	+	26	5	CG	CGC
chr1	166765	+	22	11	CG	CGC
chr1	166813	+	16	5	CG	CGC
chr1	166841	+	31	3	CG	CGC
chr1	166879	+	23	6	CG	CGC
chr1	166894	+	28	6	CG	CGC
chr1	166909	+	26	7	CG	CGC
chr1	166929	+	34	6	CG	CGC
chr1	166964	+	26	7	CG	CGC
chr1	166984	+	26	9	CG	CGC
chr1	167027	+	32	5	CG	CGC
chr1	167050	+	34	8	CG	CGC
chr1	167126	+	28	3	CG	CGC
chr1	167226	+	19	4	CG	CGC
chr1	167303	+	20	3	CG	CGC
chr1	167403	+	22	10	CG	CGC
chr1	167477	+	23	4	CG	CGC
chr1	167529	+	25	0	CG	CGC
chr1	167562	+	19	7	CG	CGC
chr1	167600	+	21	2	CG	CGC
chr1	167650	+	22	5	CG	CGC
chr1	167665	+	27	6	CG	CGC
chr1	167681	+	26	5	CG	CGC
chr1	167712	+	25	6	CG	CGC
chr1	167727	+	18	5	CG	CGC
chr1	167758	+	20	8	CG	CGC
chr1	167808	+	28	3	CG	CGC
chr1	167839	+	19	3	CG	CGC
chr1	167889	+	35	2	CG	CGC
chr1	167925	+	24	7	CG	CGC
chr1	167959	+	21	12	CG	CGC
chr1	168009	+	15	4	CG	CGC
chr1	168101	+	26	4	CG	CGC
chr1	168201	+	20	9	CG	CGC
chr1	168301	+	18	4	CG	CGC
chr1	168395	+	21	5	CG	CGC
chr1	168401	+	24	9	CG	CGC
chr1	168406	+	8	21	CG	CGC
chr1	168421	+	13	14	CG	CGC
chr1	168442	+	13	21	CG	CGC
chr1	168457	+	16	19	CG	CGC
chr1	168507	+	14	12	CG	CGC
chr1	168533	+	15	14	CG	CGC
chr1	168564	+	3	13	CG	CGC
chr1	168579	+	11	26	CG	CGC
chr1	168598	+	12	14	CG	CGC
chr1	168628	+	9	14	CG	CGC
chr1	168643	+	4	24	CG	CGC
chr1	168688	+	8	26	CG	CGC
chr1	168720	+	8	21	CG	CGC
chr1	168744	+	8	20	CG	CGC
chr1	168773	+	16	16	CG	CGC
chr1	168795	+	7	28	CG	CGC
chr1	168810	+	9	19	CG	CGC
chr1	168843	+	10	16	CG	CGC
chr1	168858	+	13	17	CG	CGC
chr1	168863	+	10	19	CG	CGC
chr1	168963	+	10	23	CG	CGC
chr1	169053	+	8	14	CG	CGC
chr1	169153	+	13	16	CG	CGC
chr1	169204	+	12	20	CG	CGC
chr1	169254	+	11	26	CG	CGC
chr1	169288	+	15	9	CG	CGC
chr1	169336	+	20	10	CG	CGC
chr1	169368	+	14	14	CG	CGC
chr1	169600	+	14	16	CG	CGC
chr1	169686	+	23	13	CG	CGC
chr1	169716	+	9	18	CG	CGC
chr1	169724	+	23	10	CG	CGC
chr1	169734	+	17	17	CG	CGC
chr1	169777	+	33	7	CG	CGC
chr1	169799	+	19	9	CG	CGC
chr1	169849	+	21	8	CG	CGC
chr1	169887	+	16	8	CG	CGC
chr1	169920	+	19	13	CG	CGC
chr1	169945	+	16	7	CG	CGC
chr1	169978	+	15	10	CG	CGC
chr1	170028	+	16	9	CG	CGC
chr1	170043	+	17	13	CG	CGC
chr1	170060	+	17	12	CG	CGC
chr1	170110	+	22	9	CG	CGC
chr1	170125	+	19	13	CG	CGC
chr1	170139	+	20	10	CG	CGC
chr1	170239	+	16	11	CG	CGC
chr1	170339	+	18	15	CG	CGC
chr1	170404	+	20	16	CG	CGC
chr1	170504	+	15	20	CG	CGC
chr1	170614	+	25	3	CG	CGC
chr1	170658	+	35	1	CG	CGC
chr1	170766	+	27	4	CG	CGC
chr1	170778	+	21	3	CG	CGC
chr1	170830	+	15	3	CG	CGC
chr1	170928	+	16	4	CG	CGC
chr1	170930	+	19	9	CG	CGC
chr1	170984	+	28	3	CG	CGC
chr1	171029	+	30	5	CG	CGC
chr1	171054	+	13	10	CG	CGC
chr1	171082	+	20	8	CG	CGC
chr1	171110	+	14	17	CG	CGC
chr1	171152	+	19	16	CG	CGC
chr1	171172	+	21	18	CG	CGC
chr1	171196	+	21	9	CG	CGC
chr1	171211	+	19	15	CG	CGC
chr1	171229	+	29	13	CG	CGC
chr1	171256	+	20	13	CG	CGC
chr1	171280	+	18	6	CG	CGC
chr1	171295	+	35	8	CG	CGC
chr1	171334	+	20	8	CG	CGC
chr1	171353	+	16	10	CG	CGC
chr1	171368	+	17	13	CG	CGC
chr1	171404	+	19	12	CG	CGC
chr1	171450	+	26	10	CG	CGC
chr1	171465	+	22	17	CG	CGC
chr1	171507	+	14	13	CG	CGC
chr1	171534	+	20	13	CG	CGC
chr1	171541	+	34	11	CG	CGC
chr1	171592	+	22	7	CG	CGC
chr1	171683	+	29	5	CG	CGC
chr1	171778	+	21	10	CG	CGC
chr1	171878	+	13	8	CG	CGC
chr1	171978	+	14	16	CG	CGC
chr1	172014	+	14	11	CG	CGC
chr1	172020	+	23	7	CG	CGC
chr1	172070	+	22	10	CG	CGC
chr1	172110	+	13	12	CG	CGC
chr1	172129	+	17	8	CG	CGC
chr1	172144	+	16	13	CG	CGC
chr1	172194	+	24	8	CG	CGC
chr1	172221	+	22	8	CG	CGC
chr1	172254	+	16	21	CG	CGC
chr1	172286	+	14	10	CG	CGC
chr1	172326	+	7	22	CG	CGC
chr1	172341	+	10	20	CG	CGC
chr1	172376	+	9	13	CG	CGC
chr1	172397	+	12	13	CG	CGC
chr1	172423	+	16	14	CG	CGC
chr1	172446	+	21	20	CG	CGC
chr1	172466	+	21	14	CG	CGC
chr1	172481	+	31	9	CG	CGC
chr1	172503	+	15	6	CG	CGC
chr1	172540	+	24	11	CG	CGC
chr1	172573	+	22	15	CG	CGC
chr1	172673	+	18	4	CG	CGC
chr1	172723	+	23	7	CG	CGC
chr1	172823	+	25	14	CG	CGC
chr1	172923	+	32	7	CG	CGC
chr1	172975	+	16	8	CG	CGC
chr1	173025	+	19	11	CG	CGC
chr1	173125	+	29	9	CG	CGC
chr1	173195	+	22	9	CG	CGC
chr1	173267	+	26	5	CG	CGC
chr1	173289	+	17	8	CG	CGC
chr1	173299	+	23	12	CG	CGC
chr1	173357	+	23	8	CG	CGC
chr1	173491	+	14	12	CG	CGC
chr1	173529	+	20	11	CG	CGC
chr1	173569	+	21	21	CG	CGC
chr1	173599	+	26	4	CG	CGC
chr1	173630	+	7	26	CG	CGC
chr1	173646	+	6	16	CG	CGC
chr1	173666	+	3	22	CG	CGC
chr1	173704	+	3	14	CG	CGC
chr1	173735	+	12	19	CG	CGC
chr1	173767	+	5	20	CG	CGC
chr1	173789	+	7	23	CG	CGC
chr1	173818	+	5	31	CG	CGC
chr1	173857	+	6	16	CG	CGC
chr1	173875	+	11	25	CG	CGC
chr1	173907	+	8	25	CG	CGC
chr1	173922	+	7	28	CG	CGC
chr1	173972	+	5	30	CG	CGC
chr1	174002	+	3	31	CG	CGC
chr1	174052	+	13	20	CG	CGC
chr1	174066	+	12	24	CG	CGC
chr1	174166	+	6	23	CG	CGC
chr1	174255	+	3	32	CG	CGC
chr1	174332	+	1	16	CG	CGC
chr1	174432	+	4	23	CG	CGC
chr1	174496	+	9	25	CG	CGC
chr1	174498	+	5	29	CG	CGC
chr1	174503	+	20	9	CG	CGC
chr1	174537	+	20	11	CG	CGC
chr1	174579	+	12	22	CG	CGC
chr1	174595	+	13	14	CG	CGC
chr1	174628	+	20	13	CG	CGC
chr1	174678	+	20	15	CG	CGC
chr1	174696	+	14	15	CG	CGC
chr1	174714	+	21	10	CG	CGC
chr1	174748	+	11	16	CG	CGC
chr1	174763	+	11	18	CG	CGC
chr1	174796	+	15	14	CG	CGC
chr1	174824	+	19	14	CG	CGC
chr1	174874	+	13	12	CG	CGC
chr1	174919	+	14	17	CG	CGC
chr1	174957	+	13	16	CG	CGC
chr1	174995	+	10	21	CG	CGC
chr1	175011	+	17	20	CG	CGC
chr1	175014	+	14	15	CG	CGC
chr1	175114	+	19	17	CG	CGC
chr1	175191	+	12	8	CG	CGC
chr1	175241	+	18	15	CG	CGC
chr1	175331	+	18	12	CG	CGC
chr1	175431	+	13	22	CG	CGC
chr1	175517	+	19	8	CG	CGC
chr1	175519	+	22	12	CG	CGC
chr1	175609	+	24	11	CG	CGC
chr1	175703	+	21	13	CG	CGC
chr1	175721	+	29	7	CG	CGC
chr1	175727	+	21	10	CG	CGC
chr1	175871	+	23	4	CG	CGC
chr1	175921	+	18	8	CG	CGC
chr1	175933	+	17	14	CG	CGC
chr1	175964	+	19	9	CG	CGC
chr1	175979	+	20	12	CG	CGC
chr1	176000	+	14	17	CG	CGC
chr1	176029	+	17	14	CG	CGC
chr1	176052	+	13	11	CG	CGC
chr1	176102	+	18	11	CG	CGC
chr1	176152	+	14	11	CG	CGC
chr1	176177	+	20	10	CG	CGC
chr1	176209	+	18	8	CG	CGC
chr1	176224	+	17	6	CG	CGC
chr1	176253	+	15	10	CG	CGC
chr1	176303	+	19	10	CG	CGC
chr1	176325	+	21	13	CG	CGC
chr1	176351	+	16	11	CG	CGC
chr1	176366	+	25	8	CG	CGC
chr1	176389	+	18	13	CG	CGC
chr1	176404	+	19	7	CG	CGC
chr1	176419	+	23	11	CG	CGC
chr1	176469	+	18	12	CG	CGC
chr1	176478	+	19	10	CG	CGC
chr1	176578	+	20	9	CG	CGC
chr1	176654	+	27	12	CG	CGC
chr1	176723	+	17	12	CG	CGC
chr1	176823	+	25	17	CG	CGC
chr1	176923	+	18	18	CG	CGC
chr1	176977	+	16	13	CG	CGC
chr1	177003	+	18	9	CG	CGC
chr1	177067	+	17	13	CG	CGC
chr1	177091	+	3	25	CG	CGC
chr1	177126	+	4	24	CG	CGC
chr1	177147	+	3	27	CG	CGC
chr1	177197	+	8	20	CG	CGC
chr1	177216	+	4	25	CG	CGC
chr1	177250	+	3	19	CG	CGC
chr1	177268	+	4	21	CG	CGC
chr1	177286	+	0	30	CG	CGC
chr1	177301	+	1	23	CG	CGC
chr1	177336	+	10	22	CG	CGC
chr1	177357	+	1	32	CG	CGC
chr1	177379	+	4	30	CG	CGC
chr1	177416	+	6	19	CG	CGC
chr1	177466	+	3	36	CG	CGC
chr1	177496	+	6	24	CG	CGC
chr1	177523	+	4	25	CG	CGC
chr1	177551	+	2	24	CG	CGC
chr1	177584	+	2	36	CG	CGC
chr1	177618	+	9	34	CG	CGC
chr1	177632	+	4	31	CG	CGC
chr1	177690	+	2	20	CG	CGC
chr1	177740	+	0	29	CG	CGC
chr1	177806	+	4	25	CG	CGC
chr1	177884	+	5	28	CG	CGC
chr1	177934	+	7	22	CG	CGC
chr1	178034	+	2	33	CG	CGC
chr1	178134	+	6	18	CG	CGC
chr1	178222	+	0	30	CG	CGC
chr1	178266	+	2	25	CG	CGC
chr1	178290	+	5	18	CG	CGC
chr1	178305	+	5	24	CG	CGC
chr1	178328	+	2	20	CG	CGC
chr1	178361	+	2	31	CG	CGC
chr1	178403	+	5	27	CG	CGC
chr1	178423	+	1	33	CG	CGC
chr1	178455	+	4	20	CG	CGC
chr1	178479	+	1	26	CG	CGC
chr1	178517	+	0	25	CG	CGC
chr1	178543	+	7	25	CG	CGC
chr1	178581	+	2	24	CG	CGC
chr1	178609	+	3	27	CG	CGC
chr1	178658	+	4	20	CG	CGC
chr1	178706	+	2	23	CG	CGC
chr1	178756	+	2	26	CG	CGC
chr1	178855	+	4	35	CG	CGC
chr1	178926	+	6	32	CG	CGC
chr1	179026	+	1	27	CG	CGC
chr1	179076	+	7	26	CG	CGC
chr1	179082	+	6	21	CG	CGC
chr1	179092	+	0	37	CG	CGC
chr1	179140	+	19	8	CG	CGC
chr1	179167	+	24	4	CG	CGC
chr1	179197	+	19	15	CG	CGC
chr1	179225	+	18	6	CG	CGC
chr1	179275	+	30	6	CG	CGC
chr1	179300	+	20	7	CG	CGC
chr1	179328	+	11	6	CG	CGC
chr1	179378	+	27	0	CG	CGC
chr1	179402	+	16	4	CG	CGC
chr1	179426	+	17	8	CG	CGC
chr1	179471	+	23	7	CG	CGC
chr1	179511	+	21	11	CG	CGC
chr1	179526	+	18	6	CG	CGC
chr1	179541	+	27	2	CG	CGC
chr1	179579	+	21	6	CG	CGC
chr1	179597	+	19	14	CG	CGC
chr1	179633	+	17	5	CG	CGC
chr1	179654	+	26	8	CG	CGC
chr1	179672	+	29	3	CG	CGC
chr1	179772	+	32	3	CG	CGC
chr1	179822	+	23	11	CG	CGC
chr1	179922	+	23	7	CG	CGC
chr1	180022	+	21	4	CG	CGC
chr1	180122	+	21	3	CG	CGC
chr1	180195	+	16	4	CG	CGC
chr1	180223	+	23	5	CG	CGC
chr1	180229	+	19	16	CG	CGC
chr1	180279	+	16	10	CG	CGC
chr1	180303	+	17	21	CG	CGC
chr1	180323	+	19	9	CG	CGC
chr1	180343	+	10	12	CG	CGC
chr1	180389	+	15	10	CG	CGC
chr1	180435	+	17	11	CG	CGC
chr1	180469	+	16	10	CG	CGC
chr1	180491	+	19	11	CG	CGC
chr1	180508	+	12	15	CG	CGC
chr1	180526	+	15	17	CG	CGC
chr1	180555	+	19	10	CG	CGC
chr1	180599	+	20	16	CG	CGC
chr1	180614	+	13	17	CG	CGC
chr1	180644	+	16	10	CG	CGC
chr1	180670	+	13	14	CG	CGC
chr1	180686	+	27	13	CG	CGC
chr1	180688	+	18	15	CG	CGC
chr1	180767	+	18	15	CG	CGC
chr1	180867	+	16	12	CG	CGC
chr1	180917	+	14	13	CG	CGC
chr1	181017	+	11	16	CG	CGC
chr1	181096	+	23	11	CG	CGC
chr1	181240	+	30	6	CG	CGC
chr1	181370	+	24	3	CG	CGC
chr1	181384	+	20	10	CG	CGC
chr1	181502	+	25	2	CG	CGC
chr1	181552	+	30	8	CG	CGC
chr1	181562	+	21	14	CG	CGC
chr1	181567	+	14	14	CG	CGC
chr1	181582	+	15	10	CG	CGC
chr1	181599	+	19	9	CG	CGC
chr1	181636	+	20	9	CG	CGC
chr1	181686	+	17	8	CG	CGC
chr1	181736	+	16	7	CG	CGC
chr1	181756	+	20	7	CG	CGC
chr1	181795	+	20	8	CG	CGC
chr1	181821	+	28	9	CG	CGC
chr1	181845	+	22	8	CG	CGC
chr1	181883	+	18	16	CG	CGC
chr1	181919	+	22	15	CG	CGC
chr1	181934	+	23	12	CG	CGC
chr1	181960	+	23	10	CG	CGC
chr1	181991	+	20	10	CG	CGC
chr1	182025	+	23	7	CG	CGC
chr1	182075	+	22	10	CG	CGC
chr1	182106	+	16	11	CG	CGC
chr1	182114	+	21	11	CG	CGC
chr1	182203	+	16	10	CG	CGC
chr1	182293	+	22	10	CG	CGC
chr1	182393	+	14	7	CG	CGC
chr1	182493	+	28	10	CG	CGC
chr1	182593	+	18	8	CG	CGC
chr1	182607	+	23	5	CG	CGC
chr1	182759	+	38	1	CG	CGC
chr1	182819	+	31	2	CG	CGC
chr1	182885	+	32	6	CG	CGC
chr1	183073	+	32	0	CG	CGC
chr1	183082	+	21	15	CG	CGC
chr1	183125	+	13	7	CG	CGC
chr1	183140	+	18	11	CG	CGC
chr1	183183	+	23	7	CG	CGC
chr1	183229	+	21	9	CG	CGC
chr1	183273	+	24	8	CG	CGC
chr1	183291	+	18	10	CG	CGC
chr1	183316	+	13	11	CG	CGC
chr1	183351	+	24	7	CG	CGC
chr1	183380	+	14	12	CG	CGC
chr1	183403	+	15	14	CG	CGC
chr1	183428	+	19	15	CG	CGC
chr1	183455	+	22	17	CG	CGC
chr1	183505	+	22	11	CG	CGC
chr1	183526	+	17	12	CG	CGC
chr1	183548	+	23	8	CG	CGC
chr1	183598	+	16	14	CG	CGC
chr1	183625	+	13	13	CG	CGC
chr1	183635	+	15	11	CG	CGC
chr1	183735	+	25	10	CG	CGC
chr1	183788	+	27	14	CG	CGC
chr1	183888	+	13	7	CG	CGC
chr1	183988	+	16	5	CG	CGC
chr1	184052	+	19	15	CG	CGC
chr1	184152	+	21	7	CG	CGC
chr1	184168	+	28	7	CG	CGC
chr1	184228	+	17	5	CG	CGC
chr1	184248	+	21	2	CG	CGC
chr1	184258	+	33	1	CG	CGC
chr1	184266	+	20	10	CG	CGC
chr1	184306	+	18	6	CG	CGC
chr1	184350	+	19	8	CG	CGC
chr1	184358	+	21	8	CG	CGC
chr1	184446	+	22	4	CG	CGC
chr1	184488	+	19	8	CG	CGC
chr1	184510	+	25	3	CG	CGC
chr1	184526	+	16	2	CG	CGC
chr1	184568	+	24	7	CG	CGC
chr1	184618	+	29	1	CG	CGC
chr1	184645	+	25	6	CG	CGC
chr1	184685	+	22	4	CG	CGC
chr1	184711	+	24	5	CG	CGC
chr1	184746	+	32	4	CG	CGC
chr1	184796	+	30	1	CG	CGC
chr1	184826	+	20	4	CG	CGC
chr1	184854	+	29	2	CG	CGC
chr1	184884	+	25	7	CG	CGC
chr1	184916	+	25	5	CG	CGC
chr1	184955	+	23	6	CG	CGC
chr1	184998	+	29	2	CG	CGC
chr1	185019	+	18	4	CG	CGC
chr1	185047	+	20	4	CG	CGC
chr1	185056	+	27	10	CG	CGC
chr1	185149	+	26	8	CG	CGC
chr1	185206	+	28	4	CG	CGC
chr1	185306	+	23	4	CG	CGC
chr1	185406	+	26	1	CG	CGC
chr1	185506	+	31	4	CG	CGC
chr1	185573	+	18	6	CG	CGC
chr1	185585	+	29	6	CG	CGC
chr1	185587	+	21	9	CG	CGC
chr1	185623	+	18	10	CG	CGC
chr1	185651	+	11	14	CG	CGC
chr1	185675	+	16	8	CG	CGC
chr1	185693	+	13	13	CG	CGC
chr1	185733	+	19	12	CG	CGC
chr1	185769	+	10	12	CG	CGC
chr1	185800	+	20	9	CG	CGC
chr1	185831	+	18	9	CG	CGC
chr1	185846	+	15	14	CG	CGC
chr1	185896	+	26	13	CG	CGC
chr1	185922	+	19	12	CG	CGC
chr1	185952	+	19	12	CG	CGC
chr1	186002	+	15	10	CG	CGC
chr1	186021	+	14	9	CG	CGC
chr1	186048	+	14	16	CG	CGC
chr1	186078	+	15	11	CG	CGC
chr1	186125	+	16	9	CG	CGC
chr1	186152	+	16	8	CG	CGC
chr1	186175	+	21	12	CG	CGC
chr1	186225	+	19	11	CG	CGC
chr1	186315	+	24	12	CG	CGC
chr1	186411	+	19	11	CG	CGC
chr1	186511	+	17	9	CG	CGC
chr1	186607	+	17	8	CG	CGC
chr1	186707	+	16	22	CG	CGC
chr1	186725	+	23	10	CG	CGC
chr1	186771	+	25	12	CG	CGC
chr1	186793	+	28	6	CG	CGC
chr1	186843	+	21	4	CG	CGC
chr1	186885	+	26	7	CG	CGC
chr1	186909	+	30	4	CG	CGC
chr1	186959	+	24	5	CG	CGC
chr1	186980	+	26	5	CG	CGC
chr1	187011	+	28	12	CG	CGC
chr1	187029	+	25	9	CG	CGC
chr1	187056	+	24	8	CG	CGC
chr1	187085	+	17	5	CG	CGC
chr1	187111	+	17	16	CG	CGC
chr1	187127	+	16	10	CG	CGC
chr1	187151	+	26	8	CG	CGC
chr1	187171	+	22	7	CG	CGC
chr1	187200	+	20	9	CG	CGC
chr1	187230	+	23	5	CG	CGC
chr1	187237	+	21	7	CG	CGC
chr1	187293	+	21	5	CG	CGC
chr1	187393	+	21	6	CG	CGC
chr1	187493	+	19	3	CG	CGC
chr1	187593	+	18	7	CG	CGC
chr1	187660	+	17	13	CG	CGC
chr1	187672	+	26	3	CG	CGC
chr1	187693	+	23	13	CG	CGC
chr1	187709	+	21	13	CG	CGC
chr1	187729	+	15	15	CG	CGC
chr1	187752	+	25	8	CG	CGC
chr1	187797	+	15	10	CG	CGC
chr1	187815	+	16	5	CG	CGC
chr1	187865	+	18	7	CG	CGC
chr1	187915	+	24	10	CG	CGC
chr1	187947	+	19	11	CG	CGC
chr1	187970	+	17	12	CG	CGC
chr1	187989	+	18	9	CG	CGC
chr1	188016	+	18	13	CG	CGC
chr1	188038	+	22	8	CG	CGC
chr1	188077	+	15	12	CG	CGC
chr1	188127	+	13	12	CG	CGC
chr1	188147	+	22	10	CG	CGC
chr1	188162	+	28	6	CG	CGC
chr1	188203	+	18	9	CG	CGC
chr1	188219	+	21	13	CG	CGC
chr1	188235	+	11	11	CG	CGC
chr1	188298	+	22	8	CG	CGC
chr1	188354	+	22	12	CG	CGC
chr1	188454	+	13	17	CG	CGC
chr1	188524	+	29	13	CG	CGC
chr1	188624	+	12	10	CG	CGC
chr1	188710	+	31	6	CG	CGC
chr1	188726	+	21	11	CG	CGC
chr1	188800	+	20	11	CG	CGC
chr1	188823	+	21	3	CG	CGC
chr1	188855	+	29	0	CG	CGC
chr1	188877	+	26	4	CG	CGC
chr1	188912	+	33	3	CG	CGC
chr1	188942	+	20	2	CG	CGC
chr1	188992	+	21	1	CG	CGC
chr1	189020	+	30	5	CG	CGC
chr1	189062	+	21	4	CG	CGC
chr1	189081	+	30	5	CG	CGC
chr1	189112	+	21	8	CG	CGC
chr1	189148	+	29	3	CG	CGC
chr1	189167	+	20	1	CG	CGC
chr1	189201	+	22	1	CG	CGC
chr1	189218	+	21	7	CG	CGC
chr1	189233	+	30	4	CG	CGC
chr1	189266	+	27	6	CG	CGC
chr1	189315	+	21	2	CG	CGC
chr1	189318	+	29	3	CG	CGC
chr1	189418	+	34	2	CG	CGC
chr1	189518	+	38	2	CG	CGC
chr1	189568	+	25	2	CG	CGC
chr1	189661	+	15	3	CG	CGC
chr1	189711	+	23	2	CG	CGC
chr1	189811	+	34	3	CG	CGC
chr1	189829	+	36	1	CG	CGC
chr1	189847	+	26	6	CG	CGC
chr1	189867	+	2	27	CG	CGC
chr1	189917	+	1	28	CG	CGC
chr1	189932	+	2	26	CG	CGC
chr1	189982	+	1	34	CG	CGC
chr1	190007	+	4	23	CG	CGC
chr1	190057	+	0	28	CG	CGC
chr1	190082	+	4	30	CG	CGC
chr1	190104	+	2	28	CG	CGC
chr1	190128	+	3	32	CG	CGC
chr1	190159	+	7	18	CG	CGC
chr1	190174	+	5	27	CG	CGC
chr1	190222	+	5	19	CG	CGC
chr1	190256	+	0	32	CG	CGC
chr1	190271	+	0	28	CG	CGC
chr1	190286	+	7	23	CG	CGC
chr1	190312	+	4	26	CG	CGC
chr1	190331	+	3	26	CG	CGC
chr1	190346	+	5	25	CG	CGC
chr1	190350	+	2	31	CG	CGC
chr1	190450	+	0	23	CG	CGC
chr1	190500	+	5	27	CG	CGC
chr1	190600	+	7	22	CG	CGC
chr1	190691	+	2	23	CG	CGC
chr1	190769	+	4	22	CG	CGC
chr1	190841	+	3	23	CG	CGC
chr1	190853	+	13	14	CG	CGC
chr1	190872	+	16	8	CG	CGC
chr1	190917	+	20	11	CG	CGC
chr1	190947	+	14	11	CG	CGC
chr1	190983	+	14	11	CG	CGC
chr1	191005	+	18	6	CG	CGC
chr1	191046	+	18	11	CG	CGC
chr1	191096	+	12	8	CG	CGC
chr1	191128	+	27	4	CG	CGC
chr1	191145	+	23	8	CG	CGC
chr1	191189	+	26	8	CG	CGC
chr1	191215	+	19	11	CG	CGC
chr1	191260	+	19	19	CG	CGC
chr1	191275	+	19	9	CG	CGC
chr1	191300	+	19	9	CG	CGC
chr1	191316	+	22	6	CG	CGC
chr1	191336	+	18	7	CG	CGC
chr1	191356	+	19	6	CG	CGC
chr1	191406	+	21	5	CG	CGC
chr1	191425	+	22	5	CG	CGC
chr1	191525	+	19	4	CG	CGC
chr1	191625	+	27	4	CG	CGC
chr1	191725	+	27	7	CG	CGC
chr1	191825	+	13	18	CG	CGC
chr1	191925	+	16	11	CG	CGC
chr1	191949	+	23	10	CG	CGC
chr1	191957	+	22	20	CG	CGC
chr1	191976	+	21	12	CG	CGC
chr1	191997	+	13	9	CG	CGC
chr1	192012	+	18	9	CG	CGC
chr1	192029	+	14	11	CG	CGC
chr1	192065	+	22	14	CG	CGC
chr1	192080	+	20	9	CG	CGC
chr1	192114	+	20	12	CG	CGC
chr1	192146	+	17	14	CG	CGC
chr1	192161	+	24	15	CG	CGC
chr1	192203	+	12	13	CG	CGC
chr1	192222	+	14	9	CG	CGC
chr1	192260	+	15	10	CG	CGC
chr1	192310	+	20	13	CG	CGC
chr1	192349	+	15	18	CG	CGC
chr1	192398	+	7	11	CG	CGC
chr1	192446	+	17	14	CG	CGC
chr1	192469	+	19	16	CG	CGC
chr1	192544	+	15	11	CG	CGC
chr1	192594	+	16	12	CG	CGC
chr1	192674	+	20	11	CG	CGC
chr1	192760	+	17	13	CG	CGC
chr1	192860	+	15	17	CG	CGC
chr1	192958	+	16	7	CG	CGC
chr1	193062	+	21	2	CG	CGC
chr1	193088	+	23	4	CG	CGC
chr1	193090	+	26	4	CG	CGC
chr1	193098	+	32	6	CG	CGC
chr1	193266	+	31	7	CG	CGC
chr1	193284	+	18	11	CG	CGC
chr1	193300	+	23	10	CG	CGC
chr1	193402	+	31	0	CG	CGC
chr1	193421	+	16	9	CG	CGC
chr1	193454	+	26	10	CG	CGC
chr1	193474	+	20	7	CG	CGC
chr1	193492	+	20	9	CG	CGC
chr1	193510	+	13	11	CG	CGC
chr1	193525	+	22	15	CG	CGC
chr1	193543	+	18	11	CG	CGC
chr1	193567	+	20	11	CG	CGC
chr1	193593	+	20	9	CG	CGC
chr1	193635	+	13	9	CG	CGC
chr1	193650	+	30	9	CG	CGC
chr1	193666	+	17	14	CG	CGC
chr1	193687	+	18	10	CG	CGC
chr1	193724	+	22	8	CG	CGC
chr1	193744	+	20	8	CG	CGC
chr1	193763	+	24	18	CG	CGC
chr1	193791	+	18	11	CG	CGC
chr1	193841	+	26	9	CG	CGC
chr1	193872	+	21	14	CG	CGC
chr1	193890	+	24	9	CG	CGC
chr1	193907	+	18	10	CG	CGC
chr1	193957	+	26	6	CG	CGC
chr1	194057	+	20	11	CG	CGC
chr1	194157	+	27	5	CG	CGC
chr1	194257	+	24	9	CG	CGC
chr1	194357	+	23	9	CG	CGC
chr1	194405	+	20	10	CG	CGC
chr1	194443	+	22	7	CG	CGC
chr1	194453	+	19	11	CG	CGC
chr1	194494	+	21	17	CG	CGC
chr1	194522	+	17	15	CG	CGC
chr1	194549	+	20	8	CG	CGC
chr1	194593	+	23	13	CG	CGC
chr1	194643	+	20	9	CG	CGC
chr1	194684	+	19	13	CG	CGC
chr1	194716	+	18	20	CG	CGC
chr1	194731	+	10	14	CG	CGC
chr1	194761	+	25	8	CG	CGC
chr1	194780	+	15	8	CG	CGC
chr1	194815	+	18	9	CG	CGC
chr1	194839	+	16	13	CG	CGC
chr1	194889	+	17	17	CG	CGC
chr1	194939	+	16	6	CG	CGC
chr1	194980	+	23	14	CG	CGC
chr1	194991	+	23	11	CG	CGC
chr1	195052	+	15	14	CG	CGC
chr1	195152	+	19	18	CG	CGC
chr1	195244	+	26	9	CG	CGC
chr1	195344	+	17	17	CG	CGC
chr1	195394	+	12	13	CG	CGC
chr1	195444	+	18	14	CG	CGC
chr1	195528	+	19	11	CG	CGC
chr1	195554	+	16	2	CG	CGC
chr1	195562	+	18	4	CG	CGC
chr1	195606	+	27	6	CG	CGC
chr1	195714	+	29	6	CG	CGC
chr1	195716	+	29	6	CG	CGC
chr1	195790	+	27	1	CG	CGC
chr1	195852	+	21	3	CG	CGC
chr1	195906	+	27	3	CG	CGC
chr1	195924	+	30	0	CG	CGC
chr1	195952	+	18	10	CG	CGC
chr1	195965	+	17	3	CG	CGC
chr1	195980	+	27	2	CG	CGC
chr1	196001	+	22	4	CG	CGC
chr1	196051	+	26	3	CG	CGC
chr1	196066	+	19	2	CG	CGC
chr1	196091	+	28	1	CG	CGC
chr1	196110	+	23	9	CG	CGC
chr1	196147	+	23	6	CG	CGC
chr1	196169	+	25	2	CG	CGC
chr1	196202	+	23	5	CG	CGC
chr1	196252	+	23	5	CG	CGC
chr1	196281	+	24	6	CG	CGC
chr1	196302	+	23	5	CG	CGC
chr1	196352	+	21	3	CG	CGC
chr1	196377	+	32	4	CG	CGC
chr1	196417	+	36	2	CG	CGC
chr1	196436	+	26	2	CG	CGC
chr1	196536	+	22	3	CG	CGC
chr1	196636	+	24	7	CG	CGC
chr1	196736	+	27	1	CG	CGC
chr1	196816	+	22	5	CG	CGC
chr1	196910	+	27	5	CG	CGC
chr1	196949	+	19	7	CG	CGC
chr1	196967	+	15	11	CG	CGC
chr1	196988	+	24	9	CG	CGC
chr1	197025	+	19	7	CG	CGC
chr1	197065	+	21	5	CG	CGC
chr1	197083	+	28	7	CG	CGC
chr1	197133	+	19	13	CG	CGC
chr1	197166	+	12	14	CG	CGC
chr1	197205	+	21	8	CG	CGC
chr1	197241	+	18	16	CG	CGC
chr1	197256	+	18	15	CG	CGC
chr1	197306	+	15	9	CG	CGC
chr1	197356	+	17	8	CG	CGC
chr1	197382	+	20	9	CG	CGC
chr1	197432	+	23	7	CG	CGC
chr1	197465	+	16	6	CG	CGC
chr1	197471	+	20	6	CG	CGC
chr1	197560	+	25	9	CG	CGC
chr1	197651	+	21	11	CG	CGC
chr1	197751	+	24	9	CG	CGC
chr1	197851	+	15	10	CG	CGC
chr1	197951	+	21	6	CG	CGC
chr1	197961	+	27	7	CG	CGC
chr1	197999	+	15	9	CG	CGC
chr1	198014	+	22	7	CG	CGC
chr1	198033	+	16	9	CG	CGC
chr1	198072	+	18	7	CG	CGC
chr1	198122	+	23	6	CG	CGC
chr1	198157	+	19	5	CG	CGC
chr1	198183	+	28	4	CG	CGC
chr1	198233	+	21	11	CG	CGC
chr1	198256	+	22	10	CG	CGC
chr1	198276	+	23	7	CG	CGC
chr1	198321	+	27	8	CG	CGC
chr1	198371	+	20	7	CG	CGC
chr1	198386	+	15	9	CG	CGC
chr1	198436	+	18	4	CG	CGC
chr1	198483	+	23	5	CG	CGC
chr1	198528	+	24	7	CG	CGC
chr1	198574	+	32	10	CG	CGC
chr1	198605	+	25	6	CG	CGC
chr1	198705	+	22	7	CG	CGC
chr1	198791	+	19	7	CG	CGC
chr1	198841	+	19	11	CG	CGC
chr1	198899	+	25	3	CG	CGC
chr1	198999	+	26	5	CG	CGC
chr1	199099	+	23	8	CG	CGC
chr1	199162	+	26	11	CG	CGC
chr1	199186	+	24	5	CG	CGC
chr1	199196	+	15	16	CG	CGC
chr1	199246	+	16	16	CG	CGC
chr1	199274	+	12	18	CG	CGC
chr1	199291	+	13	17	CG	CGC
chr1	199338	+	12	17	CG	CGC
chr1	199353	+	9	17	CG	CGC
chr1	199377	+	11	11	CG	CGC
chr1	199421	+	8	16	CG	CGC
chr1	199436	+	7	14	CG	CGC
chr1	199477	+	7	18	CG	CGC
chr1	199503	+	10	15	CG	CGC
chr1	199540	+	14	17	CG	CGC
chr1	199566	+	12	15	CG	CGC
chr1	199581	+	16	17	CG	CGC
chr1	199631	+	11	14	CG	CGC
chr1	199652	+	10	15	CG	CGC
chr1	199683	+	16	25	CG	CGC
chr1	199733	+	13	21	CG	CGC
chr1	199775	+	9	23	CG	CGC
chr1	199825	+	10	22	CG	CGC
chr1	199925	+	11	15	CG	CGC
chr1	199975	+	11	12	CG	CGC
chr1	200075	+	10	21	CG	CGC
chr1	200175	+	12	21	CG	CGC
chr1	200275	+	17	11	CG	CGC
chr1	200321	+	3	25	CG	CGC
chr1	200467	+	2	25	CG	CGC
chr1	200703	+	1	26	CG	CGC
chr1	200711	+	4	27	CG	CGC
chr1	200721	+	5	22	CG	CGC
chr1	200747	+	3	27	CG	CGC
chr1	200756	+	10	13	CG	CGC
chr1	200771	+	18	19	CG	CGC
chr1	200787	+	9	18	CG	CGC
chr1	200837	+	17	14	CG	CGC
chr1	200871	+	17	14	CG	CGC
chr1	200921	+	16	19	CG	CGC
chr1	200971	+	15	13	CG	CGC
chr1	200994	+	14	12	CG	CGC
chr1	201011	+	19	14	CG	CGC
chr1	201061	+	21	10	CG	CGC
chr1	201092	+	13	17	CG	CGC
chr1	201127	+	12	7	CG	CGC
chr1	201156	+	9	11	CG	CGC
chr1	201204	+	15	12	CG	CGC
chr1	201247	+	14	17	CG	CGC
chr1	201268	+	9	16	CG	CGC
chr1	201279	+	14	21	CG	CGC
chr1	201329	+	11	22	CG	CGC
chr1	201429	+	11	18	CG	CGC
chr1	201529	+	22	10	CG	CGC
chr1	201629	+	21	18	CG	CGC
chr1	201721	+	13	10	CG	CGC
chr1	201798	+	21	14	CG	CGC
chr1	201842	+	24	6	CG	CGC
chr1	201874	+	14	8	CG	CGC
chr1	201878	+	23	14	CG	CGC
chr1	201898	+	26	3	CG	CGC
chr1	201940	+	21	6	CG	CGC
chr1	202078	+	20	12	CG	CGC
chr1	202138	+	26	7	CG	CGC
chr1	202232	+	15	7	CG	CGC
chr1	202276	+	23	9	CG	CGC
chr1	202294	+	17	9	CG	CGC
chr1	202332	+	19	7	CG	CGC
chr1	202370	+	23	7	CG	CGC
chr1	202390	+	16	4	CG	CGC
chr1	202410	+	28	11	CG	CGC
chr1	202443	+	19	9	CG	CGC
chr1	202458	+	28	4	CG	CGC
chr1	202495	+	25	3	CG	CGC
chr1	202516	+	25	6	CG	CGC
chr1	202560	+	19	8	CG	CGC
chr1	202581	+	21	9	CG	CGC
chr1	202631	+	24	3	CG	CGC
chr1	202681	+	27	6	CG	CGC
chr1	202706	+	20	15	CG	CGC
chr1	202733	+	16	6	CG	CGC
chr1	202756	+	20	5	CG	CGC
chr1	202795	+	24	11	CG	CGC
chr1	202845	+	29	9	CG	CGC
chr1	202850	+	18	3	CG	CGC
chr1	202900	+	23	6	CG	CGC
chr1	203000	+	20	16	CG	CGC
chr1	203100	+	25	4	CG	CGC
chr1	203190	+	26	3	CG	CGC
chr1	203290	+	16	6	CG	CGC
chr1	203308	+	26	11	CG	CGC
chr1	203384	+	23	5	CG	CGC
chr1	203428	+	24	3	CG	CGC
chr1	203478	+	15	9	CG	CGC
chr1	203495	+	21	4	CG	CGC
chr1	203545	+	25	8	CG	CGC
chr1	203576	+	24	6	CG	CGC
chr1	203594	+	18	5	CG	CGC
chr1	203644	+	24	9	CG	CGC
chr1	203676	+	29	5	CG	CGC
chr1	203713	+	19	2	CG	CGC
chr1	203738	+	21	6	CG	CGC
chr1	203780	+	26	3	CG	CGC
chr1	203826	+	35	3	CG	CGC
chr1	203849	+	20	3	CG	CGC
chr1	203867	+	23	5	CG	CGC
chr1	203907	+	25	5	CG	CGC
chr1	203924	+	20	6	CG	CGC
chr1	203940	+	24	3	CG	CGC
chr1	204040	+	21	3	CG	CGC
chr1	204140	+	34	4	CG	CGC
chr1	204190	+	21	6	CG	CGC
chr1	204290	+	36	5	CG	CGC
chr1	204373	+	25	4	CG	CGC
chr1	204423	+	25	6	CG	CGC
chr1	204455	+	27	2	CG	CGC
chr1	204468	+	19	8	CG	CGC
chr1	204513	+	18	11	CG	CGC
chr1	204539	+	31	10	CG	CGC
chr1	204562	+	18	8	CG	CGC
chr1	204584	+	23	9	CG	CGC
chr1	204608	+	18	14	CG	CGC
chr1	204658	+	15	9	CG	CGC
chr1	204676	+	18	8	CG	CGC
chr1	204726	+	15	13	CG	CGC
chr1	204750	+	17	12	CG	CGC
chr1	204791	+	20	15	CG	CGC
chr1	204833	+	27	5	CG	CGC
chr1	204883	+	15	7	CG	CGC
chr1	204901	+	17	12	CG	CGC
chr1	204979	+	18	9	CG	CGC
chr1	205050	+	24	9	CG	CGC
chr1	205100	+	18	10	CG	CGC
chr1	205150	+	21	15	CG	CGC
chr1	205200	+	13	10	CG	CGC
chr1	205300	+	23	8	CG	CGC
chr1	205324	+	22	6	CG	CGC
chr1	205333	+	25	5	CG	CGC
chr1	205383	+	21	7	CG	CGC
chr1	205418	+	22	9	CG	CGC
chr1	205468	+	24	4	CG	CGC
chr1	205492	+	19	10	CG	CGC
chr1	205529	+	20	6	CG	CGC
chr1	205549	+	15	14	CG	CGC
chr1	205597	+	16	17	CG	CGC
chr1	205633	+	16	12	CG	CGC
chr1	205650	+	16	15	CG	CGC
chr1	205669	+	18	13	CG	CGC
chr1	205687	+	26	4	CG	CGC
chr1	205727	+	32	4	CG	CGC
chr1	205745	+	28	6	CG	CGC
chr1	205845	+	18	5	CG	CGC
chr1	205945	+	37	0	CG	CGC
chr1	206045	+	28	6	CG	CGC
chr1	206145	+	27	8	CG	CGC
chr1	206207	+	25	1	CG	CGC
chr1	206303	+	23	2	CG	CGC
chr1	206375	+	30	6	CG	CGC
chr1	206387	+	31	5	CG	CGC
chr1	206397	+	34	6	CG	CGC
chr1	206465	+	23	1	CG	CGC
chr1	206539	+	33	4	CG	CGC
chr1	206609	+	20	5	CG	CGC
chr1	206618	+	8	20	CG	CGC
chr1	206653	+	6	22	CG	CGC
chr1	206681	+	9	20	CG	CGC
chr1	206731	+	9	24	CG	CGC
chr1	206746	+	6	19	CG	CGC
chr1	206796	+	13	25	CG	CGC
chr1	206816	+	6	29	CG	CGC
chr1	206856	+	5	21	CG	CGC
chr1	206877	+	4	24	CG	CGC
chr1	206899	+	6	18	CG	CGC
chr1	206931	+	7	26	CG	CGC
chr1	206948	+	5	22	CG	CGC
chr1	206976	+	10	24	CG	CGC
chr1	207009	+	4	20	CG	CGC
chr1	207024	+	5	28	CG	CGC
chr1	207040	+	8	17	CG	CGC
chr1	207060	+	9	23	CG	CGC
chr1	207110	+	9	19	CG	CGC
chr1	207129	+	8	19	CG	CGC
chr1	207145	+	6	20	CG	CGC
chr1	207245	+	6	22	CG	CGC
chr1	207317	+	5	16	CG	CGC
chr1	207382	+	8	19	CG	CGC
chr1	207482	+	7	21	CG	CGC
chr1	207541	+	7	25	CG	CGC
chr1	207641	+	8	21	CG	CGC
chr1	207713	+	0	29	CG	CGC
chr1	207863	+	1	22	CG	CGC
chr1	207911	+	3	28	CG	CGC
chr1	208077	+	2	35	CG	CGC
chr1	208141	+	5	21	CG	CGC
chr1	208173	+	17	8	CG	CGC
chr1	208205	+	18	9	CG	CGC
chr1	208255	+	19	9	CG	CGC
chr1	208287	+	26	9	CG	CGC
chr1	208324	+	12	13	CG	CGC
chr1	208339	+	12	17	CG	CGC
chr1	208360	+	23	8	CG	CGC
chr1	208386	+	18	12	CG	CGC
chr1	208413	+	15	8	CG	CGC
chr1	208435	+	23	8	CG	CGC
chr1	208474	+	12	10	CG	CGC
chr1	208495	+	16	15	CG	CGC
chr1	208516	+	27	5	CG	CGC
chr1	208545	+	23	13	CG	CGC
chr1	208587	+	18	11	CG	CGC
chr1	208604	+	12	11	CG	CGC
chr1	208643	+	16	18	CG	CGC
chr1	208681	+	22	6	CG	CGC
chr1	208704	+	16	9	CG	CGC
chr1	208764	+	19	13	CG	CGC
chr1	208840	+	16	8	CG	CGC
chr1	208935	+	22	8	CG	CGC
chr1	209035	+	21	22	CG	CGC
chr1	209128	+	21	11	CG	CGC
chr1	209228	+	22	8	CG	CGC
chr1	209292	+	19	9	CG	CGC
chr1	209326	+	2	27	CG	CGC
chr1	209368	+	1	28	CG	CGC
chr1	209387	+	2	32	CG	CGC
chr1	209405	+	5	23	CG	CGC
chr1	209432	+	2	30	CG	CGC
chr1	209464	+	1	24	CG	CGC
chr1	209514	+	2	26	CG	CGC
chr1	209541	+	3	29	CG	CGC
chr1	209573	+	5	16	CG	CGC
chr1	209591	+	2	25	CG	CGC
chr1	209633	+	0	28	CG	CGC
chr1	209651	+	7	30	CG	CGC
chr1	209670	+	0	29	CG	CGC
chr1	209685	+	10	25	CG	CGC
chr1	209727	+	11	18	CG	CGC
chr1	209751	+	1	33	CG	CGC
chr1	209783	+	2	19	CG	CGC
chr1	209818	+	3	37	CG	CGC
chr1	209857	+	1	27	CG	CGC
chr1	209918	+	3	26	CG	CGC
chr1	210018	+	6	27	CG	CGC
chr1	210118	+	2	34	CG	CGC
chr1	210216	+	3	19	CG	CGC
chr1	210316	+	6	28	CG	CGC
chr1	210322	+	4	23	CG	CGC
chr1	210404	+	0	42	CG	CGC
chr1	210439	+	25	6	CG	CGC
chr1	210465	+	18	11	CG	CGC
chr1	210480	+	29	11	CG	CGC
chr1	210499	+	16	9	CG	CGC
chr1	210549	+	17	5	CG	CGC
chr1	210590	+	25	23	CG	CGC
chr1	210615	+	15	17	CG	CGC
chr1	210660	+	24	9	CG	CGC
chr1	210675	+	23	8	CG	CGC
chr1	210721	+	16	8	CG	CGC
chr1	210771	+	25	12	CG	CGC
chr1	210792	+	20	6	CG	CGC
chr1	210833	+	17	7	CG	CGC
chr1	210883	+	26	11	CG	CGC
chr1	210898	+	18	7	CG	CGC
chr1	210916	+	13	5	CG	CGC
chr1	210943	+	19	6	CG	CGC
chr1	210985	+	18	12	CG	CGC
chr1	211004	+	22	11	CG	CGC
chr1	211104	+	21	9	CG	CGC
chr1	211203	+	17	11	CG	CGC
chr1	211267	+	26	9	CG	CGC
chr1	211317	+	24	9	CG	CGC
chr1	211417	+	15	7	CG	CGC
chr1	211504	+	11	6	CG	CGC
chr1	211564	+	23	8	CG	CGC
chr1	211578	+	17	7	CG	CGC
chr1	211617	+	23	6	CG	CGC
chr1	211657	+	19	7	CG	CGC
chr1	211701	+	24	6	CG	CGC
chr1	211748	+	20	4	CG	CGC
chr1	211763	+	23	8	CG	CGC
chr1	211812	+	11	9	CG	CGC
chr1	211845	+	22	3	CG	CGC
chr1	211893	+	23	10	CG	CGC
chr1	211943	+	18	9	CG	CGC
chr1	211990	+	22	9	CG	CGC
chr1	212015	+	15	8	CG	CGC
chr1	212056	+	17	12	CG	CGC
chr1	212156	+	24	11	CG	CGC
chr1	212217	+	30	6	CG	CGC
chr1	212271	+	24	11	CG	CGC
chr1	212371	+	16	10	CG	CGC
chr1	212471	+	23	7	CG	CGC
chr1	212561	+	25	9	CG	CGC
chr1	212595	+	19	3	CG	CGC
chr1	212611	+	16	4	CG	CGC
chr1	212650	+	23	6	CG	CGC
chr1	212697	+	25	5	CG	CGC
chr1	212740	+	32	8	CG	CGC
chr1	212790	+	22	4	CG	CGC
chr1	212806	+	19	13	CG	CGC
chr1	212843	+	29	7	CG	CGC
chr1	212893	+	27	7	CG	CGC
chr1	212943	+	30	5	CG	CGC
chr1	212983	+	27	2	CG	CGC
chr1	213033	+	23	5	CG	CGC
chr1	213055	+	19	2	CG	CGC
chr1	213070	+	23	7	CG	CGC
chr1	213102	+	29	0	CG	CGC
chr1	213200	+	25	2	CG	CGC
chr1	213299	+	27	4	CG	CGC
chr1	213399	+	23	3	CG	CGC
chr1	213472	+	20	8	CG	CGC
chr1	213572	+	28	6	CG	CGC
chr1	213640	+	25	4	CG	CGC
chr1	213668	+	24	6	CG	CGC
chr1	213675	+	0	20	CG	CGC
chr1	213700	+	2	23	CG	CGC
chr1	213725	+	3	25	CG	CGC
chr1	213741	+	1	30	CG	CGC
chr1	213782	+	5	22	CG	CGC
chr1	213804	+	7	24	CG	CGC
chr1	213833	+	2	23	CG	CGC
chr1	213883	+	2	33	CG	CGC
chr1	213898	+	3	21	CG	CGC
chr1	213923	+	6	32	CG	CGC
chr1	213959	+	5	27	CG	CGC
chr1	213990	+	4	31	CG	CGC
chr1	214005	+	4	17	CG	CGC
chr1	214031	+	1	27	CG	CGC
chr1	214081	+	13	16	CG	CGC
chr1	214113	+	15	21	CG	CGC
chr1	214135	+	11	17	CG	CGC
chr1	214158	+	10	19	CG	CGC
chr1	214165	+	9	13	CG	CGC
chr1	214265	+	12	20	CG	CGC
chr1	214365	+	17	20	CG	CGC
chr1	214427	+	9	24	CG	CGC
chr1	214527	+	0	30	CG	CGC
chr1	214621	+	5	30	CG	CGC
chr1	214735	+	7	32	CG	CGC
chr1	214795	+	3	30	CG	CGC
chr1	214837	+	0	25	CG	CGC
chr1	214863	+	2	28	CG	CGC
chr1	214873	+	4	32	CG	CGC
chr1	214887	+	5	19	CG	CGC
chr1	215053	+	3	30	CG	CGC
chr1	215117	+	1	21	CG	CGC
chr1	215119	+	7	28	CG	CGC
