chr1	100005	0.7819	33
chr1	100046	0.6893	32
chr1	100096	0.904	33
chr1	100123	0.7557	28
chr1	100150	0.8928	28
chr1	100200	0.9023	35
chr1	100244	0.986	36
chr1	100268	0.8787	28
chr1	100307	0.8515	22
chr1	100331	0.8816	36
chr1	100355	0.9379	33
chr1	100389	0.8204	31
chr1	100404	0.8042	30
chr1	100419	0.8983	35
chr1	100442	0.8393	33
chr1	100460	0.8025	26
chr1	100495	0.9764	33
chr1	100514	0.801	32
chr1	100529	0.8613	25
chr1	100629	0.8794	23
chr1	100716	0.805	34
chr1	100816	0.9689	36
chr1	100866	0.8547	43
chr1	100938	0.8433	22
chr1	101038	1.0	25
chr1	101074	0.8931	30
chr1	101182	0.926	29
chr1	101194	0.9389	27
chr1	101250	0.8299	35
chr1	101344	0.8714	25
chr1	101380	0.8586	33
chr1	101386	0.1477	29
chr1	101425	0.1312	27
chr1	101464	0.2984	29
chr1	101481	0.0925	42
chr1	101529	0.3412	27
chr1	101544	0.3443	33
chr1	101594	0.117	32
chr1	101610	0.1734	32
chr1	101637	0.1034	34
chr1	101687	0.1395	35
chr1	101719	0.1514	36
chr1	101764	0.0993	29
chr1	101805	0.0912	36
chr1	101808	0.2103	31
chr1	101908	0.1289	30
chr1	101984	0.1413	30
chr1	102084	0.1473	23
chr1	102134	0.1842	33
chr1	102188	0.273	28
chr1	102314	0.2269	31
chr1	102356	0.114	29
chr1	102456	0.1733	33
chr1	102472	0.1127	27
chr1	102478	0.0487	35
chr1	102498	0.206	30
chr1	102504	0.0238	35
chr1	102620	0.2289	27
chr1	102636	0.2091	37
chr1	102684	0.0709	26
chr1	102715	0.2722	41
chr1	102749	0.3236	29
chr1	102799	0.2862	29
chr1	102838	0.1459	30
chr1	102877	0.0808	31
chr1	102927	0.2308	35
chr1	102952	0.21	35
chr1	102972	0.4005	25
chr1	102990	0.1422	28
chr1	103005	0.2609	33
chr1	103055	0.1807	34
chr1	103072	0.348	35
chr1	103099	0.3333	28
chr1	103103	0.2386	31
chr1	103203	0.3082	36
chr1	103303	0.0575	27
chr1	103403	0.3511	29
chr1	103473	0.1653	25
chr1	103563	0.2196	29
chr1	103597	0.1596	32
chr1	103612	0.7729	34
chr1	103638	0.923	28
chr1	103653	0.718	32
chr1	103690	0.7276	30
chr1	103723	0.8814	37
chr1	103757	0.806	33
chr1	103804	0.9645	31
chr1	103854	0.8525	23
chr1	103879	0.754	26
chr1	103917	0.7052	36
chr1	103952	0.6884	18
chr1	103988	0.7819	34
chr1	104025	0.869	32
chr1	104075	0.7488	23
chr1	104151	0.8942	25
chr1	104201	0.881	32
chr1	104267	0.7674	26
chr1	104367	0.9048	28
chr1	104467	0.6654	30
chr1	104541	0.8165	39
chr1	104563	0.7966	33
chr1	104607	0.643	22
chr1	104629	0.6467	37
chr1	104659	0.7012	29
chr1	104688	0.8045	29
chr1	104703	0.5247	24
chr1	104722	0.6979	37
chr1	104745	0.6962	25
chr1	104760	0.6314	34
chr1	104791	0.7375	22
chr1	104817	0.6652	32
chr1	104832	0.7901	34
chr1	104869	0.6202	28
chr1	104912	0.6659	37
chr1	104946	0.4771	30
chr1	104972	0.7047	27
chr1	105012	0.5816	24
chr1	105054	0.6479	31
chr1	105089	0.8587	35
chr1	105109	0.6071	40
chr1	105143	0.7465	25
chr1	105158	0.748	34
chr1	105228	0.6932	26
chr1	105328	0.7542	24
chr1	105401	0.5699	33
chr1	105501	0.5498	30
chr1	105568	0.7368	31
chr1	105668	0.574	20
chr1	105676	0.6932	21
chr1	105762	0.5976	26
chr1	105768	0.7721	33
chr1	105810	0.7416	37
chr1	105839	0.6644	33
chr1	105883	0.6204	35
chr1	105924	0.7107	26
chr1	105951	0.8178	31
chr1	105966	0.6025	27
chr1	105989	0.7771	24
chr1	106039	0.6712	31
chr1	106075	0.7118	27
chr1	106097	0.6163	19
chr1	106131	0.5855	29
chr1	106173	0.714	31
chr1	106195	0.7135	35
chr1	106235	0.7501	28
chr1	106335	0.7519	24
chr1	106387	0.7051	28
chr1	106487	0.7337	36
chr1	106565	0.8852	33
chr1	106655	0.7449	26
chr1	106679	0.6461	28
chr1	106735	0.6319	24
chr1	106787	0.7563	12
chr1	106915	0.7147	34
chr1	106975	0.7971	27
chr1	106977	0.8178	29
chr1	106987	0.7314	24
chr1	107013	0.6881	24
chr1	107061	0.6562	34
chr1	107149	0.6937	28
chr1	107168	0.7834	29
chr1	107190	0.8191	32
chr1	107231	0.7826	31
chr1	107281	0.7787	20
chr1	107301	0.8054	29
chr1	107335	0.814	18
chr1	107385	0.9831	24
chr1	107400	0.7628	40
chr1	107445	0.8331	34
chr1	107462	0.7482	26
chr1	107495	0.8022	32
chr1	107545	0.717	23
chr1	107560	0.716	28
chr1	107604	0.797	27
chr1	107654	0.6862	27
chr1	107677	0.8336	34
chr1	107717	0.7594	31
chr1	107767	0.6914	38
chr1	107773	0.7656	24
chr1	107873	0.8675	23
chr1	107973	0.7194	38
chr1	108073	0.859	40
chr1	108173	0.6051	30
chr1	108228	0.7665	31
chr1	108328	0.8079	33
chr1	108408	0.7263	30
chr1	108416	0.7558	31
chr1	108431	0.7663	31
chr1	108468	0.8797	32
chr1	108500	0.7224	28
chr1	108534	0.7906	35
chr1	108584	0.8892	27
chr1	108622	0.8036	29
chr1	108672	0.7426	26
chr1	108696	0.7287	22
chr1	108711	0.9984	33
chr1	108732	0.6519	34
chr1	108755	0.8687	22
chr1	108805	0.8247	28
chr1	108848	0.5665	34
chr1	108870	0.7561	28
chr1	108915	0.775	25
chr1	108943	0.7692	36
chr1	108993	0.8088	38
chr1	108995	0.8281	40
chr1	109045	0.6969	31
chr1	109134	0.8672	28
chr1	109216	0.6612	25
chr1	109266	0.8355	33
chr1	109366	0.6325	25
chr1	109466	0.7962	37
chr1	109517	0.8267	22
chr1	109599	0.7728	28
chr1	109601	0.8144	26
chr1	109613	0.8485	22
chr1	109636	0.7652	29
chr1	109668	0.8021	30
chr1	109697	0.749	41
chr1	109747	0.817	19
chr1	109773	0.8979	20
chr1	109805	0.7569	20
chr1	109820	1.0	30
chr1	109855	0.8081	29
chr1	109875	0.8986	30
chr1	109890	0.9267	35
chr1	109940	1.0	27
chr1	109969	0.9723	31
chr1	109984	0.7983	33
chr1	110004	0.9138	36
chr1	110034	0.846	26
chr1	110065	0.9592	28
chr1	110088	0.8931	30
chr1	110103	0.9354	23
chr1	110126	0.9951	23
chr1	110127	0.8644	34
chr1	110227	0.7488	31
chr1	110296	0.8143	26
chr1	110396	0.8925	39
chr1	110446	0.6896	23
chr1	110508	0.8301	22
chr1	110608	0.8358	36
chr1	110666	0.815	37
chr1	110716	0.7331	33
chr1	110741	0.851	26
chr1	110768	0.8738	24
chr1	110788	0.9108	27
chr1	110810	0.7674	24
chr1	110860	0.8829	27
chr1	110908	0.8124	27
chr1	110923	0.777	30
chr1	110973	0.9719	33
chr1	111023	0.7857	27
chr1	111049	0.7112	25
chr1	111084	0.8368	31
chr1	111114	0.8886	31
chr1	111164	0.8239	36
chr1	111184	0.8432	34
chr1	111216	0.8946	24
chr1	111240	0.7983	25
chr1	111255	0.8297	29
chr1	111305	0.684	25
chr1	111318	0.7627	28
chr1	111418	0.8843	25
chr1	111468	0.8786	23
chr1	111547	0.8965	35
chr1	111647	0.8698	31
chr1	111708	0.8888	29
chr1	111808	0.881	28
chr1	111893	0.8196	28
chr1	111931	0.8116	21
chr1	111971	0.9437	35
chr1	111995	0.1168	27
chr1	112029	0.0	25
chr1	112067	0.031	26
chr1	112103	0.0	28
chr1	112128	0.0304	26
chr1	112170	0.1602	26
chr1	112186	0.14	33
chr1	112233	0.0916	32
chr1	112257	0.1361	29
chr1	112292	0.1091	25
chr1	112317	0.0558	33
chr1	112367	0.0258	24
chr1	112404	0.1322	20
chr1	112435	0.1708	33
chr1	112535	0.1892	30
chr1	112622	0.1221	31
chr1	112722	0.0264	26
chr1	112822	0.0866	27
chr1	112920	0.084	32
chr1	112928	0.194	33
chr1	112978	0.0903	30
chr1	113006	0.1149	33
chr1	113021	0.0965	30
chr1	113045	0.2928	26
chr1	113081	0.3015	19
chr1	113104	0.2398	27
chr1	113134	0.1801	26
chr1	113177	0.1711	37
chr1	113204	0.2581	36
chr1	113223	0.1878	24
chr1	113249	0.0326	22
chr1	113299	0.0942	25
chr1	113349	0.1096	30
chr1	113364	0.2716	30
chr1	113414	0.1557	33
chr1	113448	0.1429	39
chr1	113461	0.1907	27
chr1	113533	0.0671	24
chr1	113583	0.1458	34
chr1	113683	0.0075	23
chr1	113740	0.2571	30
chr1	113790	0.1025	35
chr1	113840	0.1098	40
chr1	113940	0.0356	29
chr1	113960	0.2416	27
chr1	114012	0.0585	37
chr1	114032	0.2193	32
chr1	114086	0.0008	30
chr1	114096	0.2971	31
chr1	114116	0.0983	25
chr1	114216	0.0	24
chr1	114298	0.1088	35
chr1	114404	0.1799	37
chr1	114437	0.7225	26
chr1	114452	0.7384	33
chr1	114496	0.6974	33
chr1	114524	0.6975	30
chr1	114553	0.7365	31
chr1	114603	0.5904	26
chr1	114618	0.7457	28
chr1	114635	0.6518	31
chr1	114670	0.7444	28
chr1	114685	0.6734	28
chr1	114707	0.579	38
chr1	114756	0.6872	28
chr1	114784	0.8261	33
chr1	114799	0.703	25
chr1	114832	0.7429	30
chr1	114857	0.7406	28
chr1	114878	0.7905	23
chr1	114928	0.6943	33
chr1	114951	0.6998	34
chr1	115035	0.7433	25
chr1	115135	0.7821	30
chr1	115219	0.6219	26
chr1	115292	0.6762	40
chr1	115392	0.6578	33
chr1	115462	0.5885	32
chr1	115464	0.6848	27
chr1	115491	0.6156	31
chr1	115528	0.5403	26
chr1	115563	0.4242	33
chr1	115582	0.4398	29
chr1	115602	0.7391	31
chr1	115652	0.4921	29
chr1	115692	0.5418	33
chr1	115739	0.4934	37
chr1	115772	0.4641	27
chr1	115809	0.4626	33
chr1	115837	0.6146	41
chr1	115867	0.6281	25
chr1	115891	0.5499	28
chr1	115941	0.5049	28
chr1	115962	0.3247	33
chr1	115997	0.5467	26
chr1	116025	0.4673	35
chr1	116059	0.5506	31
chr1	116159	0.6218	35
chr1	116259	0.6583	30
chr1	116359	0.5684	20
chr1	116414	0.3773	32
chr1	116514	0.5036	23
chr1	116608	0.6295	31
chr1	116626	0.5122	27
chr1	116676	0.774	31
chr1	116726	0.6861	34
chr1	116744	0.6582	19
chr1	116764	0.5732	33
chr1	116814	0.7024	32
chr1	116832	0.55	28
chr1	116855	0.6459	29
chr1	116905	0.543	32
chr1	116955	0.5958	29
chr1	116970	0.6721	31
chr1	117014	0.7052	27
chr1	117041	0.6682	30
chr1	117069	0.7938	35
chr1	117119	0.6731	31
chr1	117144	0.5612	35
chr1	117167	0.5417	34
chr1	117193	0.7801	23
chr1	117202	0.7228	33
chr1	117302	0.6414	32
chr1	117402	0.8276	34
chr1	117502	0.7852	35
chr1	117601	0.6529	35
chr1	117701	0.7308	32
chr1	117745	0.667	32
chr1	117750	0.7046	31
chr1	117765	0.6034	34
chr1	117809	0.6795	22
chr1	117846	0.7368	42
chr1	117891	0.7798	30
chr1	117932	0.7638	25
chr1	117965	0.8011	25
chr1	118009	0.9328	32
chr1	118033	0.8997	30
chr1	118073	0.8226	31
chr1	118096	0.6959	31
chr1	118137	0.6188	26
chr1	118164	0.7977	26
chr1	118202	0.7403	28
chr1	118209	0.7895	32
chr1	118294	0.7549	35
chr1	118381	0.8725	25
chr1	118431	0.8217	27
chr1	118531	0.7899	31
chr1	118631	0.8147	27
chr1	118633	0.9176	29
chr1	118717	0.7366	27
chr1	118803	0.7859	30
chr1	118807	0.8638	21
chr1	119041	0.8847	34
chr1	119053	0.0641	33
chr1	119068	0.1358	32
chr1	119092	0.112	34
chr1	119110	0.0436	31
chr1	119160	0.0598	25
chr1	119206	0.0333	36
chr1	119224	0.0593	30
chr1	119263	0.2028	28
chr1	119295	0.1568	26
chr1	119316	0.0988	22
chr1	119344	0.1305	26
chr1	119380	0.1456	29
chr1	119426	0.073	35
chr1	119451	0.0638	34
chr1	119493	0.004	31
chr1	119508	0.1106	23
chr1	119546	0.1001	30
chr1	119596	0.0731	37
chr1	119670	0.1894	28
chr1	119736	0.0628	30
chr1	119786	0.1191	33
chr1	119886	0.0235	25
chr1	119986	0.093	34
chr1	120036	0.11	24
chr1	120046	0.0412	24
chr1	120088	0.1553	30
chr1	120134	0.8217	25
chr1	120184	0.7672	35
chr1	120225	0.8964	38
chr1	120256	0.7791	34
chr1	120284	0.7505	30
chr1	120333	0.6025	29
chr1	120355	0.7159	32
chr1	120370	0.6606	25
chr1	120401	0.8389	37
chr1	120451	0.7582	34
chr1	120501	0.8714	25
chr1	120529	0.7807	27
chr1	120560	0.6896	33
chr1	120599	0.6859	32
chr1	120615	0.7718	34
chr1	120715	0.7872	31
chr1	120810	0.898	35
chr1	120910	0.889	27
chr1	121010	0.6769	32
chr1	121060	0.7903	24
chr1	121084	0.7492	24
chr1	121125	0.5215	31
chr1	121158	0.4482	28
chr1	121205	0.6291	23
chr1	121221	0.6344	32
chr1	121248	0.6804	24
chr1	121274	0.6631	41
chr1	121306	0.5916	30
chr1	121356	0.717	29
chr1	121378	0.7134	30
chr1	121419	0.5551	29
chr1	121469	0.4733	44
chr1	121489	0.6408	32
chr1	121521	0.5958	29
chr1	121553	0.5953	33
chr1	121569	0.5167	24
chr1	121609	0.7105	25
chr1	121709	0.5825	34
chr1	121776	0.6677	29
chr1	121860	0.5722	33
chr1	121910	0.6655	34
chr1	122010	0.6844	34
chr1	122064	0.6726	30
chr1	122089	0.0	25
chr1	122134	0.1018	32
chr1	122154	0.2239	34
chr1	122185	0.1135	33
chr1	122203	0.1614	37
chr1	122229	0.196	34
chr1	122253	0.1562	35
chr1	122282	0.2523	26
chr1	122332	0.1987	32
chr1	122382	0.2437	40
chr1	122410	0.1895	33
chr1	122437	0.0385	31
chr1	122458	0.156	30
chr1	122476	0.2235	27
chr1	122504	0.0	18
chr1	122531	0.1576	34
chr1	122581	0.1931	25
chr1	122681	0.094	35
chr1	122781	0.1693	33
chr1	122831	0.1169	35
chr1	122931	0.327	24
chr1	122965	0.1972	30
chr1	122967	0.0535	32
chr1	122972	0.0728	23
chr1	122987	0.198	29
chr1	123020	0.1114	26
chr1	123062	0.1259	37
chr1	123097	0.0289	31
chr1	123118	0.1429	24
chr1	123140	0.219	27
chr1	123190	0.0706	30
chr1	123226	0.14	32
chr1	123241	0.1414	31
chr1	123264	0.1235	29
chr1	123291	0.1005	39
chr1	123307	0.0521	32
chr1	123335	0.0013	31
chr1	123358	0.0012	26
chr1	123391	0.0948	38
chr1	123417	0.1054	38
chr1	123438	0.193	30
chr1	123463	0.0309	33
chr1	123490	0.163	23
chr1	123590	0.1837	27
chr1	123678	0.0652	37
chr1	123778	0.0	27
chr1	123878	0.1265	34
chr1	123929	0.1982	23
chr1	123963	0.2042	36
chr1	123967	0.0878	26
chr1	124047	0.2182	32
chr1	124195	0.126	28
chr1	124263	0.0944	28
chr1	124373	0.1547	28
chr1	124415	0.1325	22
chr1	124435	0.6549	30
chr1	124458	0.8497	36
chr1	124489	0.5957	35
chr1	124512	0.8044	35
chr1	124545	0.7526	29
chr1	124576	0.5802	26
chr1	124596	0.6146	34
chr1	124641	0.8033	32
chr1	124656	0.6846	31
chr1	124706	0.5909	30
chr1	124741	0.7074	28
chr1	124781	0.6842	30
chr1	124796	0.6365	21
chr1	124825	0.6208	41
chr1	124875	0.6537	27
chr1	124903	0.5169	26
chr1	124935	0.7185	31
chr1	124952	0.7745	30
chr1	124967	0.6766	30
chr1	124969	0.7602	30
chr1	125036	0.639	22
chr1	125108	0.7043	24
chr1	125208	0.6655	20
chr1	125308	0.6041	31
chr1	125408	0.5702	22
chr1	125462	0.6758	33
chr1	125496	0.9199	32
chr1	125519	0.8235	38
chr1	125535	0.6608	34
chr1	125560	0.8694	38
chr1	125604	0.7901	28
chr1	125648	0.8105	32
chr1	125672	0.6667	29
chr1	125692	0.6728	27
chr1	125710	0.5851	20
chr1	125738	0.8514	16
chr1	125770	0.7995	32
chr1	125820	0.7299	25
chr1	125852	0.7573	33
chr1	125893	0.7656	26
chr1	125913	0.8233	28
chr1	125944	0.6983	33
chr1	125976	0.6922	25
chr1	126004	0.5857	41
chr1	126022	0.6279	26
chr1	126122	0.6393	33
chr1	126222	0.6602	29
chr1	126322	0.7522	40
chr1	126372	0.6761	38
chr1	126472	0.7129	29
chr1	126522	0.6967	39
chr1	126544	0.8701	21
chr1	126606	0.8339	37
chr1	126645	0.7351	27
chr1	126679	0.6008	25
chr1	126702	0.5803	34
chr1	126745	0.6232	31
chr1	126760	0.6709	31
chr1	126810	0.7431	27
chr1	126826	0.5546	28
chr1	126844	0.5988	34
chr1	126881	0.6161	35
chr1	126920	0.5784	28
chr1	126970	0.6478	28
chr1	127005	0.6145	33
chr1	127034	0.4508	21
chr1	127067	0.5408	29
chr1	127117	0.7464	32
chr1	127125	0.7225	22
chr1	127215	0.6457	38
chr1	127315	0.6269	21
chr1	127411	0.6585	24
chr1	127506	0.6278	31
chr1	127524	0.4577	37
chr1	127533	0.5024	31
chr1	127574	0.5823	31
chr1	127624	0.4229	30
chr1	127653	0.4159	26
chr1	127670	0.5395	26
chr1	127720	0.6332	30
chr1	127762	0.5688	30
chr1	127779	0.7117	29
chr1	127807	0.538	35
chr1	127845	0.5031	26
chr1	127866	0.7366	27
chr1	127882	0.6272	35
chr1	127927	0.6414	31
chr1	127942	0.6544	34
chr1	127965	0.6116	30
chr1	127988	0.7097	25
chr1	128006	0.7354	38
chr1	128031	0.5506	30
chr1	128058	0.6367	30
chr1	128073	0.6423	26
chr1	128107	0.6815	28
chr1	128108	0.7434	21
chr1	128208	0.569	27
chr1	128305	0.4676	30
chr1	128355	0.5548	35
chr1	128455	0.718	27
chr1	128555	0.6762	33
chr1	128655	0.5718	20
chr1	128659	0.5555	33
chr1	128753	0.5458	37
chr1	128771	0.8004	30
chr1	128791	0.5143	24
chr1	128875	0.5345	33
chr1	128919	0.547	33
chr1	128951	0.6789	27
chr1	129137	0.7578	25
chr1	129187	0.6658	31
chr1	129205	0.7266	34
chr1	129254	0.4086	30
chr1	129271	0.4656	33
chr1	129305	0.5728	39
chr1	129325	0.6212	35
chr1	129351	0.6801	24
chr1	129366	0.6792	24
chr1	129394	0.469	34
chr1	129436	0.4136	35
chr1	129486	0.3716	29
chr1	129515	0.7302	31
chr1	129531	0.643	28
chr1	129576	0.7174	33
chr1	129612	0.6298	24
chr1	129640	0.5182	32
chr1	129663	0.6551	31
chr1	129671	0.8179	25
chr1	129771	0.7067	33
chr1	129871	0.523	25
chr1	129931	0.4825	33
chr1	129998	0.3992	18
chr1	130085	0.6158	43
chr1	130135	0.3318	35
chr1	130233	0.8746	30
chr1	130266	0.512	37
chr1	130288	0.6782	33
chr1	130336	0.6654	35
chr1	130364	0.5194	33
chr1	130387	0.3877	41
chr1	130437	0.5169	29
chr1	130452	0.5108	33
chr1	130502	0.376	26
chr1	130552	0.5296	26
chr1	130571	0.5394	22
chr1	130593	0.373	24
chr1	130610	0.5246	27
chr1	130656	0.5479	27
chr1	130678	0.618	33
chr1	130706	0.6361	35
chr1	130747	0.4879	35
chr1	130762	0.5138	32
chr1	130770	0.5501	25
chr1	130870	0.5263	30
chr1	130949	0.5911	30
chr1	131004	0.4046	24
chr1	131104	0.5094	26
chr1	131197	0.4173	33
chr1	131255	0.5142	24
chr1	131281	0.5261	30
chr1	131319	0.5308	24
chr1	131334	0.301	28
chr1	131384	0.164	25
chr1	131412	0.6392	24
chr1	131428	0.911	33
chr1	131473	0.184	14
chr1	131488	0.345	35
chr1	131505	0.252	29
chr1	131535	0.3973	36
chr1	131565	0.4114	33
chr1	131598	0.8915	17
chr1	131648	0.346	20
chr1	131679	0.979	39
chr1	131701	0.2021	30
chr1	131723	0.316	30
chr1	131747	1.0	27
chr1	131763	0.429	31
chr1	131803	0.413	32
chr1	131805	0.8848	20
chr1	131905	1.0	26
chr1	132005	1.0	24
chr1	132105	0.8256	38
chr1	132155	0.4798	28
chr1	132239	0.331	27
chr1	132277	0.9943	33
chr1	132331	0.7464	28
chr1	132345	0.9897	28
chr1	132395	0.9093	27
chr1	132445	0.8751	27
chr1	132478	0.8249	21
chr1	132502	0.8586	29
chr1	132552	0.8384	29
chr1	132567	0.8928	19
chr1	132617	0.9448	36
chr1	132667	0.9367	33
chr1	132707	0.8343	23
chr1	132724	0.7668	28
chr1	132774	0.8657	30
chr1	132788	0.9501	28
chr1	132880	0.7231	28
chr1	132936	0.9077	22
chr1	132986	0.8662	37
chr1	133086	0.9743	31
chr1	133182	0.7393	26
chr1	133196	0.9236	31
chr1	133242	0.8415	30
chr1	133250	0.7834	31
chr1	133280	0.9152	31
chr1	133295	0.9512	36
chr1	133335	0.8636	17
chr1	133384	0.9643	33
chr1	133409	0.9362	31
chr1	133429	0.77	36
chr1	133479	0.9379	36
chr1	133511	0.9791	34
chr1	133540	0.8647	30
chr1	133569	0.9097	24
chr1	133619	0.8579	32
chr1	133653	0.8532	28
chr1	133690	0.7787	32
chr1	133718	0.8083	32
chr1	133734	0.745	30
chr1	133817	0.7595	31
chr1	133917	0.6997	36
chr1	133968	0.8083	35
chr1	134068	0.9592	33
chr1	134148	0.8304	27
chr1	134164	0.8551	35
chr1	134186	0.809	28
chr1	134284	0.9248	28
chr1	134306	0.9408	37
chr1	134418	0.7178	38
chr1	134454	0.7751	30
chr1	134538	0.8921	34
chr1	134594	0.8184	27
chr1	134612	0.7943	26
chr1	134622	0.0697	23
chr1	134637	0.0906	27
chr1	134672	0.0397	33
chr1	134687	0.0396	29
chr1	134702	0.0	34
chr1	134719	0.0296	28
chr1	134750	0.0671	31
chr1	134783	0.0477	23
chr1	134833	0.0	32
chr1	134849	0.0	38
chr1	134870	0.0	24
chr1	134920	0.1051	25
chr1	134959	0.0155	30
chr1	134994	0.0855	40
chr1	135023	0.053	31
chr1	135060	0.0638	31
chr1	135090	0.143	32
chr1	135122	0.062	33
chr1	135160	0.2726	28
chr1	135169	0.0487	30
chr1	135269	0.0011	25
chr1	135319	0.0	30
chr1	135419	0.1237	26
chr1	135493	0.0	35
chr1	135593	0.0398	28
chr1	135643	0.042	27
chr1	135793	0.0557	29
chr1	135809	0.0745	21
chr1	135819	0.0682	36
chr1	135973	0.0581	39
chr1	136047	0.1162	30
chr1	136057	0.7934	22
chr1	136079	0.8708	31
chr1	136113	0.9631	24
chr1	136146	0.8175	29
chr1	136178	0.8476	21
chr1	136199	0.7778	28
chr1	136214	0.7811	26
chr1	136234	0.7739	29
chr1	136279	1.0	29
chr1	136329	0.6779	25
chr1	136368	0.8355	28
chr1	136393	0.6785	27
chr1	136438	0.7828	38
chr1	136453	0.7259	41
chr1	136483	0.8781	28
chr1	136505	0.9309	34
chr1	136531	0.681	39
chr1	136554	0.9915	21
chr1	136571	0.902	41
chr1	136621	0.8824	33
chr1	136643	0.8084	23
chr1	136665	0.8178	30
chr1	136693	0.9027	32
chr1	136793	0.8174	27
chr1	136893	0.8572	29
chr1	136993	0.8873	29
chr1	137093	0.8583	26
chr1	137143	0.7399	35
chr1	137243	0.7377	28
chr1	137306	0.6936	24
chr1	137320	0.6771	28
chr1	137406	0.7636	27
chr1	137408	0.9035	23
chr1	137456	0.9794	27
chr1	137664	0.8523	34
chr1	137718	0.8502	29
chr1	137798	0.7385	16
chr1	137831	0.7973	22
chr1	137881	0.8525	34
chr1	137931	0.75	29
chr1	137981	0.6468	30
chr1	138010	0.816	24
chr1	138034	0.5733	26
chr1	138067	0.7441	30
chr1	138113	0.7699	36
chr1	138163	0.6812	29
chr1	138185	0.8002	37
chr1	138235	0.7164	16
chr1	138268	0.7736	29
chr1	138368	0.5812	30
chr1	138468	0.7011	28
chr1	138568	0.6605	30
chr1	138668	0.5923	37
chr1	138686	0.648	24
chr1	138736	0.7839	19
chr1	138760	0.8656	31
chr1	138775	0.5774	30
chr1	138803	0.6726	27
chr1	138853	0.7717	27
chr1	138903	0.5565	24
chr1	138933	0.5051	35
chr1	138951	0.5543	28
chr1	138966	0.7959	18
chr1	139013	0.7136	25
chr1	139036	0.7613	25
chr1	139077	0.6471	34
chr1	139127	0.68	27
chr1	139147	0.7547	27
chr1	139172	0.6471	36
chr1	139222	0.5065	31
chr1	139249	0.614	42
chr1	139289	0.6019	34
chr1	139297	0.6019	35
chr1	139347	0.6319	34
chr1	139447	0.5025	30
chr1	139547	0.5918	33
chr1	139647	0.6724	20
chr1	139747	0.6833	25
chr1	139809	0.4855	27
chr1	139831	0.6647	32
chr1	139855	0.8882	29
chr1	139905	0.7382	33
chr1	139923	0.7076	34
chr1	139952	0.6333	35
chr1	139975	0.7904	26
chr1	139999	0.7552	32
chr1	140035	0.7411	40
chr1	140056	0.8835	35
chr1	140083	0.8183	29
chr1	140104	0.7873	16
chr1	140145	0.7872	34
chr1	140195	0.8256	32
chr1	140245	0.7159	22
chr1	140264	0.6672	29
chr1	140288	0.6284	34
chr1	140317	0.687	26
chr1	140332	0.9343	25
chr1	140344	0.7511	28
chr1	140444	0.8171	15
chr1	140543	0.8545	31
chr1	140637	0.739	23
chr1	140704	0.7251	33
chr1	140785	0.8839	31
chr1	140815	0.8047	34
chr1	140821	0.022	29
chr1	140860	0.1745	28
chr1	140890	0.0359	32
chr1	140915	0.0866	31
chr1	140965	0.0973	24
chr1	140991	0.0	30
chr1	141041	0.0113	29
chr1	141071	0.168	31
chr1	141091	0.2679	24
chr1	141106	0.0	21
chr1	141156	0.0608	39
chr1	141204	0.0521	27
chr1	141249	0.0325	17
chr1	141299	0.118	32
chr1	141345	0.0	27
chr1	141395	0.0	26
chr1	141445	0.0231	31
chr1	141529	0.1806	37
chr1	141629	0.1038	27
chr1	141729	0.0318	32
chr1	141829	0.0	35
chr1	141897	0.0967	23
chr1	141951	0.1051	35
chr1	142019	0.0798	24
chr1	142123	0.1137	35
chr1	142157	0.0935	29
chr1	142203	0.698	33
chr1	142229	0.7082	30
chr1	142244	0.8852	37
chr1	142272	0.7821	33
chr1	142315	0.8925	32
chr1	142365	0.758	32
chr1	142380	0.6033	30
chr1	142399	0.8047	32
chr1	142428	0.7637	22
chr1	142478	0.5127	33
chr1	142493	0.7144	17
chr1	142509	0.7159	33
chr1	142531	0.7166	25
chr1	142546	0.6042	29
chr1	142561	0.7396	24
chr1	142611	0.73	30
chr1	142635	0.6622	32
chr1	142655	0.6496	26
chr1	142670	0.5816	28
chr1	142697	0.6465	25
chr1	142718	0.6613	35
chr1	142726	0.6634	26
chr1	142776	0.5315	30
chr1	142865	0.68	31
chr1	142951	0.5869	33
chr1	143051	0.8708	29
chr1	143131	0.7313	28
chr1	143231	0.7349	28
chr1	143243	0.503	36
chr1	143253	0.2243	25
chr1	143295	0.0968	17
chr1	143323	0.3764	30
chr1	143341	0.0949	25
chr1	143358	0.1469	31
chr1	143393	0.1516	20
chr1	143440	0.1623	31
chr1	143472	0.1349	38
chr1	143509	0.2364	29
chr1	143551	0.0882	36
chr1	143575	0.1534	24
chr1	143613	0.0391	35
chr1	143652	0.0891	26
chr1	143669	0.0	28
chr1	143702	0.0979	37
chr1	143739	0.0829	26
chr1	143772	0.2779	29
chr1	143872	0.0	35
chr1	143972	0.0787	21
chr1	144072	0.1413	24
chr1	144172	0.0	32
chr1	144272	0.2234	26
chr1	144282	0.1032	33
chr1	144326	0.2517	27
chr1	144386	0.1288	33
chr1	144436	0.2117	35
chr1	144518	0.0635	27
chr1	144734	0.1606	34
chr1	144742	0.095	28
chr1	144768	0.0928	32
chr1	144773	0.9058	25
chr1	144802	0.8549	27
chr1	144827	0.8873	25
chr1	144877	0.8668	30
chr1	144894	0.9993	31
chr1	144944	0.8346	23
chr1	144994	0.7242	29
chr1	145012	0.8427	40
chr1	145027	0.7656	28
chr1	145062	0.9738	32
chr1	145093	0.8706	21
chr1	145143	0.9828	25
chr1	145160	0.8655	30
chr1	145194	0.8762	38
chr1	145231	0.7617	28
chr1	145263	0.8719	15
chr1	145288	0.9423	25
chr1	145302	0.7841	44
chr1	145402	0.9926	30
chr1	145452	0.9052	36
chr1	145552	0.9555	30
chr1	145626	0.9039	32
chr1	145676	0.8351	30
chr1	145728	0.8487	30
chr1	145820	0.8329	25
chr1	145930	0.8102	33
chr1	145976	0.8048	39
chr1	146104	0.789	24
chr1	146164	0.827	27
chr1	146210	0.7936	34
chr1	146264	0.9116	26
chr1	146295	0.7968	29
chr1	146322	0.8851	26
chr1	146347	0.7638	29
chr1	146385	0.675	33
chr1	146408	0.6983	36
chr1	146442	0.6426	30
chr1	146471	0.9001	34
chr1	146487	0.8845	29
chr1	146537	0.8225	28
chr1	146562	0.9052	25
chr1	146599	0.6642	21
chr1	146619	0.7549	37
chr1	146634	0.8376	30
chr1	146684	0.8805	31
chr1	146714	0.6295	31
chr1	146747	0.7306	26
chr1	146778	0.6545	29
chr1	146827	0.6354	19
chr1	146927	0.6586	24
chr1	147027	0.6252	31
chr1	147097	0.7836	29
chr1	147186	0.7322	35
chr1	147286	0.8123	31
chr1	147370	0.6954	32
chr1	147409	0.7875	30
chr1	147435	0.8786	25
chr1	147452	0.8669	37
chr1	147480	0.8584	25
chr1	147500	0.8131	23
chr1	147518	0.7571	35
chr1	147568	0.7841	27
chr1	147610	0.8091	36
chr1	147629	0.8499	21
chr1	147677	0.9653	28
chr1	147712	0.8275	27
chr1	147738	0.8731	30
chr1	147788	0.9807	26
chr1	147823	0.7429	31
chr1	147873	0.7048	29
chr1	147881	0.7837	26
chr1	147981	0.8576	30
chr1	148033	0.8812	32
chr1	148105	0.8325	34
chr1	148205	0.9872	42
chr1	148305	0.6219	25
chr1	148333	0.8491	37
chr1	148389	0.7868	26
chr1	148399	1.0	32
chr1	148435	0.5133	31
chr1	148478	0.6801	33
chr1	148520	0.9202	20
chr1	148552	0.9004	25
chr1	148567	0.548	19
chr1	148617	1.0	32
chr1	148666	0.591	27
chr1	148700	0.6776	30
chr1	148727	1.0	27
chr1	148749	1.0	37
chr1	148793	1.0	31
chr1	148808	0.746	29
chr1	148844	1.0	30
chr1	148855	0.576	31
chr1	148905	1.0	35
chr1	149005	1.0	31
chr1	149105	1.0	29
chr1	149205	1.0	34
chr1	149305	0.7888	25
chr1	149361	0.833	27
chr1	149391	1.0	36
chr1	149416	0.5351	24
chr1	149466	0.7749	33
chr1	149481	0.6274	23
chr1	149501	0.6503	26
chr1	149532	0.5041	30
chr1	149556	0.5135	32
chr1	149571	0.8009	30
chr1	149602	0.6605	36
chr1	149617	0.6059	31
chr1	149667	0.6999	36
chr1	149714	0.7591	26
chr1	149733	0.714	33
chr1	149759	0.6116	20
chr1	149774	0.6164	28
chr1	149824	0.7064	32
chr1	149856	0.5352	34
chr1	149871	0.5749	29
chr1	149896	0.5059	25
chr1	149917	0.63	32
chr1	150017	0.6622	27
chr1	150117	0.7034	35
chr1	150217	0.6595	25
chr1	150267	0.7685	30
chr1	150367	0.6968	41
chr1	150427	0.7322	21
chr1	150451	0.6459	35
chr1	150457	0.6666	25
chr1	150481	0.6598	21
chr1	150521	0.7789	34
chr1	150550	0.8781	33
chr1	150600	0.715	34
chr1	150615	0.7681	32
chr1	150631	0.753	36
chr1	150665	0.7442	35
chr1	150680	0.6774	31
chr1	150695	0.8852	21
chr1	150710	0.8085	29
chr1	150741	0.638	32
chr1	150764	0.6379	29
chr1	150779	0.6787	33
chr1	150811	0.7364	34
chr1	150855	0.6763	26
chr1	150870	0.7141	28
chr1	150898	0.6501	28
chr1	150931	0.7869	27
chr1	150971	0.7033	28
chr1	150986	0.6959	29
chr1	151004	0.7058	26
chr1	151032	0.6909	36
chr1	151061	0.9345	30
chr1	151099	0.845	32
chr1	151199	0.8924	29
chr1	151276	0.6268	26
chr1	151356	0.8194	39
chr1	151439	0.8949	30
chr1	151489	0.8072	35
chr1	151572	0.7264	24
chr1	151672	0.7331	38
chr1	151722	0.8425	32
chr1	151734	0.7748	38
chr1	151814	0.8662	31
chr1	151874	0.732	43
chr1	151900	0.8693	25
chr1	151922	0.8556	43
chr1	151942	0.6349	22
chr1	151950	0.7627	25
chr1	151962	0.6519	29
chr1	152104	0.8044	28
chr1	152124	0.8461	26
chr1	152158	0.1526	27
chr1	152181	0.0937	30
chr1	152202	0.0458	27
chr1	152229	0.1502	34
chr1	152262	0.1107	28
chr1	152306	0.1234	29
chr1	152323	0.1675	19
chr1	152352	0.0062	34
chr1	152402	0.0	26
chr1	152427	0.0613	20
chr1	152457	0.121	31
chr1	152476	0.0085	42
chr1	152518	0.0	35
chr1	152539	0.0846	27
chr1	152589	0.1332	30
chr1	152612	0.2493	35
chr1	152617	0.0738	33
chr1	152717	0.0497	34
chr1	152817	0.0	40
chr1	152867	0.0831	29
chr1	152967	0.1878	33
chr1	153067	0.0	26
chr1	153099	0.1096	25
chr1	153112	0.1226	31
chr1	153139	0.2856	25
chr1	153162	0.2038	33
chr1	153208	0.2019	30
chr1	153240	0.0208	24
chr1	153256	0.0526	35
chr1	153289	0.2306	27
chr1	153313	0.0438	33
chr1	153337	0.0609	31
chr1	153379	0.0748	21
chr1	153405	0.1174	26
chr1	153437	0.0507	26
chr1	153478	0.127	23
chr1	153508	0.0724	37
chr1	153523	0.0621	26
chr1	153573	0.0898	29
chr1	153588	0.0407	32
chr1	153602	0.0	28
chr1	153681	0.0	24
chr1	153778	0.1452	30
chr1	153828	0.2544	32
chr1	153928	0.0436	31
chr1	154028	0.0	26
chr1	154058	0.1283	25
chr1	154063	0.2735	31
chr1	154086	0.1152	29
chr1	154128	0.1752	34
chr1	154178	0.1566	20
chr1	154198	0.1665	28
chr1	154213	0.1812	32
chr1	154244	0.1744	21
chr1	154282	0.2443	28
chr1	154301	0.1747	29
chr1	154329	0.0691	31
chr1	154349	0.299	30
chr1	154364	0.2347	28
chr1	154398	0.261	25
chr1	154428	0.0697	23
chr1	154445	0.3455	32
chr1	154464	0.2349	26
chr1	154489	0.0638	35
chr1	154517	0.1894	27
chr1	154532	0.3076	31
chr1	154538	0.1032	32
chr1	154638	0.1497	32
chr1	154738	0.2932	38
chr1	154818	0.1298	35
chr1	154918	0.2345	23
chr1	155006	0.2268	30
chr1	155170	0.2204	22
chr1	155178	0.2136	33
chr1	155190	0.1583	29
chr1	155196	0.0938	31
chr1	155214	0.0759	34
chr1	155239	0.7582	26
chr1	155281	0.7285	17
chr1	155309	0.8109	33
chr1	155359	1.0	32
chr1	155374	0.8161	33
chr1	155389	0.859	23
chr1	155431	0.7472	26
chr1	155446	0.7532	33
chr1	155479	0.9418	31
chr1	155503	0.7723	38
chr1	155553	0.9316	26
chr1	155584	0.8215	22
chr1	155607	0.8622	27
chr1	155657	0.7286	30
chr1	155698	0.8323	12
chr1	155715	0.8875	26
chr1	155727	0.8458	28
chr1	155827	0.9141	28
chr1	155927	0.755	31
chr1	156027	0.7129	37
chr1	156127	0.8238	28
chr1	156133	0.8158	33
chr1	156171	0.9145	32
chr1	156218	0.817	35
chr1	156248	0.6947	27
chr1	156271	0.7198	26
chr1	156287	0.8441	26
chr1	156334	0.5521	26
chr1	156384	0.7622	29
chr1	156401	0.825	22
chr1	156451	0.6154	31
chr1	156485	0.6619	29
chr1	156530	0.6321	26
chr1	156580	0.6758	27
chr1	156596	0.8531	28
chr1	156614	0.7872	31
chr1	156641	0.7091	27
chr1	156661	0.6166	30
chr1	156682	0.6802	35
chr1	156724	0.6465	34
chr1	156824	0.6169	30
chr1	156924	0.7457	36
chr1	157024	0.8256	35
chr1	157095	0.7791	29
chr1	157195	0.7594	29
chr1	157227	0.5092	26
chr1	157251	0.8411	24
chr1	157281	0.835	31
chr1	157319	0.6117	28
chr1	157338	0.718	30
chr1	157354	0.7134	32
chr1	157383	0.7534	35
chr1	157410	0.6085	29
chr1	157447	0.7098	27
chr1	157462	0.6265	26
chr1	157489	0.7038	34
chr1	157508	0.8397	29
chr1	157558	0.5533	23
chr1	157595	0.6755	38
chr1	157618	0.8273	28
chr1	157668	0.7351	39
chr1	157692	0.7056	28
chr1	157720	0.938	32
chr1	157754	0.6767	31
chr1	157801	0.8374	27
chr1	157831	0.6789	31
chr1	157847	0.6222	30
chr1	157926	0.7682	30
chr1	157982	0.7397	36
chr1	158082	0.666	23
chr1	158165	0.8998	34
chr1	158265	0.771	32
chr1	158365	0.9624	31
chr1	158419	0.7885	29
chr1	158433	0.779	23
chr1	158448	0.6986	33
chr1	158464	0.6962	29
chr1	158489	0.7982	28
chr1	158539	0.8705	26
chr1	158570	0.7133	25
chr1	158611	0.8808	23
chr1	158640	0.628	34
chr1	158661	0.6847	38
chr1	158686	0.8379	34
chr1	158707	0.6527	29
chr1	158724	0.6413	30
chr1	158767	0.7663	28
chr1	158793	0.8309	34
chr1	158812	0.6105	33
chr1	158845	0.8546	22
chr1	158886	0.8772	33
chr1	158946	0.8255	29
chr1	159046	0.5849	38
chr1	159146	0.6895	29
chr1	159246	0.7227	32
chr1	159393	0.6474	30
chr1	159405	0.8562	31
chr1	159419	0.6512	31
chr1	159435	0.6019	26
chr1	159450	0.9971	28
chr1	159466	0.935	29
chr1	159484	0.7308	39
chr1	159503	0.9031	40
chr1	159542	0.7551	23
chr1	159590	0.468	40
chr1	159608	0.4584	29
chr1	159623	0.741	28
chr1	159668	0.8259	33
chr1	159717	0.7566	22
chr1	159767	0.9145	35
chr1	159788	0.4733	31
chr1	159805	0.5727	29
chr1	159851	0.6985	36
chr1	159901	0.7323	30
chr1	159932	0.8768	36
chr1	159982	0.7194	34
chr1	159984	0.6599	32
chr1	160064	0.6263	18
chr1	160164	0.7277	20
chr1	160264	0.6973	34
chr1	160364	0.6098	23
chr1	160420	0.5643	32
chr1	160498	0.671	30
chr1	160548	0.6854	32
chr1	160609	0.582	37
chr1	160625	0.1852	29
chr1	160640	0.1805	27
chr1	160689	0.0462	30
chr1	160739	0.0825	35
chr1	160758	0.0	26
chr1	160777	0.0842	34
chr1	160795	0.1257	25
chr1	160832	0.0965	30
chr1	160882	0.0191	36
chr1	160897	0.0898	24
chr1	160915	0.1287	30
chr1	160939	0.0686	28
chr1	160971	0.1659	24
chr1	161001	0.1035	30
chr1	161033	0.1905	32
chr1	161049	0.0828	33
chr1	161069	0.0	32
chr1	161099	0.1213	19
chr1	161145	0.0034	39
chr1	161163	0.146	24
chr1	161196	0.0	32
chr1	161218	0.0855	21
chr1	161234	0.0515	27
chr1	161249	0.0491	35
chr1	161349	0.1161	27
chr1	161417	0.1319	35
chr1	161517	0.1585	29
chr1	161567	0.0661	25
chr1	161667	0.1032	23
chr1	161762	0.065	22
chr1	161862	0.0217	25
chr1	161872	0.0698	25
chr1	161884	0.0	26
chr1	161929	0.1374	30
chr1	161979	0.0678	30
chr1	162000	0.3041	35
chr1	162031	0.3056	32
chr1	162081	0.1306	21
chr1	162118	0.2971	25
chr1	162158	0.1945	26
chr1	162187	0.2339	33
chr1	162211	0.1718	24
chr1	162246	0.2443	35
chr1	162278	0.1269	25
chr1	162318	0.3502	26
chr1	162368	0.3336	35
chr1	162380	0.3053	26
chr1	162453	0.0697	30
chr1	162513	0.1558	18
chr1	162613	0.0447	25
chr1	162713	0.2032	37
chr1	162794	0.0812	32
chr1	162878	0.1022	24
chr1	162904	0.6933	38
chr1	162945	0.8212	32
chr1	162962	0.72	37
chr1	162979	0.79	29
chr1	163019	0.5705	26
chr1	163039	0.6413	39
chr1	163089	0.7831	39
chr1	163115	0.7649	29
chr1	163161	0.8222	26
chr1	163182	0.7958	33
chr1	163204	0.9369	23
chr1	163219	0.7282	26
chr1	163243	0.7789	28
chr1	163263	0.6612	33
chr1	163278	0.808	29
chr1	163307	0.7887	22
chr1	163357	0.7684	30
chr1	163378	0.6969	32
chr1	163405	0.6353	20
chr1	163435	0.6536	30
chr1	163535	0.8469	32
chr1	163611	0.7969	26
chr1	163661	0.9428	33
chr1	163735	0.7797	25
chr1	163794	0.8312	28
chr1	163858	0.7411	28
chr1	163937	0.7616	30
chr1	163959	0.8537	25
chr1	163964	0.8908	31
chr1	163980	0.865	29
chr1	164008	0.7776	37
chr1	164040	0.7102	26
chr1	164073	0.9319	21
chr1	164119	0.7876	29
chr1	164169	0.8982	23
chr1	164202	0.8147	30
chr1	164232	0.7422	24
chr1	164247	0.8265	26
chr1	164271	0.9214	35
chr1	164321	0.6981	30
chr1	164340	0.8155	37
chr1	164390	0.8887	27
chr1	164406	0.8632	24
chr1	164445	0.9648	26
chr1	164479	0.7128	25
chr1	164499	0.8134	27
chr1	164514	0.6756	30
chr1	164541	0.7279	28
chr1	164637	0.8295	34
chr1	164737	0.684	29
chr1	164837	0.9514	32
chr1	164888	0.8869	33
chr1	164938	0.8432	21
chr1	165038	0.7569	35
chr1	165058	0.9286	30
chr1	165094	0.7249	28
chr1	165156	0.837	33
chr1	165172	0.9417	27
chr1	165288	0.821	26
chr1	165332	0.9153	23
chr1	165490	0.8302	35
chr1	165504	0.6908	26
chr1	165536	0.8683	39
chr1	165563	0.5725	30
chr1	165612	0.6837	27
chr1	165653	0.7067	32
chr1	165703	0.7324	28
chr1	165729	0.701	30
chr1	165770	0.6171	27
chr1	165820	0.6189	31
chr1	165844	0.5378	34
chr1	165884	0.6533	36
chr1	165934	0.612	35
chr1	165972	0.6536	25
chr1	165988	0.5498	33
chr1	166034	0.5243	24
chr1	166066	0.4811	31
chr1	166116	0.5825	31
chr1	166216	0.6505	23
chr1	166316	0.6526	36
chr1	166416	0.5994	20
chr1	166504	0.6655	28
chr1	166536	0.735	42
chr1	166598	0.655	28
chr1	166616	0.7796	24
chr1	166637	0.8399	24
chr1	166673	0.7731	33
chr1	166693	0.8293	37
chr1	166734	0.8288	34
chr1	166765	0.8446	40
chr1	166813	0.9358	23
chr1	166841	0.8495	25
chr1	166879	0.9148	19
chr1	166894	0.7421	35
chr1	166909	0.9563	20
chr1	166929	0.9722	34
chr1	166964	0.8721	35
chr1	166984	0.6935	28
chr1	167027	0.8559	28
chr1	167050	0.9273	30
chr1	167126	0.9866	39
chr1	167226	0.7774	25
chr1	167303	1.0	28
chr1	167403	0.7564	27
chr1	167477	0.8403	33
chr1	167529	0.8708	30
chr1	167562	0.767	23
chr1	167600	0.9554	21
chr1	167650	1.0	25
chr1	167665	0.9216	30
chr1	167681	0.825	30
chr1	167712	0.8187	31
chr1	167727	0.7756	40
chr1	167758	0.8409	22
chr1	167808	0.9352	33
chr1	167839	0.8705	36
chr1	167889	0.9519	19
chr1	167925	0.7865	24
chr1	167959	0.9317	29
chr1	168009	0.8192	32
chr1	168101	0.7813	25
chr1	168201	0.7591	41
chr1	168301	0.9542	32
chr1	168395	0.7943	30
chr1	168401	0.9252	28
chr1	168406	0.5565	22
chr1	168421	0.6907	23
chr1	168442	0.6019	26
chr1	168457	0.7346	28
chr1	168507	0.6466	41
chr1	168533	0.7388	29
chr1	168564	0.5843	27
chr1	168579	0.5749	24
chr1	168598	0.4774	27
chr1	168628	0.685	34
chr1	168643	0.487	40
chr1	168688	0.5406	22
chr1	168720	0.5588	29
chr1	168744	0.3522	29
chr1	168773	0.7096	33
chr1	168795	0.4874	34
chr1	168810	0.5227	33
chr1	168843	0.5519	31
chr1	168858	0.6017	31
chr1	168863	0.5189	32
chr1	168963	0.6764	36
chr1	169053	0.6242	33
chr1	169153	0.4717	33
chr1	169204	0.5204	29
chr1	169254	0.5135	28
chr1	169288	0.571	22
chr1	169336	0.704	32
chr1	169368	0.6405	19
chr1	169600	0.5513	31
chr1	169686	0.3926	37
chr1	169716	0.5431	30
chr1	169724	0.6387	21
chr1	169734	0.7733	23
chr1	169777	0.8852	27
chr1	169799	0.8851	31
chr1	169849	0.8852	32
chr1	169887	0.9573	22
chr1	169920	0.8907	36
chr1	169945	0.9149	33
chr1	169978	0.8231	27
chr1	170028	0.8248	25
chr1	170043	0.9054	32
chr1	170060	0.8611	30
chr1	170110	0.8718	39
chr1	170125	0.8502	23
chr1	170139	0.7873	27
chr1	170239	0.9195	35
chr1	170339	0.9049	39
chr1	170404	0.8113	27
chr1	170504	0.6864	32
chr1	170614	0.8907	20
chr1	170658	0.832	21
chr1	170766	0.7808	31
chr1	170778	0.8258	26
chr1	170830	0.885	33
chr1	170928	0.8143	38
chr1	170930	0.7453	36
chr1	170984	0.9212	39
chr1	171029	0.8148	33
chr1	171054	0.753	30
chr1	171082	0.6846	30
chr1	171110	0.4587	35
chr1	171152	0.6526	26
chr1	171172	0.5539	29
chr1	171196	0.6247	29
chr1	171211	0.6019	25
chr1	171229	0.6986	34
chr1	171256	0.6063	29
chr1	171280	0.6359	27
chr1	171295	0.7721	32
chr1	171334	0.7175	19
chr1	171353	0.6182	33
chr1	171368	0.7124	29
chr1	171404	0.7548	25
chr1	171450	0.6563	34
chr1	171465	0.6981	25
chr1	171507	0.6625	26
chr1	171534	0.6989	29
chr1	171541	0.7167	27
chr1	171592	0.7287	42
chr1	171683	0.751	31
chr1	171778	0.8292	30
chr1	171878	0.6033	28
chr1	171978	0.6648	30
chr1	172014	0.7296	17
chr1	172020	0.767	26
chr1	172070	0.7436	32
chr1	172110	0.562	24
chr1	172129	0.7082	37
chr1	172144	0.6165	33
chr1	172194	0.8443	25
chr1	172221	0.8533	33
chr1	172254	0.8721	25
chr1	172286	0.882	32
chr1	172326	0.8229	25
chr1	172341	0.5733	25
chr1	172376	0.8139	38
chr1	172397	0.9102	31
chr1	172423	0.8258	23
chr1	172446	0.7386	34
chr1	172466	0.6097	37
chr1	172481	0.7787	30
chr1	172503	0.7437	15
chr1	172540	0.7572	25
chr1	172573	0.5955	26
chr1	172673	0.8881	28
chr1	172723	0.7635	33
chr1	172823	0.6904	22
chr1	172923	0.8381	26
chr1	172975	0.8067	28
chr1	173025	0.7777	24
chr1	173125	0.6551	24
chr1	173195	0.6692	35
chr1	173267	0.7368	28
chr1	173289	0.8911	26
chr1	173299	0.656	30
chr1	173357	0.7838	34
chr1	173491	0.6352	36
chr1	173529	0.6605	25
chr1	173569	0.6628	35
chr1	173599	0.7264	29
chr1	173630	0.28	27
chr1	173646	0.2583	27
chr1	173666	0.1192	20
chr1	173704	0.0455	23
chr1	173735	0.356	32
chr1	173767	0.0479	35
chr1	173789	0.138	33
chr1	173818	0.1792	38
chr1	173857	0.3062	39
chr1	173875	0.2798	22
chr1	173907	0.1928	31
chr1	173922	0.1363	27
chr1	173972	0.1332	24
chr1	174002	0.0454	25
chr1	174052	0.3131	26
chr1	174066	0.3266	29
chr1	174166	0.3	19
chr1	174255	0.2679	40
chr1	174332	0.0658	23
chr1	174432	0.1184	27
chr1	174496	0.2615	41
chr1	174498	0.3201	23
chr1	174503	0.8281	41
chr1	174537	0.7682	36
chr1	174579	0.5621	24
chr1	174595	0.7357	31
chr1	174628	0.7092	30
chr1	174678	0.7994	30
chr1	174696	0.8067	30
chr1	174714	0.8439	29
chr1	174748	0.7295	29
chr1	174763	0.5539	28
chr1	174796	0.7401	24
chr1	174824	0.8	34
chr1	174874	0.8379	23
chr1	174919	0.7212	27
chr1	174957	0.7042	29
chr1	174995	0.5649	32
chr1	175011	0.7212	31
chr1	175014	0.6981	34
chr1	175114	0.8231	32
chr1	175191	0.7959	27
chr1	175241	0.6574	34
chr1	175331	0.7675	31
chr1	175431	0.6078	30
chr1	175517	0.7909	24
chr1	175519	0.6166	32
chr1	175609	0.8358	27
chr1	175703	0.6841	43
chr1	175721	0.7857	29
chr1	175727	0.8098	29
chr1	175871	0.8473	27
chr1	175921	0.7942	26
chr1	175933	0.709	31
chr1	175964	0.7747	30
chr1	175979	0.6739	28
chr1	176000	0.5638	37
chr1	176029	0.5923	30
chr1	176052	0.7301	33
chr1	176102	0.7031	31
chr1	176152	0.5745	34
chr1	176177	0.6091	25
chr1	176209	0.7522	24
chr1	176224	0.7949	24
chr1	176253	0.6619	28
chr1	176303	0.6454	38
chr1	176325	0.6003	33
chr1	176351	0.6359	24
chr1	176366	0.7186	35
chr1	176389	0.6875	37
chr1	176404	0.7258	25
chr1	176419	0.7465	24
chr1	176469	0.6067	25
chr1	176478	0.7547	33
chr1	176578	0.7634	30
chr1	176654	0.7397	30
chr1	176723	0.7352	23
chr1	176823	0.636	30
chr1	176923	0.5433	27
chr1	176977	0.6234	22
chr1	177003	0.6203	21
chr1	177067	0.6947	35
chr1	177091	0.1326	26
chr1	177126	0.1533	21
chr1	177147	0.1028	35
chr1	177197	0.263	32
chr1	177216	0.0941	30
chr1	177250	0.022	27
chr1	177268	0.1659	33
chr1	177286	0.0	28
chr1	177301	0.086	43
chr1	177336	0.1875	21
chr1	177357	0.032	18
chr1	177379	0.0719	30
chr1	177416	0.1973	28
chr1	177466	0.0759	33
chr1	177496	0.2034	28
chr1	177523	0.1321	33
chr1	177551	0.0348	27
chr1	177584	0.0464	25
chr1	177618	0.0794	33
chr1	177632	0.0082	28
chr1	177690	0.0877	32
chr1	177740	0.0369	29
chr1	177806	0.1731	34
chr1	177884	0.0634	20
chr1	177934	0.2114	23
chr1	178034	0.1402	19
chr1	178134	0.0316	21
chr1	178222	0.1483	25
chr1	178266	0.0273	33
chr1	178290	0.0747	28
chr1	178305	0.0406	32
chr1	178328	0.015	25
chr1	178361	0.0702	30
chr1	178403	0.1291	23
chr1	178423	0.0	31
chr1	178455	0.2682	28
chr1	178479	0.0851	30
chr1	178517	0.1089	24
chr1	178543	0.2388	29
chr1	178581	0.1549	28
chr1	178609	0.1132	25
chr1	178658	0.0	33
chr1	178706	0.0364	38
chr1	178756	0.0183	35
chr1	178855	0.1783	33
chr1	178926	0.0677	28
chr1	179026	0.0	28
chr1	179076	0.0803	31
chr1	179082	0.1336	26
chr1	179092	0.1049	27
chr1	179140	0.9052	34
chr1	179167	0.908	27
chr1	179197	0.6348	36
chr1	179225	0.8267	29
chr1	179275	0.8303	30
chr1	179300	0.9151	29
chr1	179328	0.8749	27
chr1	179378	1.0	27
chr1	179402	0.8939	28
chr1	179426	0.773	26
chr1	179471	0.8393	31
chr1	179511	0.6618	32
chr1	179526	0.7298	31
chr1	179541	0.9247	26
chr1	179579	0.709	29
chr1	179597	0.8027	31
chr1	179633	0.827	27
chr1	179654	0.8713	31
chr1	179672	0.8081	25
chr1	179772	0.8712	34
chr1	179822	0.8079	29
chr1	179922	0.802	27
chr1	180022	0.9345	34
chr1	180122	0.8884	30
chr1	180195	0.8588	29
chr1	180223	0.745	22
chr1	180229	0.8075	30
chr1	180279	0.8591	29
chr1	180303	0.8167	28
chr1	180323	0.8603	19
chr1	180343	0.6958	36
chr1	180389	0.8261	26
chr1	180435	0.9682	34
chr1	180469	0.921	32
chr1	180491	0.8371	33
chr1	180508	0.7266	27
chr1	180526	0.7535	32
chr1	180555	0.9884	22
chr1	180599	0.5724	22
chr1	180614	0.7403	30
chr1	180644	0.9122	18
chr1	180670	0.7367	33
chr1	180686	0.9256	32
chr1	180688	0.8298	36
chr1	180767	0.7954	36
chr1	180867	0.7359	22
chr1	180917	0.9307	23
chr1	181017	0.5279	25
chr1	181096	0.8339	21
chr1	181240	0.8648	32
chr1	181370	0.778	36
chr1	181384	0.7613	18
chr1	181502	0.9279	31
chr1	181552	0.6745	30
chr1	181562	0.6422	20
chr1	181567	0.8708	35
chr1	181582	0.8407	27
chr1	181599	1.0	38
chr1	181636	0.8864	29
chr1	181686	0.9838	26
chr1	181736	0.9589	26
chr1	181756	1.0	30
chr1	181795	0.9594	27
chr1	181821	0.9249	25
chr1	181845	0.9428	26
chr1	181883	0.8177	34
chr1	181919	0.8999	28
chr1	181934	0.9293	36
chr1	181960	0.8454	28
chr1	181991	0.8939	27
chr1	182025	0.953	41
chr1	182075	0.9609	38
chr1	182106	0.9425	33
chr1	182114	0.9353	31
chr1	182203	0.8278	28
chr1	182293	0.8729	27
chr1	182393	0.9727	23
chr1	182493	0.9762	17
chr1	182593	0.9784	30
chr1	182607	0.9616	28
chr1	182759	0.9131	33
chr1	182819	0.8427	30
chr1	182885	0.9763	36
chr1	183073	0.9123	37
chr1	183082	0.8689	35
chr1	183125	0.7726	23
chr1	183140	0.8586	31
chr1	183183	1.0	18
chr1	183229	0.9029	23
chr1	183273	0.9632	31
chr1	183291	0.7734	33
chr1	183316	0.752	33
chr1	183351	0.9991	19
chr1	183380	0.8049	34
chr1	183403	0.6737	38
chr1	183428	0.748	23
chr1	183455	0.838	30
chr1	183505	0.8532	23
chr1	183526	0.8954	32
chr1	183548	0.9968	27
chr1	183598	0.8158	35
chr1	183625	0.7517	31
chr1	183635	0.9261	27
chr1	183735	0.8956	29
chr1	183788	0.934	32
chr1	183888	0.8958	28
chr1	183988	0.8162	31
chr1	184052	0.7341	19
chr1	184152	0.7958	39
chr1	184168	0.7721	36
chr1	184228	0.8814	13
chr1	184248	0.9467	23
chr1	184258	0.8911	24
chr1	184266	0.6875	32
chr1	184306	0.7525	20
chr1	184350	0.7831	32
chr1	184358	0.7728	24
chr1	184446	0.7469	41
chr1	184488	0.8308	34
chr1	184510	0.8547	33
chr1	184526	0.8661	25
chr1	184568	0.8023	28
chr1	184618	1.0	30
chr1	184645	0.9794	29
chr1	184685	0.8512	30
chr1	184711	0.8097	29
chr1	184746	0.912	30
chr1	184796	0.9209	39
chr1	184826	0.9143	29
chr1	184854	0.7899	32
chr1	184884	0.8791	30
chr1	184916	0.8873	28
chr1	184955	0.9224	38
chr1	184998	0.8478	35
chr1	185019	0.9239	27
chr1	185047	0.9312	27
chr1	185056	0.8877	35
chr1	185149	0.7968	26
chr1	185206	0.9943	29
chr1	185306	0.8797	29
chr1	185406	0.9486	33
chr1	185506	0.9761	28
chr1	185573	0.7497	32
chr1	185585	0.8939	35
chr1	185587	0.79	31
chr1	185623	0.7184	32
chr1	185651	0.5707	34
chr1	185675	0.7232	30
chr1	185693	0.5304	35
chr1	185733	0.5738	36
chr1	185769	0.5119	29
chr1	185800	0.6958	31
chr1	185831	0.6761	30
chr1	185846	0.6502	34
chr1	185896	0.6076	26
chr1	185922	0.6809	32
chr1	185952	0.7475	27
chr1	186002	0.6797	35
chr1	186021	0.7379	24
chr1	186048	0.5577	24
chr1	186078	0.4569	31
chr1	186125	0.6352	31
chr1	186152	0.7316	27
chr1	186175	0.6105	35
chr1	186225	0.7582	30
chr1	186315	0.7297	34
chr1	186411	0.6446	26
chr1	186511	0.7434	32
chr1	186607	0.62	20
chr1	186707	0.4958	32
chr1	186725	0.6324	35
chr1	186771	0.6976	29
chr1	186793	0.9486	28
chr1	186843	0.953	30
chr1	186885	0.8166	21
chr1	186909	0.9019	33
chr1	186959	0.9313	23
chr1	186980	0.8871	35
chr1	187011	0.6998	22
chr1	187029	0.6997	37
chr1	187056	0.7601	34
chr1	187085	0.741	30
chr1	187111	0.7615	32
chr1	187127	0.7258	25
chr1	187151	0.7344	39
chr1	187171	0.8618	25
chr1	187200	0.7848	25
chr1	187230	0.8941	28
chr1	187237	0.7532	29
chr1	187293	0.9369	27
chr1	187393	0.8198	29
chr1	187493	0.8679	25
chr1	187593	0.8779	21
chr1	187660	0.7537	33
chr1	187672	0.8667	24
chr1	187693	0.707	23
chr1	187709	0.5834	28
chr1	187729	0.6222	36
chr1	187752	0.7993	25
chr1	187797	0.6664	38
chr1	187815	0.8323	34
chr1	187865	0.779	26
chr1	187915	0.729	23
chr1	187947	0.6411	27
chr1	187970	0.552	25
chr1	187989	0.6031	24
chr1	188016	0.5423	28
chr1	188038	0.6814	26
chr1	188077	0.6653	22
chr1	188127	0.6212	30
chr1	188147	0.7922	30
chr1	188162	0.8857	28
chr1	188203	0.6676	23
chr1	188219	0.5845	19
chr1	188235	0.608	27
chr1	188298	0.6651	34
chr1	188354	0.5817	37
chr1	188454	0.6622	32
chr1	188524	0.8709	28
chr1	188624	0.6942	31
chr1	188710	0.8232	35
chr1	188726	0.724	28
chr1	188800	0.614	31
chr1	188823	0.934	37
chr1	188855	0.9347	33
chr1	188877	0.9585	41
chr1	188912	0.9307	37
chr1	188942	0.9344	29
chr1	188992	1.0	26
chr1	189020	0.8578	28
chr1	189062	0.9953	33
chr1	189081	0.8674	31
chr1	189112	0.8429	32
chr1	189148	0.9719	26
chr1	189167	0.9847	32
chr1	189201	1.0	27
chr1	189218	0.8551	31
chr1	189233	1.0	27
chr1	189266	0.8175	38
chr1	189315	0.8807	23
chr1	189318	0.9244	38
chr1	189418	0.9698	25
chr1	189518	1.0	32
chr1	189568	0.9828	36
chr1	189661	0.9319	30
chr1	189711	0.9361	29
chr1	189811	0.828	27
chr1	189829	0.9548	30
chr1	189847	0.861	26
chr1	189867	0.1749	30
chr1	189917	0.0236	24
chr1	189932	0.057	23
chr1	189982	0.0696	32
chr1	190007	0.078	24
chr1	190057	0.0408	28
chr1	190082	0.0455	30
chr1	190104	0.0809	20
chr1	190128	0.0791	37
chr1	190159	0.1392	23
chr1	190174	0.1782	18
chr1	190222	0.1632	36
chr1	190256	0.0014	33
chr1	190271	0.0232	32
chr1	190286	0.2286	31
chr1	190312	0.0035	33
chr1	190331	0.1489	23
chr1	190346	0.12	35
chr1	190350	0.1228	30
chr1	190450	0.0	32
chr1	190500	0.0321	35
chr1	190600	0.2473	30
chr1	190691	0.064	32
chr1	190769	0.1071	25
chr1	190841	0.1073	28
chr1	190853	0.6549	33
chr1	190872	0.6845	34
chr1	190917	0.6903	30
chr1	190947	0.7116	32
chr1	190983	0.6183	28
chr1	191005	0.7301	30
chr1	191046	0.7034	29
chr1	191096	0.7083	23
chr1	191128	0.8126	32
chr1	191145	0.7768	28
chr1	191189	0.9081	26
chr1	191215	0.6523	33
chr1	191260	0.6371	32
chr1	191275	0.7051	29
chr1	191300	0.7802	26
chr1	191316	0.791	30
chr1	191336	0.7933	28
chr1	191356	0.7523	39
chr1	191406	0.799	25
chr1	191425	0.7914	22
chr1	191525	0.879	22
chr1	191625	0.8502	38
chr1	191725	0.6986	39
chr1	191825	0.6222	28
chr1	191925	0.6144	40
chr1	191949	0.6926	22
chr1	191957	0.8877	28
chr1	191976	0.7505	26
chr1	191997	0.8737	26
chr1	192012	0.958	18
chr1	192029	0.9274	40
chr1	192065	0.9194	27
chr1	192080	1.0	42
chr1	192114	0.9444	29
chr1	192146	0.7903	34
chr1	192161	0.8614	31
chr1	192203	0.8453	35
chr1	192222	0.8534	29
chr1	192260	0.8941	24
chr1	192310	0.7533	31
chr1	192349	0.804	24
chr1	192398	0.7793	28
chr1	192446	0.7867	31
chr1	192469	0.7248	30
chr1	192544	0.8244	30
chr1	192594	0.8682	32
chr1	192674	0.9532	26
chr1	192760	0.9029	30
chr1	192860	0.7805	45
chr1	192958	0.9017	26
chr1	193062	0.8208	37
chr1	193088	0.8078	31
chr1	193090	0.7492	28
chr1	193098	0.867	30
chr1	193266	0.9123	29
chr1	193284	0.8477	32
chr1	193300	0.8252	26
chr1	193402	0.877	25
chr1	193421	0.6986	33
chr1	193454	0.7418	29
chr1	193474	0.8361	24
chr1	193492	0.6653	31
chr1	193510	0.7986	32
chr1	193525	0.7051	34
chr1	193543	0.6729	34
chr1	193567	0.7313	31
chr1	193593	0.8593	23
chr1	193635	0.7158	24
chr1	193650	0.7877	33
chr1	193666	0.6862	30
chr1	193687	0.6519	32
chr1	193724	0.7911	37
chr1	193744	0.7469	35
chr1	193763	0.6488	25
chr1	193791	0.712	25
chr1	193841	0.6647	24
chr1	193872	0.6046	35
chr1	193890	0.8207	33
chr1	193907	0.8233	31
chr1	193957	0.8483	32
chr1	194057	0.7705	27
chr1	194157	0.8005	26
chr1	194257	0.7597	33
chr1	194357	0.6762	33
chr1	194405	0.7737	27
chr1	194443	0.6885	32
chr1	194453	0.9944	35
chr1	194494	0.9177	29
chr1	194522	0.8278	29
chr1	194549	0.7885	27
chr1	194593	0.8659	20
chr1	194643	0.8816	26
chr1	194684	1.0	25
chr1	194716	0.8575	31
chr1	194731	0.8639	36
chr1	194761	0.927	23
chr1	194780	0.9501	28
chr1	194815	0.9268	30
chr1	194839	0.7997	34
chr1	194889	0.7996	31
chr1	194939	0.9144	34
chr1	194980	0.8957	28
chr1	194991	0.877	24
chr1	195052	0.7556	32
chr1	195152	0.7757	30
chr1	195244	0.8137	35
chr1	195344	0.8446	17
chr1	195394	0.6896	27
chr1	195444	0.8695	28
chr1	195528	0.8841	25
chr1	195554	0.7169	30
chr1	195562	0.966	29
chr1	195606	0.8785	34
chr1	195714	0.8386	35
chr1	195716	0.8019	31
chr1	195790	0.8553	25
chr1	195852	0.9512	21
chr1	195906	0.9021	40
chr1	195924	0.9344	26
chr1	195952	0.6982	35
chr1	195965	1.0	26
chr1	195980	0.9818	28
chr1	196001	0.973	33
chr1	196051	0.9479	26
chr1	196066	0.9784	33
chr1	196091	0.9176	23
chr1	196110	0.9015	26
chr1	196147	0.7987	26
chr1	196169	0.9682	23
chr1	196202	1.0	38
chr1	196252	0.9035	33
chr1	196281	0.9234	30
chr1	196302	0.9202	31
chr1	196352	1.0	27
chr1	196377	0.9859	23
chr1	196417	0.9768	21
chr1	196436	1.0	21
chr1	196536	0.9194	26
chr1	196636	0.8856	34
chr1	196736	0.9536	30
chr1	196816	0.9234	34
chr1	196910	0.8331	31
chr1	196949	0.7902	35
chr1	196967	0.6521	28
chr1	196988	0.7459	31
chr1	197025	0.792	21
chr1	197065	0.7934	26
chr1	197083	0.7488	28
chr1	197133	0.7468	28
chr1	197166	0.5556	32
chr1	197205	0.85	34
chr1	197241	0.7167	32
chr1	197256	0.7006	32
chr1	197306	0.8054	27
chr1	197356	0.7452	23
chr1	197382	0.6829	38
chr1	197432	0.8557	20
chr1	197465	0.7724	34
chr1	197471	0.7367	33
chr1	197560	0.7581	20
chr1	197651	0.8517	19
chr1	197751	0.7395	26
chr1	197851	0.6581	36
chr1	197951	0.8058	25
chr1	197961	0.687	31
chr1	197999	0.7216	15
chr1	198014	0.7666	30
chr1	198033	0.792	30
chr1	198072	0.7521	24
chr1	198122	0.7888	29
chr1	198157	0.9668	45
chr1	198183	0.783	32
chr1	198233	0.7925	25
chr1	198256	0.7692	30
chr1	198276	0.8606	34
chr1	198321	0.669	26
chr1	198371	0.888	29
chr1	198386	0.8316	24
chr1	198436	0.8227	33
chr1	198483	0.8174	36
chr1	198528	0.8587	36
chr1	198574	0.6648	30
chr1	198605	0.8225	34
chr1	198705	0.6	26
chr1	198791	0.8694	29
chr1	198841	0.6587	35
chr1	198899	0.8803	28
chr1	198999	0.7885	29
chr1	199099	0.9464	25
chr1	199162	0.7823	30
chr1	199186	0.8001	27
chr1	199196	0.2149	24
chr1	199246	0.1889	28
chr1	199274	0.1458	32
chr1	199291	0.2071	26
chr1	199338	0.2728	31
chr1	199353	0.0734	22
chr1	199377	0.3103	24
chr1	199421	0.0792	38
chr1	199436	0.0768	39
chr1	199477	0.0783	35
chr1	199503	0.1833	35
chr1	199540	0.1408	28
chr1	199566	0.0987	30
chr1	199581	0.1159	31
chr1	199631	0.1972	39
chr1	199652	0.1951	29
chr1	199683	0.1293	27
chr1	199733	0.1435	34
chr1	199775	0.0433	33
chr1	199825	0.1616	34
chr1	199925	0.2767	31
chr1	199975	0.1884	23
chr1	200075	0.1256	18
chr1	200175	0.1179	30
chr1	200275	0.2792	39
chr1	200321	0.0517	30
chr1	200467	0.0781	28
chr1	200703	0.1966	28
chr1	200711	0.1328	31
chr1	200721	0.188	29
chr1	200747	0.05	26
chr1	200756	0.6391	36
chr1	200771	0.6971	28
chr1	200787	0.6523	22
chr1	200837	0.7668	32
chr1	200871	0.8483	30
chr1	200921	0.6651	42
chr1	200971	0.8611	35
chr1	200994	0.8825	24
chr1	201011	0.9359	27
chr1	201061	0.8026	39
chr1	201092	0.636	25
chr1	201127	0.9567	40
chr1	201156	0.5288	33
chr1	201204	0.8414	27
chr1	201247	0.753	40
chr1	201268	0.6012	29
chr1	201279	0.6894	30
chr1	201329	0.6318	22
chr1	201429	0.761	26
chr1	201529	0.9002	27
chr1	201629	0.7377	28
chr1	201721	0.7318	26
chr1	201798	0.8398	30
chr1	201842	0.8587	23
chr1	201874	0.7195	29
chr1	201878	0.6535	35
chr1	201898	0.8121	23
chr1	201940	0.8729	21
chr1	202078	0.8302	27
chr1	202138	0.9345	29
chr1	202232	0.8552	27
chr1	202276	0.7275	30
chr1	202294	0.796	40
chr1	202332	0.764	25
chr1	202370	0.7123	28
chr1	202390	0.8674	31
chr1	202410	0.7816	27
chr1	202443	0.8086	25
chr1	202458	0.8444	25
chr1	202495	0.928	34
chr1	202516	0.8377	28
chr1	202560	0.8035	31
chr1	202581	0.6718	22
chr1	202631	0.9397	26
chr1	202681	0.8672	26
chr1	202706	0.6659	31
chr1	202733	0.7361	21
chr1	202756	0.7771	34
chr1	202795	0.82	25
chr1	202845	0.6699	24
chr1	202850	1.0	26
chr1	202900	0.7707	23
chr1	203000	0.7123	37
chr1	203100	0.7302	31
chr1	203190	0.8733	22
chr1	203290	0.724	23
chr1	203308	0.8198	24
chr1	203384	0.7376	28
chr1	203428	0.8872	29
chr1	203478	0.8763	33
chr1	203495	0.9061	32
chr1	203545	0.8623	35
chr1	203576	0.9196	23
chr1	203594	0.8472	26
chr1	203644	0.8108	27
chr1	203676	0.8722	31
chr1	203713	0.8123	32
chr1	203738	0.8704	30
chr1	203780	1.0	34
chr1	203826	1.0	24
chr1	203849	0.9616	26
chr1	203867	0.8566	26
chr1	203907	0.8158	28
chr1	203924	0.8773	25
chr1	203940	0.8255	39
chr1	204040	0.9613	24
chr1	204140	0.9401	32
chr1	204190	0.8697	29
chr1	204290	1.0	39
chr1	204373	0.9576	31
chr1	204423	1.0	33
chr1	204455	0.8112	28
chr1	204468	0.8482	31
chr1	204513	0.5722	33
chr1	204539	0.8718	27
chr1	204562	0.7689	35
chr1	204584	0.7721	31
chr1	204608	0.8058	30
chr1	204658	0.7146	30
chr1	204676	0.7097	27
chr1	204726	0.5816	32
chr1	204750	0.6334	22
chr1	204791	0.6816	34
chr1	204833	0.8096	28
chr1	204883	0.7526	27
chr1	204901	0.6584	29
chr1	204979	0.7664	34
chr1	205050	0.7616	21
chr1	205100	0.6797	29
chr1	205150	0.69	31
chr1	205200	0.638	25
chr1	205300	0.7754	35
chr1	205324	0.7398	30
chr1	205333	0.9587	27
chr1	205383	0.97	28
chr1	205418	0.8148	33
chr1	205468	0.8501	37
chr1	205492	0.8482	39
chr1	205529	0.919	30
chr1	205549	0.7178	27
chr1	205597	0.7156	34
chr1	205633	0.978	31
chr1	205650	0.8509	33
chr1	205669	0.9507	43
chr1	205687	0.9016	28
chr1	205727	0.7404	34
chr1	205745	0.8314	29
chr1	205845	0.7797	24
chr1	205945	0.9962	29
chr1	206045	0.8849	33
chr1	206145	0.8684	25
chr1	206207	0.8887	21
chr1	206303	0.975	25
chr1	206375	0.9437	32
chr1	206387	0.9388	28
chr1	206397	0.9267	32
chr1	206465	0.9759	33
chr1	206539	0.8665	32
chr1	206609	0.9355	30
chr1	206618	0.0215	32
chr1	206653	0.0373	29
chr1	206681	0.0	25
chr1	206731	0.0702	43
chr1	206746	0.0754	23
chr1	206796	0.0449	27
chr1	206816	0.0348	23
chr1	206856	0.0975	29
chr1	206877	0.0046	35
chr1	206899	0.0235	18
chr1	206931	0.0	25
chr1	206948	0.0	28
chr1	206976	0.0655	41
chr1	207009	0.0	42
chr1	207024	0.0284	21
chr1	207040	0.0	26
chr1	207060	0.0083	21
chr1	207110	0.0318	36
chr1	207129	0.0	29
chr1	207145	0.0405	37
chr1	207245	0.0	25
chr1	207317	0.0	30
chr1	207382	0.0119	18
chr1	207482	0.0	33
chr1	207541	0.0554	27
chr1	207641	0.0	33
chr1	207713	0.0235	27
chr1	207863	0.0823	31
chr1	207911	0.1317	39
chr1	208077	0.0533	35
chr1	208141	0.1023	31
chr1	208173	0.8053	19
chr1	208205	0.6718	29
chr1	208255	0.5877	35
chr1	208287	0.753	33
chr1	208324	0.5914	36
chr1	208339	0.5015	39
chr1	208360	0.8223	31
chr1	208386	0.741	31
chr1	208413	0.7666	26
chr1	208435	0.7228	29
chr1	208474	0.5923	25
chr1	208495	0.6602	16
chr1	208516	0.7798	23
chr1	208545	0.6568	33
chr1	208587	0.6315	35
chr1	208604	0.656	20
chr1	208643	0.5411	20
chr1	208681	0.7288	30
chr1	208704	0.7451	21
chr1	208764	0.5856	28
chr1	208840	0.7418	27
chr1	208935	0.7262	28
chr1	209035	0.6606	14
chr1	209128	0.7257	33
chr1	209228	0.7461	31
chr1	209292	0.6569	22
chr1	209326	0.0	32
chr1	209368	0.0557	27
chr1	209387	0.1208	30
chr1	209405	0.17	27
chr1	209432	0.0756	30
chr1	209464	0.0	34
chr1	209514	0.0381	27
chr1	209541	0.0	32
chr1	209573	0.1473	25
chr1	209591	0.1017	29
chr1	209633	0.0467	28
chr1	209651	0.0	32
chr1	209670	0.0	27
chr1	209685	0.1262	27
chr1	209727	0.2275	27
chr1	209751	0.0	28
chr1	209783	0.0451	22
chr1	209818	0.0785	28
chr1	209857	0.1022	22
chr1	209918	0.2	32
chr1	210018	0.0058	32
chr1	210118	0.0833	36
chr1	210216	0.1749	27
chr1	210316	0.0953	28
chr1	210322	0.0049	39
chr1	210404	0.0549	29
chr1	210439	0.6817	31
chr1	210465	0.7881	28
chr1	210480	0.8582	24
chr1	210499	0.7305	31
chr1	210549	0.7138	35
chr1	210590	0.6565	32
chr1	210615	0.5544	31
chr1	210660	0.8247	28
chr1	210675	0.8315	25
chr1	210721	0.7412	36
chr1	210771	0.7697	34
chr1	210792	0.7242	24
chr1	210833	0.5786	27
chr1	210883	0.7102	25
chr1	210898	0.8711	23
chr1	210916	0.8484	28
chr1	210943	0.8661	44
chr1	210985	0.7344	28
chr1	211004	0.7323	30
chr1	211104	0.7936	38
chr1	211203	0.6391	29
chr1	211267	0.7775	29
chr1	211317	0.8415	24
chr1	211417	0.6685	25
chr1	211504	0.6474	35
chr1	211564	0.776	29
chr1	211578	0.5578	26
chr1	211617	0.8432	28
chr1	211657	0.7878	36
chr1	211701	0.7635	35
chr1	211748	0.8775	34
chr1	211763	0.6491	29
chr1	211812	0.6644	31
chr1	211845	0.7685	25
chr1	211893	0.7761	28
chr1	211943	0.7082	35
chr1	211990	0.6976	31
chr1	212015	0.9019	25
chr1	212056	0.6119	28
chr1	212156	0.6766	39
chr1	212217	0.9357	35
chr1	212271	0.7174	25
chr1	212371	0.5684	37
chr1	212471	0.7677	28
chr1	212561	0.7928	34
chr1	212595	0.8647	33
chr1	212611	0.9158	29
chr1	212650	0.8827	31
chr1	212697	0.7452	37
chr1	212740	0.9278	21
chr1	212790	0.9521	34
chr1	212806	0.731	34
chr1	212843	0.8437	26
chr1	212893	0.9552	22
chr1	212943	0.847	29
chr1	212983	0.921	22
chr1	213033	0.8019	31
chr1	213055	0.931	31
chr1	213070	0.7736	33
chr1	213102	1.0	21
chr1	213200	1.0	26
chr1	213299	0.9598	24
chr1	213399	0.8575	37
chr1	213472	0.7549	33
chr1	213572	0.8671	35
chr1	213640	0.727	32
chr1	213668	0.9327	40
chr1	213675	0.0105	18
chr1	213700	0.248	24
chr1	213725	0.1148	19
chr1	213741	0.1346	34
chr1	213782	0.2378	20
chr1	213804	0.2298	33
chr1	213833	0.193	25
chr1	213883	0.1265	39
chr1	213898	0.095	43
chr1	213923	0.1299	33
chr1	213959	0.0838	27
chr1	213990	0.0745	30
chr1	214005	0.1823	28
chr1	214031	0.0	26
chr1	214081	0.1012	26
chr1	214113	0.0	26
chr1	214135	0.195	36
chr1	214158	0.1007	23
chr1	214165	0.1419	33
chr1	214265	0.1627	23
chr1	214365	0.1917	35
chr1	214427	0.0005	20
chr1	214527	0.0465	30
chr1	214621	0.1134	27
chr1	214735	0.2349	28
chr1	214795	0.0908	21
chr1	214837	0.1076	31
chr1	214863	0.2161	28
chr1	214873	0.131	32
chr1	214887	0.096	29
chr1	215053	0.1467	28
chr1	215117	0.0819	31
chr1	215119	0.1737	28
