chr1	100005	0.6892	21
chr1	100046	0.4482	23
chr1	100096	0.5943	36
chr1	100123	0.5063	33
chr1	100150	0.5135	36
chr1	100200	0.5918	21
chr1	100244	0.6225	34
chr1	100268	0.7303	28
chr1	100307	0.5956	40
chr1	100331	0.6501	26
chr1	100355	0.639	23
chr1	100389	0.5396	21
chr1	100404	0.6919	40
chr1	100419	0.6393	27
chr1	100442	0.6985	38
chr1	100460	0.6645	24
chr1	100495	0.6683	29
chr1	100514	0.3505	31
chr1	100529	0.5789	28
chr1	100629	0.7311	22
chr1	100716	0.5311	22
chr1	100816	0.6698	36
chr1	100866	0.4913	32
chr1	100938	0.5358	40
chr1	101038	0.699	30
chr1	101074	0.899	33
chr1	101182	0.9151	29
chr1	101194	0.9924	21
chr1	101250	0.7971	28
chr1	101344	0.9373	30
chr1	101380	0.8066	39
chr1	101386	0.359	29
chr1	101425	0.2843	30
chr1	101464	0.4361	35
chr1	101481	0.3163	29
chr1	101529	0.4578	27
chr1	101544	0.5866	29
chr1	101594	0.2903	23
chr1	101610	0.2925	37
chr1	101637	0.407	26
chr1	101687	0.4563	26
chr1	101719	0.3066	33
chr1	101764	0.2797	40
chr1	101805	0.385	33
chr1	101808	0.5481	36
chr1	101908	0.2773	30
chr1	101984	0.3951	32
chr1	102084	0.3418	40
chr1	102134	0.2912	28
chr1	102188	0.1704	23
chr1	102314	0.0442	36
chr1	102356	0.1808	24
chr1	102456	0.1459	35
chr1	102472	0.1432	34
chr1	102478	0.1131	22
chr1	102498	0.2885	28
chr1	102504	0.2008	36
chr1	102620	0.2693	32
chr1	102636	0.3451	24
chr1	102684	0.0343	26
chr1	102715	0.2723	31
chr1	102749	0.266	26
chr1	102799	0.2637	26
chr1	102838	0.1663	35
chr1	102877	0.1016	34
chr1	102927	0.2577	28
chr1	102952	0.2736	25
chr1	102972	0.3269	26
chr1	102990	0.1052	38
chr1	103005	0.2768	30
chr1	103055	0.2068	31
chr1	103072	0.3741	24
chr1	103099	0.3955	31
chr1	103103	0.3218	32
chr1	103203	0.4721	35
chr1	103303	0.1442	21
chr1	103403	0.3832	30
chr1	103473	0.28	39
chr1	103563	0.2145	36
chr1	103597	0.0882	34
chr1	103612	0.6973	23
chr1	103638	0.7736	33
chr1	103653	0.7245	22
chr1	103690	0.6402	33
chr1	103723	0.8172	27
chr1	103757	0.7547	21
chr1	103804	0.8635	31
chr1	103854	0.7426	35
chr1	103879	0.6977	35
chr1	103917	0.668	28
chr1	103952	0.713	29
chr1	103988	0.6609	24
chr1	104025	0.8262	35
chr1	104075	0.788	34
chr1	104151	0.8021	27
chr1	104201	0.8787	24
chr1	104267	0.7297	30
chr1	104367	0.7299	26
chr1	104467	0.5868	32
chr1	104541	0.9261	28
chr1	104563	0.8544	30
chr1	104607	0.6314	34
chr1	104629	0.6347	28
chr1	104659	0.6835	28
chr1	104688	0.6534	28
chr1	104703	0.4417	34
chr1	104722	0.7407	36
chr1	104745	0.5972	20
chr1	104760	0.5722	19
chr1	104791	0.5681	35
chr1	104817	0.6	32
chr1	104832	0.7413	31
chr1	104869	0.5585	32
chr1	104912	0.5935	23
chr1	104946	0.4369	35
chr1	104972	0.6927	25
chr1	105012	0.4905	28
chr1	105054	0.6471	31
chr1	105089	0.7843	30
chr1	105109	0.5835	28
chr1	105143	0.6747	17
chr1	105158	0.6469	34
chr1	105228	0.677	34
chr1	105328	0.5742	26
chr1	105401	0.4838	34
chr1	105501	0.4678	38
chr1	105568	0.8269	22
chr1	105668	0.5267	31
chr1	105676	0.6782	32
chr1	105762	0.655	34
chr1	105768	0.4244	30
chr1	105810	0.6458	30
chr1	105839	0.4528	35
chr1	105883	0.2784	25
chr1	105924	0.3079	38
chr1	105951	0.5899	29
chr1	105966	0.3162	31
chr1	105989	0.4913	30
chr1	106039	0.3997	36
chr1	106075	0.3767	34
chr1	106097	0.293	25
chr1	106131	0.3959	21
chr1	106173	0.4661	24
chr1	106195	0.5191	32
chr1	106235	0.4347	30
chr1	106335	0.3691	26
chr1	106387	0.5134	26
chr1	106487	0.6046	36
chr1	106565	0.6799	30
chr1	106655	0.4554	28
chr1	106679	0.7236	39
chr1	106735	0.818	22
chr1	106787	0.6997	26
chr1	106915	0.8251	35
chr1	106975	0.6945	24
chr1	106977	0.654	34
chr1	106987	0.7398	28
chr1	107013	0.686	22
chr1	107061	0.6945	34
chr1	107149	0.7315	30
chr1	107168	0.671	26
chr1	107190	0.7613	30
chr1	107231	0.6511	24
chr1	107281	0.6779	36
chr1	107301	0.7986	26
chr1	107335	0.5825	26
chr1	107385	0.8723	33
chr1	107400	0.6836	32
chr1	107445	0.8443	29
chr1	107462	0.6836	31
chr1	107495	0.697	28
chr1	107545	0.5999	31
chr1	107560	0.7495	32
chr1	107604	0.7087	14
chr1	107654	0.8356	32
chr1	107677	0.7723	19
chr1	107717	0.7696	30
chr1	107767	0.7036	22
chr1	107773	0.6562	27
chr1	107873	0.8807	26
chr1	107973	0.6449	20
chr1	108073	0.7933	31
chr1	108173	0.5653	21
chr1	108228	0.6948	28
chr1	108328	0.8733	28
chr1	108408	0.866	28
chr1	108416	0.7227	28
chr1	108431	0.7694	29
chr1	108468	0.8338	39
chr1	108500	0.6829	26
chr1	108534	0.6804	34
chr1	108584	0.8288	24
chr1	108622	0.6085	33
chr1	108672	0.7227	26
chr1	108696	0.6855	35
chr1	108711	0.9202	31
chr1	108732	0.7423	37
chr1	108755	0.7989	19
chr1	108805	0.7622	34
chr1	108848	0.6644	34
chr1	108870	0.7485	24
chr1	108915	0.6404	25
chr1	108943	0.7297	29
chr1	108993	0.6995	24
chr1	108995	0.7761	19
chr1	109045	0.6429	30
chr1	109134	0.898	21
chr1	109216	0.7133	38
chr1	109266	0.8779	37
chr1	109366	0.6377	27
chr1	109466	0.8683	27
chr1	109517	0.8159	36
chr1	109599	0.8524	29
chr1	109601	0.7132	34
chr1	109613	0.8787	25
chr1	109636	0.7524	35
chr1	109668	0.8384	34
chr1	109697	0.7113	22
chr1	109747	0.707	37
chr1	109773	0.8876	29
chr1	109805	0.7657	29
chr1	109820	0.9093	30
chr1	109855	0.7718	30
chr1	109875	0.9332	35
chr1	109890	0.7407	29
chr1	109940	0.9048	27
chr1	109969	0.8326	32
chr1	109984	0.7695	26
chr1	110004	0.8409	34
chr1	110034	0.9982	23
chr1	110065	0.8426	33
chr1	110088	0.8618	34
chr1	110103	0.892	34
chr1	110126	0.8953	30
chr1	110127	0.9019	22
chr1	110227	0.639	25
chr1	110296	0.7239	28
chr1	110396	0.8964	29
chr1	110446	0.7987	34
chr1	110508	0.7785	28
chr1	110608	0.7771	32
chr1	110666	0.7791	32
chr1	110716	0.7858	26
chr1	110741	0.6986	34
chr1	110768	0.9575	25
chr1	110788	0.8246	14
chr1	110810	0.7915	37
chr1	110860	0.8066	33
chr1	110908	0.7057	25
chr1	110923	0.7118	38
chr1	110973	0.9239	20
chr1	111023	0.7591	29
chr1	111049	0.5486	18
chr1	111084	0.7828	31
chr1	111114	0.8035	27
chr1	111164	0.7747	26
chr1	111184	0.7413	27
chr1	111216	0.7436	20
chr1	111240	0.7171	35
chr1	111255	0.8935	30
chr1	111305	0.716	30
chr1	111318	0.7354	36
chr1	111418	0.7548	23
chr1	111468	0.8603	31
chr1	111547	0.7787	33
chr1	111647	0.9269	26
chr1	111708	0.8312	39
chr1	111808	0.818	29
chr1	111893	0.7391	30
chr1	111931	0.765	30
chr1	111971	1.0	21
chr1	111995	0.0422	30
chr1	112029	0.106	27
chr1	112067	0.0763	25
chr1	112103	0.1285	29
chr1	112128	0.0705	26
chr1	112170	0.1538	30
chr1	112186	0.0538	17
chr1	112233	0.0363	25
chr1	112257	0.1106	31
chr1	112292	0.1803	38
chr1	112317	0.0	33
chr1	112367	0.1608	26
chr1	112404	0.2341	27
chr1	112435	0.1616	32
chr1	112535	0.1263	26
chr1	112622	0.2236	30
chr1	112722	0.0479	25
chr1	112822	0.1241	30
chr1	112920	0.0	25
chr1	112928	0.1867	30
chr1	112978	0.1421	32
chr1	113006	0.3059	40
chr1	113021	0.1885	34
chr1	113045	0.5695	31
chr1	113081	0.3399	32
chr1	113104	0.3044	26
chr1	113134	0.3944	26
chr1	113177	0.3699	30
chr1	113204	0.3073	24
chr1	113223	0.257	28
chr1	113249	0.1083	32
chr1	113299	0.2735	33
chr1	113349	0.1431	31
chr1	113364	0.3752	30
chr1	113414	0.289	23
chr1	113448	0.3923	33
chr1	113461	0.3626	28
chr1	113533	0.3968	38
chr1	113583	0.2585	35
chr1	113683	0.2461	30
chr1	113740	0.282	33
chr1	113790	0.3393	31
chr1	113840	0.2269	31
chr1	113940	0.3855	31
chr1	113960	0.159	27
chr1	114012	0.0396	20
chr1	114032	0.1048	31
chr1	114086	0.035	33
chr1	114096	0.1748	35
chr1	114116	0.1716	37
chr1	114216	0.1014	29
chr1	114298	0.1675	24
chr1	114404	0.1178	26
chr1	114437	0.6068	33
chr1	114452	0.7121	30
chr1	114496	0.6333	32
chr1	114524	0.7041	44
chr1	114553	0.7166	24
chr1	114603	0.6261	24
chr1	114618	0.7036	31
chr1	114635	0.6295	29
chr1	114670	0.5796	26
chr1	114685	0.666	30
chr1	114707	0.5488	19
chr1	114756	0.7279	24
chr1	114784	0.6561	28
chr1	114799	0.7877	25
chr1	114832	0.624	27
chr1	114857	0.7173	29
chr1	114878	0.7332	29
chr1	114928	0.6827	29
chr1	114951	0.6343	30
chr1	115035	0.7818	38
chr1	115135	0.6414	27
chr1	115219	0.627	33
chr1	115292	0.5953	30
chr1	115392	0.6939	31
chr1	115462	0.7299	30
chr1	115464	0.7057	31
chr1	115491	0.7342	27
chr1	115528	0.5979	29
chr1	115563	0.4288	37
chr1	115582	0.4178	23
chr1	115602	0.7682	25
chr1	115652	0.4567	32
chr1	115692	0.6002	29
chr1	115739	0.524	39
chr1	115772	0.5269	16
chr1	115809	0.5192	34
chr1	115837	0.7089	33
chr1	115867	0.6437	23
chr1	115891	0.6318	37
chr1	115941	0.5709	32
chr1	115962	0.5329	21
chr1	115997	0.6513	39
chr1	116025	0.5411	22
chr1	116059	0.6447	25
chr1	116159	0.5464	28
chr1	116259	0.7074	32
chr1	116359	0.5691	28
chr1	116414	0.4464	38
chr1	116514	0.4998	34
chr1	116608	0.6877	33
chr1	116626	0.4977	30
chr1	116676	0.7202	34
chr1	116726	0.5322	22
chr1	116744	0.6043	31
chr1	116764	0.5284	32
chr1	116814	0.7214	24
chr1	116832	0.5923	35
chr1	116855	0.5517	30
chr1	116905	0.4524	31
chr1	116955	0.5969	29
chr1	116970	0.6223	31
chr1	117014	0.6245	32
chr1	117041	0.5588	33
chr1	117069	0.7752	31
chr1	117119	0.6704	31
chr1	117144	0.6155	36
chr1	117167	0.3845	24
chr1	117193	0.6469	27
chr1	117202	0.7336	34
chr1	117302	0.6623	34
chr1	117402	0.8127	33
chr1	117502	0.7666	33
chr1	117601	0.6191	29
chr1	117701	0.7467	35
chr1	117745	0.7993	23
chr1	117750	0.571	37
chr1	117765	0.393	35
chr1	117809	0.3794	34
chr1	117846	0.5081	35
chr1	117891	0.4361	35
chr1	117932	0.499	26
chr1	117965	0.5519	28
chr1	118009	0.5061	23
chr1	118033	0.4938	31
chr1	118073	0.5372	24
chr1	118096	0.5594	31
chr1	118137	0.4733	20
chr1	118164	0.6397	38
chr1	118202	0.4895	30
chr1	118209	0.3988	28
chr1	118294	0.4829	27
chr1	118381	0.5847	32
chr1	118431	0.5498	29
chr1	118531	0.5668	34
chr1	118631	0.4154	33
chr1	118633	0.9557	32
chr1	118717	0.9257	25
chr1	118803	0.9127	33
chr1	118807	0.7152	33
chr1	119041	0.9117	23
chr1	119053	0.0093	29
chr1	119068	0.0602	27
chr1	119092	0.019	33
chr1	119110	0.1022	34
chr1	119160	0.086	32
chr1	119206	0.0865	30
chr1	119224	0.0152	35
chr1	119263	0.1408	36
chr1	119280	0.0	28
chr1	119295	0.1526	31
chr1	119316	0.1919	30
chr1	119344	0.2183	39
chr1	119380	0.1381	34
chr1	119426	0.1815	24
chr1	119451	0.1275	26
chr1	119493	0.0	31
chr1	119508	0.1735	21
chr1	119546	0.0632	26
chr1	119596	0.0867	30
chr1	119670	0.1564	32
chr1	119736	0.1319	30
chr1	119786	0.2173	30
chr1	119886	0.1278	27
chr1	119986	0.2237	29
chr1	120036	0.1813	30
chr1	120046	0.2337	31
chr1	120088	0.0479	31
chr1	120134	0.8804	26
chr1	120184	0.73	29
chr1	120225	0.9455	36
chr1	120256	0.7089	24
chr1	120284	0.7657	28
chr1	120333	0.6671	29
chr1	120355	0.682	29
chr1	120370	0.6643	32
chr1	120401	0.7947	28
chr1	120451	0.7345	25
chr1	120501	0.7078	30
chr1	120529	0.7062	18
chr1	120560	0.7214	28
chr1	120599	0.6853	27
chr1	120615	0.6264	28
chr1	120715	0.6607	23
chr1	120810	0.8087	30
chr1	120910	0.8017	28
chr1	121010	0.788	35
chr1	121060	0.7946	26
chr1	121084	0.8673	23
chr1	121125	0.4646	32
chr1	121158	0.475	40
chr1	121205	0.554	28
chr1	121221	0.5458	30
chr1	121248	0.5617	29
chr1	121274	0.683	33
chr1	121306	0.5128	27
chr1	121356	0.7093	37
chr1	121378	0.606	31
chr1	121419	0.5449	38
chr1	121469	0.6141	33
chr1	121489	0.4347	30
chr1	121521	0.3864	27
chr1	121553	0.5107	37
chr1	121569	0.5412	36
chr1	121609	0.7712	31
chr1	121709	0.5869	31
chr1	121776	0.6559	28
chr1	121860	0.4928	32
chr1	121910	0.7383	28
chr1	122010	0.5581	33
chr1	122064	0.6809	32
chr1	122089	0.0993	34
chr1	122134	0.1896	38
chr1	122154	0.2231	28
chr1	122185	0.1373	32
chr1	122203	0.2154	29
chr1	122229	0.3034	29
chr1	122253	0.2766	29
chr1	122282	0.1972	31
chr1	122332	0.2477	25
chr1	122382	0.2171	36
chr1	122410	0.1175	34
chr1	122437	0.1511	33
chr1	122458	0.2475	29
chr1	122476	0.23	27
chr1	122504	0.0911	28
chr1	122531	0.0945	33
chr1	122581	0.2648	27
chr1	122681	0.1591	32
chr1	122781	0.164	29
chr1	122831	0.2827	34
chr1	122931	0.2933	27
chr1	122965	0.2684	33
chr1	122967	0.0676	32
chr1	122972	0.2072	23
chr1	122987	0.3045	20
chr1	123020	0.3257	29
chr1	123062	0.3486	28
chr1	123097	0.3642	25
chr1	123118	0.3707	29
chr1	123140	0.416	29
chr1	123190	0.2837	22
chr1	123226	0.3496	22
chr1	123241	0.4152	33
chr1	123264	0.257	27
chr1	123291	0.2519	39
chr1	123307	0.2685	26
chr1	123335	0.1621	27
chr1	123358	0.3346	22
chr1	123391	0.3698	32
chr1	123417	0.3908	34
chr1	123438	0.3695	21
chr1	123463	0.3078	28
chr1	123490	0.3095	20
chr1	123590	0.4395	29
chr1	123678	0.4008	26
chr1	123778	0.3508	25
chr1	123878	0.35	29
chr1	123929	0.3044	16
chr1	123963	0.1419	31
chr1	123967	0.0221	24
chr1	124047	0.3186	30
chr1	124195	0.0279	31
chr1	124263	0.1714	26
chr1	124373	0.0067	28
chr1	124415	0.1382	25
chr1	124435	0.5922	33
chr1	124458	0.6636	32
chr1	124489	0.549	28
chr1	124512	0.7274	38
chr1	124545	0.5411	29
chr1	124576	0.4466	26
chr1	124596	0.5923	31
chr1	124641	0.6803	33
chr1	124656	0.6447	32
chr1	124706	0.4349	29
chr1	124741	0.7022	30
chr1	124781	0.627	30
chr1	124796	0.5941	33
chr1	124825	0.5708	28
chr1	124875	0.624	28
chr1	124903	0.4993	30
chr1	124935	0.6821	34
chr1	124952	0.6754	21
chr1	124967	0.7647	23
chr1	124969	0.6618	29
chr1	125036	0.6889	34
chr1	125108	0.5987	28
chr1	125208	0.5251	25
chr1	125308	0.47	33
chr1	125408	0.5645	29
chr1	125462	0.6756	35
chr1	125496	0.9084	21
chr1	125519	0.6976	29
chr1	125535	0.6083	29
chr1	125560	0.7486	33
chr1	125604	0.7803	28
chr1	125648	0.6912	21
chr1	125672	0.6869	29
chr1	125692	0.57	27
chr1	125710	0.755	39
chr1	125738	0.7659	25
chr1	125770	0.6978	37
chr1	125820	0.5612	36
chr1	125852	0.6926	31
chr1	125893	0.8834	30
chr1	125913	0.744	28
chr1	125944	0.6295	31
chr1	125976	0.6531	32
chr1	126004	0.6258	29
chr1	126022	0.7166	30
chr1	126122	0.5206	28
chr1	126222	0.6105	34
chr1	126322	0.6675	31
chr1	126372	0.7039	29
chr1	126472	0.6901	36
chr1	126522	0.5974	32
chr1	126544	0.9042	31
chr1	126606	0.7237	30
chr1	126645	0.6104	27
chr1	126679	0.4543	40
chr1	126702	0.5918	35
chr1	126745	0.5019	14
chr1	126760	0.6162	34
chr1	126810	0.7396	32
chr1	126826	0.4572	32
chr1	126844	0.5614	33
chr1	126881	0.5384	34
chr1	126920	0.6829	25
chr1	126970	0.5565	32
chr1	127005	0.6122	22
chr1	127034	0.4905	24
chr1	127067	0.4528	33
chr1	127117	0.7296	31
chr1	127125	0.6684	25
chr1	127215	0.6905	31
chr1	127315	0.622	30
chr1	127411	0.5753	27
chr1	127506	0.7344	32
chr1	127524	0.5757	38
chr1	127533	0.2438	18
chr1	127574	0.2019	28
chr1	127624	0.2554	29
chr1	127653	0.2086	23
chr1	127670	0.384	32
chr1	127720	0.3258	24
chr1	127762	0.3852	38
chr1	127779	0.4715	32
chr1	127807	0.3452	26
chr1	127845	0.3838	30
chr1	127866	0.4441	21
chr1	127882	0.3132	29
chr1	127927	0.4437	27
chr1	127942	0.346	32
chr1	127965	0.219	32
chr1	127988	0.2527	32
chr1	128006	0.5679	28
chr1	128031	0.354	37
chr1	128058	0.3646	28
chr1	128073	0.3749	26
chr1	128107	0.3728	25
chr1	128108	0.4236	27
chr1	128208	0.3469	31
chr1	128305	0.2669	32
chr1	128355	0.3375	25
chr1	128455	0.3393	31
chr1	128555	0.2597	29
chr1	128655	0.2685	22
chr1	128659	0.6063	26
chr1	128753	0.7479	22
chr1	128771	0.7902	23
chr1	128791	0.4919	33
chr1	128875	0.5871	24
chr1	128919	0.5839	32
chr1	128951	0.4923	31
chr1	129137	0.7404	25
chr1	129187	0.3021	31
chr1	129205	0.4103	28
chr1	129254	0.6806	24
chr1	129271	0.7691	20
chr1	129305	0.6832	32
chr1	129325	0.384	24
chr1	129351	0.4332	25
chr1	129366	0.349	44
chr1	129394	0.609	32
chr1	129436	0.6867	31
chr1	129486	0.7328	35
chr1	129515	0.5743	29
chr1	129531	0.811	34
chr1	129576	0.4065	32
chr1	129612	0.4533	32
chr1	129640	0.7236	20
chr1	129663	0.4721	27
chr1	129671	0.5805	37
chr1	129771	0.4998	28
chr1	129871	0.7666	23
chr1	129931	0.9215	29
chr1	129998	0.6805	28
chr1	130085	0.3419	33
chr1	130135	0.5706	36
chr1	130233	0.831	36
chr1	130266	0.5517	36
chr1	130288	0.5995	26
chr1	130336	0.5076	32
chr1	130364	0.3531	29
chr1	130387	0.4499	29
chr1	130437	0.6535	29
chr1	130452	0.4755	26
chr1	130502	0.2951	26
chr1	130552	0.4773	32
chr1	130571	0.5414	39
chr1	130593	0.3504	25
chr1	130610	0.636	38
chr1	130656	0.5545	36
chr1	130678	0.661	30
chr1	130706	0.5251	31
chr1	130747	0.5096	27
chr1	130762	0.5232	29
chr1	130770	0.516	40
chr1	130870	0.5739	26
chr1	130949	0.4509	33
chr1	131004	0.4854	29
chr1	131104	0.4253	31
chr1	131197	0.4559	29
chr1	131255	0.4437	28
chr1	131281	0.4576	35
chr1	131319	0.6632	33
chr1	131334	0.0	38
chr1	131384	0.3031	31
chr1	131412	0.3261	29
chr1	131428	0.7636	32
chr1	131473	0.6499	29
chr1	131488	0.5368	28
chr1	131505	0.803	35
chr1	131535	0.019	35
chr1	131565	0.6715	32
chr1	131598	0.789	38
chr1	131648	0.2936	26
chr1	131679	0.267	17
chr1	131701	0.0513	28
chr1	131723	0.848	26
chr1	131747	0.175	16
chr1	131763	0.926	41
chr1	131803	0.561	31
chr1	131805	0.0	27
chr1	131905	0.8049	31
chr1	132005	0.084	26
chr1	132105	0.7797	33
chr1	132155	0.4122	34
chr1	132239	0.008	19
chr1	132277	0.401	36
chr1	132331	0.257	33
chr1	132345	0.827	32
chr1	132395	0.8968	25
chr1	132445	0.8613	37
chr1	132478	0.9129	21
chr1	132502	0.8005	32
chr1	132552	0.6648	29
chr1	132567	0.7948	25
chr1	132617	0.8734	33
chr1	132667	0.7741	35
chr1	132707	0.8951	41
chr1	132724	0.7307	32
chr1	132774	0.8554	33
chr1	132788	0.8684	29
chr1	132880	0.7628	34
chr1	132936	0.826	27
chr1	132986	0.8119	23
chr1	133086	0.8551	33
chr1	133182	0.8306	41
chr1	133196	0.9919	28
chr1	133242	0.7781	32
chr1	133250	0.4487	32
chr1	133280	0.7385	21
chr1	133295	0.4956	26
chr1	133335	0.5677	27
chr1	133384	0.7107	13
chr1	133409	0.6784	21
chr1	133429	0.4936	32
chr1	133479	0.6087	31
chr1	133511	0.7068	32
chr1	133540	0.6617	22
chr1	133569	0.5651	26
chr1	133619	0.5548	25
chr1	133653	0.7125	28
chr1	133690	0.6137	26
chr1	133718	0.6347	24
chr1	133734	0.3931	34
chr1	133817	0.5447	29
chr1	133917	0.5281	30
chr1	133968	0.4628	30
chr1	134068	0.6638	27
chr1	134148	0.5464	24
chr1	134164	0.91	32
chr1	134186	0.9237	28
chr1	134284	0.8774	34
chr1	134306	0.7571	33
chr1	134418	0.8414	31
chr1	134454	0.7266	29
chr1	134538	0.9572	30
chr1	134594	0.9851	18
chr1	134612	0.6709	33
chr1	134622	0.0	31
chr1	134637	0.1046	27
chr1	134672	0.0706	33
chr1	134687	0.0322	37
chr1	134702	0.1452	25
chr1	134719	0.0675	29
chr1	134750	0.0149	27
chr1	134783	0.1405	29
chr1	134833	0.0	28
chr1	134849	0.2133	24
chr1	134870	0.1456	17
chr1	134920	0.3232	32
chr1	134959	0.3337	32
chr1	134994	0.2179	28
chr1	135023	0.3147	28
chr1	135060	0.2611	21
chr1	135090	0.3622	30
chr1	135122	0.3073	27
chr1	135160	0.5204	30
chr1	135169	0.3378	32
chr1	135269	0.2253	26
chr1	135319	0.0862	21
chr1	135419	0.0	24
chr1	135493	0.0164	38
chr1	135593	0.1238	23
chr1	135643	0.0809	26
chr1	135793	0.0	28
chr1	135809	0.0513	30
chr1	135819	0.2493	38
chr1	135973	0.082	30
chr1	136047	0.175	24
chr1	136057	0.6649	25
chr1	136079	0.5505	38
chr1	136113	0.7671	33
chr1	136146	0.6599	33
chr1	136178	0.6542	27
chr1	136199	0.5929	28
chr1	136214	0.5638	34
chr1	136234	0.634	29
chr1	136279	0.7373	35
chr1	136329	0.5399	30
chr1	136368	0.6184	29
chr1	136393	0.6011	32
chr1	136438	0.7078	27
chr1	136453	0.7009	35
chr1	136483	0.6987	36
chr1	136505	0.7568	38
chr1	136531	0.6607	28
chr1	136554	0.7827	32
chr1	136571	0.6482	21
chr1	136621	0.643	31
chr1	136643	0.6442	32
chr1	136665	0.6037	42
chr1	136693	0.754	28
chr1	136793	0.7026	24
chr1	136893	0.7003	33
chr1	136993	0.6844	26
chr1	137093	0.6147	30
chr1	137143	0.5529	30
chr1	137243	0.4686	35
chr1	137306	0.5695	25
chr1	137320	0.7701	28
chr1	137406	0.8294	30
chr1	137408	0.913	37
chr1	137456	0.8227	37
chr1	137664	0.9301	18
chr1	137718	0.8602	23
chr1	137798	0.6836	25
chr1	137831	0.7037	36
chr1	137881	0.6642	26
chr1	137931	0.6711	37
chr1	137981	0.6286	26
chr1	138010	0.7021	23
chr1	138034	0.6358	26
chr1	138067	0.6478	28
chr1	138113	0.6231	30
chr1	138163	0.5574	37
chr1	138185	0.7224	27
chr1	138235	0.4858	33
chr1	138268	0.7806	25
chr1	138368	0.5598	28
chr1	138468	0.7361	42
chr1	138568	0.6643	37
chr1	138668	0.534	28
chr1	138686	0.784	33
chr1	138736	0.7383	25
chr1	138760	0.7014	31
chr1	138775	0.5572	37
chr1	138803	0.6684	33
chr1	138853	0.6639	29
chr1	138903	0.6439	21
chr1	138933	0.4878	27
chr1	138951	0.5176	21
chr1	138966	0.6468	28
chr1	139013	0.597	26
chr1	139036	0.6309	30
chr1	139077	0.6959	25
chr1	139127	0.7196	26
chr1	139147	0.6724	29
chr1	139172	0.6186	27
chr1	139222	0.4536	25
chr1	139249	0.4887	26
chr1	139289	0.5583	24
chr1	139297	0.4163	30
chr1	139347	0.6006	30
chr1	139447	0.5839	33
chr1	139547	0.4994	31
chr1	139647	0.6492	27
chr1	139747	0.7014	35
chr1	139809	0.5443	32
chr1	139831	0.7847	25
chr1	139855	0.8337	30
chr1	139905	0.7051	29
chr1	139923	0.6593	27
chr1	139952	0.5117	30
chr1	139975	0.8099	32
chr1	139999	0.7858	31
chr1	140035	0.7435	37
chr1	140056	0.7391	29
chr1	140104	0.7186	30
chr1	140145	0.7105	24
chr1	140195	0.8561	24
chr1	140245	0.623	31
chr1	140264	0.6142	30
chr1	140288	0.5537	34
chr1	140317	0.6921	37
chr1	140332	0.8516	28
chr1	140344	0.6213	34
chr1	140444	0.7234	30
chr1	140543	0.7768	27
chr1	140637	0.7232	36
chr1	140704	0.6696	30
chr1	140785	0.8401	36
chr1	140815	0.8955	18
chr1	140821	0.2363	27
chr1	140860	0.3603	25
chr1	140890	0.1694	27
chr1	140915	0.3459	39
chr1	140965	0.2417	30
chr1	140991	0.2436	33
chr1	141041	0.1364	24
chr1	141071	0.4486	18
chr1	141091	0.5186	27
chr1	141106	0.3356	31
chr1	141156	0.3166	29
chr1	141204	0.2785	24
chr1	141249	0.2133	22
chr1	141299	0.3366	24
chr1	141345	0.269	27
chr1	141395	0.2529	34
chr1	141445	0.1776	22
chr1	141529	0.4327	33
chr1	141629	0.2415	26
chr1	141729	0.2411	25
chr1	141829	0.2729	29
chr1	141897	0.0	28
chr1	141951	0.0	22
chr1	142019	0.2125	24
chr1	142123	0.0875	24
chr1	142157	0.0936	26
chr1	142203	0.6438	28
chr1	142229	0.6251	20
chr1	142244	0.7764	27
chr1	142272	0.7402	28
chr1	142315	0.7447	33
chr1	142365	0.6372	32
chr1	142380	0.539	29
chr1	142399	0.7982	34
chr1	142428	0.6609	35
chr1	142478	0.5638	30
chr1	142493	0.6185	27
chr1	142509	0.7218	27
chr1	142531	0.6387	29
chr1	142546	0.5235	34
chr1	142561	0.8182	30
chr1	142611	0.7775	37
chr1	142635	0.6114	36
chr1	142655	0.7188	32
chr1	142670	0.5653	28
chr1	142697	0.5309	29
chr1	142718	0.6276	33
chr1	142726	0.5903	23
chr1	142776	0.5055	24
chr1	142865	0.6857	29
chr1	142951	0.549	34
chr1	143051	0.8151	24
chr1	143131	0.5955	26
chr1	143231	0.7783	26
chr1	143243	0.6785	28
chr1	143253	0.4683	32
chr1	143295	0.4507	19
chr1	143323	0.6477	30
chr1	143341	0.3607	25
chr1	143358	0.4336	33
chr1	143393	0.3626	34
chr1	143440	0.5033	25
chr1	143472	0.3841	26
chr1	143509	0.3649	35
chr1	143551	0.4414	41
chr1	143575	0.5305	30
chr1	143613	0.3659	32
chr1	143652	0.401	30
chr1	143669	0.3644	27
chr1	143702	0.3576	27
chr1	143739	0.5786	33
chr1	143772	0.6716	30
chr1	143872	0.3444	32
chr1	143972	0.4013	25
chr1	144072	0.455	35
chr1	144172	0.4226	29
chr1	144272	0.4865	34
chr1	144282	0.0163	28
chr1	144326	0.2168	24
chr1	144386	0.1626	25
chr1	144436	0.0366	29
chr1	144518	0.2037	37
chr1	144734	0.1361	19
chr1	144742	0.0948	37
chr1	144768	0.2489	24
chr1	144773	0.813	25
chr1	144802	0.7327	34
chr1	144827	0.9437	28
chr1	144877	0.8701	34
chr1	144894	0.9247	24
chr1	144944	0.766	28
chr1	144994	0.6631	34
chr1	145012	0.954	31
chr1	145027	0.8594	28
chr1	145062	0.8013	30
chr1	145093	0.846	22
chr1	145143	0.9311	22
chr1	145160	0.646	34
chr1	145194	0.7374	33
chr1	145231	0.5249	33
chr1	145263	0.6646	34
chr1	145288	0.7062	29
chr1	145302	0.607	30
chr1	145402	0.7322	24
chr1	145452	0.6393	28
chr1	145552	0.7774	31
chr1	145626	0.6196	29
chr1	145676	0.8038	37
chr1	145728	0.7701	35
chr1	145820	0.756	32
chr1	145930	0.7739	29
chr1	145976	0.9241	27
chr1	146104	0.726	34
chr1	146164	0.9591	25
chr1	146210	0.9178	20
chr1	146264	0.9153	25
chr1	146295	0.6985	27
chr1	146322	0.7627	24
chr1	146347	0.8023	29
chr1	146385	0.5188	24
chr1	146408	0.7143	33
chr1	146442	0.6982	25
chr1	146471	0.856	31
chr1	146487	0.8922	21
chr1	146537	0.6938	23
chr1	146562	0.8423	27
chr1	146599	0.7418	30
chr1	146619	0.7494	38
chr1	146634	0.7061	35
chr1	146684	0.7201	23
chr1	146714	0.5366	29
chr1	146747	0.7721	34
chr1	146778	0.6547	42
chr1	146827	0.6773	41
chr1	146927	0.5365	20
chr1	147027	0.4956	31
chr1	147097	0.6534	25
chr1	147186	0.7679	40
chr1	147286	0.8496	28
chr1	147370	0.8345	36
chr1	147409	0.7114	28
chr1	147435	0.716	32
chr1	147452	0.708	25
chr1	147480	0.8475	29
chr1	147500	0.8156	34
chr1	147518	0.7148	29
chr1	147568	0.8161	38
chr1	147610	0.7628	31
chr1	147629	0.7248	27
chr1	147677	0.8763	31
chr1	147712	0.7959	24
chr1	147738	0.8263	35
chr1	147788	0.8675	28
chr1	147823	0.6456	37
chr1	147873	0.6672	17
chr1	147881	0.7554	16
chr1	147981	0.8132	39
chr1	148033	0.817	31
chr1	148105	0.8352	22
chr1	148205	0.8162	21
chr1	148305	0.5959	29
chr1	148333	0.879	27
chr1	148389	0.6547	32
chr1	148399	1.0	32
chr1	148435	1.0	23
chr1	148478	1.0	25
chr1	148520	0.269	27
chr1	148552	0.5503	37
chr1	148567	0.321	31
chr1	148617	0.5769	34
chr1	148666	0.9807	30
chr1	148700	0.4153	29
chr1	148727	0.4576	30
chr1	148749	0.7187	16
chr1	148793	0.312	34
chr1	148808	0.9599	33
chr1	148844	0.662	36
chr1	148855	0.7203	28
chr1	148905	0.303	29
chr1	149005	0.9376	28
chr1	149105	0.5125	29
chr1	149205	0.3554	30
chr1	149305	0.8158	30
chr1	149361	0.5679	30
chr1	149391	0.5488	34
chr1	149416	0.6116	28
chr1	149466	0.7248	27
chr1	149481	0.6179	20
chr1	149501	0.5935	24
chr1	149532	0.534	29
chr1	149556	0.6188	31
chr1	149571	0.7106	38
chr1	149602	0.5422	26
chr1	149617	0.6726	21
chr1	149667	0.6703	32
chr1	149714	0.5774	31
chr1	149733	0.6889	20
chr1	149759	0.6407	29
chr1	149774	0.4814	25
chr1	149824	0.8338	27
chr1	149856	0.4682	38
chr1	149871	0.597	30
chr1	149896	0.5256	34
chr1	149917	0.5618	31
chr1	150017	0.5763	29
chr1	150117	0.6496	27
chr1	150217	0.6517	33
chr1	150267	0.6782	36
chr1	150367	0.5918	36
chr1	150427	0.6342	26
chr1	150451	0.7066	21
chr1	150457	0.4997	32
chr1	150481	0.5178	29
chr1	150521	0.6528	37
chr1	150550	0.7611	22
chr1	150600	0.6191	38
chr1	150615	0.5254	35
chr1	150631	0.6197	30
chr1	150665	0.4519	31
chr1	150680	0.4644	24
chr1	150695	0.5587	33
chr1	150710	0.6855	27
chr1	150741	0.3566	33
chr1	150764	0.4639	34
chr1	150779	0.4035	31
chr1	150811	0.5101	26
chr1	150855	0.5146	26
chr1	150870	0.4868	34
chr1	150898	0.5408	21
chr1	150931	0.6598	33
chr1	150971	0.5829	22
chr1	150986	0.5952	38
chr1	151004	0.5852	36
chr1	151032	0.5612	32
chr1	151061	0.5948	38
chr1	151099	0.6637	28
chr1	151199	0.6401	29
chr1	151276	0.4351	27
chr1	151356	0.6419	31
chr1	151439	0.6265	21
chr1	151489	0.5529	34
chr1	151572	0.5186	35
chr1	151672	0.5167	30
chr1	151722	0.6702	36
chr1	151734	0.8928	26
chr1	151814	0.9026	24
chr1	151874	0.8351	35
chr1	151900	0.7308	30
chr1	151922	0.7751	26
chr1	151942	0.6929	24
chr1	151950	0.7522	36
chr1	151962	0.5033	29
chr1	152104	0.9077	23
chr1	152124	0.6665	28
chr1	152158	0.1437	29
chr1	152181	0.1338	26
chr1	152202	0.1203	39
chr1	152229	0.2046	35
chr1	152262	0.1574	37
chr1	152306	0.1277	19
chr1	152323	0.1796	25
chr1	152352	0.0475	26
chr1	152402	0.1125	37
chr1	152427	0.0489	29
chr1	152457	0.0677	26
chr1	152476	0.061	29
chr1	152518	0.0375	40
chr1	152539	0.0109	19
chr1	152589	0.1846	29
chr1	152612	0.079	35
chr1	152617	0.0209	22
chr1	152717	0.1149	33
chr1	152817	0.1138	26
chr1	152867	0.0228	24
chr1	152967	0.1483	30
chr1	153067	0.0	34
chr1	153099	0.0	31
chr1	153112	0.1137	24
chr1	153139	0.2432	27
chr1	153162	0.0865	31
chr1	153208	0.2054	23
chr1	153240	0.0745	24
chr1	153256	0.0775	24
chr1	153289	0.1849	27
chr1	153313	0.0409	28
chr1	153337	0.0413	35
chr1	153379	0.0608	15
chr1	153405	0.1359	35
chr1	153437	0.1102	25
chr1	153478	0.1071	19
chr1	153508	0.2274	26
chr1	153523	0.0201	29
chr1	153573	0.1486	22
chr1	153588	0.0379	29
chr1	153602	0.1464	34
chr1	153681	0.0	27
chr1	153778	0.1942	37
chr1	153828	0.2035	29
chr1	153928	0.0693	32
chr1	154028	0.0985	33
chr1	154058	0.0787	26
chr1	154063	0.5478	37
chr1	154086	0.3787	26
chr1	154128	0.5053	28
chr1	154178	0.4419	30
chr1	154198	0.381	33
chr1	154213	0.5321	20
chr1	154244	0.4471	32
chr1	154282	0.5335	33
chr1	154301	0.3653	26
chr1	154329	0.5096	34
chr1	154349	0.5997	26
chr1	154364	0.4905	31
chr1	154398	0.4529	32
chr1	154428	0.4773	24
chr1	154445	0.3907	31
chr1	154464	0.4964	24
chr1	154489	0.2999	32
chr1	154517	0.5349	28
chr1	154532	0.5595	30
chr1	154538	0.4471	28
chr1	154638	0.4328	36
chr1	154738	0.6308	42
chr1	154818	0.408	29
chr1	154918	0.626	30
chr1	155006	0.4381	24
chr1	155170	0.2415	33
chr1	155178	0.0382	37
chr1	155190	0.133	22
chr1	155196	0.2066	31
chr1	155214	0.0718	28
chr1	155239	0.6514	33
chr1	155281	0.8731	25
chr1	155309	0.6581	26
chr1	155359	0.9472	28
chr1	155374	0.7866	38
chr1	155389	0.766	30
chr1	155431	0.7237	34
chr1	155446	0.768	29
chr1	155479	0.9387	30
chr1	155503	0.6648	27
chr1	155553	0.9674	21
chr1	155584	0.8533	28
chr1	155607	0.891	36
chr1	155657	0.6464	27
chr1	155698	0.9105	20
chr1	155715	0.7963	32
chr1	155727	0.8084	31
chr1	155827	0.7689	25
chr1	155927	0.7378	31
chr1	156027	0.6878	32
chr1	156127	0.7574	26
chr1	156133	0.7772	28
chr1	156171	0.9384	39
chr1	156218	0.6076	28
chr1	156248	0.7588	36
chr1	156271	0.6668	33
chr1	156287	0.7949	35
chr1	156334	0.5469	18
chr1	156384	0.6722	35
chr1	156401	0.78	31
chr1	156451	0.555	29
chr1	156485	0.5258	36
chr1	156530	0.684	28
chr1	156580	0.6584	23
chr1	156596	0.7396	25
chr1	156614	0.797	31
chr1	156641	0.7257	31
chr1	156661	0.5978	35
chr1	156682	0.5939	20
chr1	156724	0.4724	30
chr1	156824	0.4978	35
chr1	156924	0.7249	34
chr1	157024	0.8274	30
chr1	157095	0.7621	33
chr1	157195	0.6328	34
chr1	157227	0.551	26
chr1	157251	0.6182	38
chr1	157281	0.7331	33
chr1	157319	0.4731	24
chr1	157338	0.6909	21
chr1	157354	0.7371	29
chr1	157383	0.6601	29
chr1	157410	0.6964	38
chr1	157447	0.6117	29
chr1	157462	0.6545	23
chr1	157489	0.5687	38
chr1	157508	0.7661	20
chr1	157558	0.5358	34
chr1	157595	0.7869	24
chr1	157618	0.8121	27
chr1	157668	0.7099	28
chr1	157692	0.6049	37
chr1	157720	0.7998	24
chr1	157754	0.5097	31
chr1	157801	0.8042	33
chr1	157831	0.6203	38
chr1	157847	0.6761	31
chr1	157926	0.6175	33
chr1	157982	0.6903	24
chr1	158082	0.6489	29
chr1	158165	0.8079	31
chr1	158265	0.7595	25
chr1	158365	0.8453	35
chr1	158419	0.7853	28
chr1	158433	0.7312	26
chr1	158448	0.842	36
chr1	158464	0.871	33
chr1	158489	0.7392	37
chr1	158539	0.5944	35
chr1	158570	0.6074	26
chr1	158611	0.9515	25
chr1	158640	0.8093	25
chr1	158661	0.7684	30
chr1	158686	0.6364	30
chr1	158707	0.6739	31
chr1	158724	0.5822	31
chr1	158767	0.581	36
chr1	158793	0.7222	33
chr1	158812	0.6532	36
chr1	158845	0.754	29
chr1	158886	0.748	27
chr1	158946	0.7539	14
chr1	159046	0.643	18
chr1	159146	0.8453	28
chr1	159246	0.5108	28
chr1	159393	0.5398	27
chr1	159405	0.9342	30
chr1	159419	0.7827	24
chr1	159435	0.7571	33
chr1	159450	0.7245	31
chr1	159466	0.695	27
chr1	159484	0.8629	36
chr1	159503	0.6479	28
chr1	159542	0.6323	22
chr1	159590	0.8289	22
chr1	159608	0.8086	27
chr1	159623	0.8507	31
chr1	159668	0.6807	25
chr1	159717	0.5185	26
chr1	159767	0.6561	31
chr1	159788	0.8341	41
chr1	159805	0.8308	28
chr1	159851	0.5906	34
chr1	159901	0.5503	33
chr1	159932	0.7084	23
chr1	159982	0.8143	34
chr1	159984	0.8744	29
chr1	160064	0.8671	25
chr1	160164	0.5407	30
chr1	160264	0.5259	32
chr1	160364	0.4075	22
chr1	160420	0.8319	35
chr1	160498	0.4604	31
chr1	160548	0.4752	34
chr1	160609	0.6675	35
chr1	160625	0.1233	32
chr1	160640	0.1803	31
chr1	160689	0.1064	26
chr1	160739	0.1297	34
chr1	160758	0.0857	26
chr1	160777	0.1304	26
chr1	160795	0.2371	31
chr1	160832	0.0	30
chr1	160882	0.118	34
chr1	160897	0.0769	31
chr1	160915	0.156	30
chr1	160939	0.0867	20
chr1	160971	0.2024	32
chr1	161001	0.0666	28
chr1	161033	0.2499	28
chr1	161049	0.1066	36
chr1	161069	0.0993	40
chr1	161099	0.265	35
chr1	161145	0.1037	30
chr1	161163	0.1998	34
chr1	161196	0.0	26
chr1	161218	0.108	29
chr1	161234	0.0569	33
chr1	161249	0.0066	29
chr1	161349	0.21	33
chr1	161417	0.1946	27
chr1	161517	0.1031	33
chr1	161567	0.1682	27
chr1	161667	0.0	29
chr1	161762	0.146	40
chr1	161862	0.0456	27
chr1	161872	0.0808	24
chr1	161884	0.1771	22
chr1	161929	0.2419	29
chr1	161979	0.1672	34
chr1	162000	0.3456	24
chr1	162031	0.2815	36
chr1	162081	0.1437	29
chr1	162118	0.3022	32
chr1	162158	0.0578	35
chr1	162187	0.272	29
chr1	162211	0.292	27
chr1	162246	0.267	30
chr1	162278	0.3302	32
chr1	162318	0.2645	41
chr1	162368	0.335	24
chr1	162380	0.313	25
chr1	162453	0.2529	29
chr1	162513	0.1262	29
chr1	162613	0.1655	33
chr1	162713	0.1787	20
chr1	162794	0.2203	27
chr1	162878	0.0482	32
chr1	162904	0.9186	27
chr1	162945	0.7685	37
chr1	162962	0.6745	29
chr1	162979	0.6751	41
chr1	163019	0.5904	27
chr1	163039	0.6541	24
chr1	163089	0.8545	31
chr1	163115	0.669	31
chr1	163161	0.7306	32
chr1	163182	0.8811	32
chr1	163204	0.8978	36
chr1	163219	0.7333	30
chr1	163243	0.7826	27
chr1	163263	0.5893	25
chr1	163278	0.6134	28
chr1	163307	0.8033	26
chr1	163357	0.7228	19
chr1	163378	0.6984	32
chr1	163405	0.5627	26
chr1	163435	0.7019	20
chr1	163535	0.8566	27
chr1	163611	0.7884	29
chr1	163661	0.8123	18
chr1	163735	0.8228	33
chr1	163794	0.8351	29
chr1	163858	0.6738	30
chr1	163937	0.7375	26
chr1	163959	0.9281	30
chr1	163964	0.5288	32
chr1	163980	0.4373	25
chr1	164008	0.4076	33
chr1	164040	0.3765	30
chr1	164073	0.4794	34
chr1	164119	0.4051	28
chr1	164169	0.4859	23
chr1	164202	0.6144	27
chr1	164232	0.4399	29
chr1	164247	0.4013	27
chr1	164271	0.5002	28
chr1	164321	0.3736	37
chr1	164340	0.3793	30
chr1	164390	0.5407	32
chr1	164406	0.5107	27
chr1	164445	0.5244	33
chr1	164479	0.3034	28
chr1	164499	0.4974	34
chr1	164514	0.3575	35
chr1	164541	0.3738	30
chr1	164637	0.5458	32
chr1	164737	0.3987	30
chr1	164837	0.6117	35
chr1	164888	0.5902	33
chr1	164938	0.5284	26
chr1	165038	0.4201	34
chr1	165058	1.0	38
chr1	165094	0.847	37
chr1	165156	0.8814	26
chr1	165172	0.7817	29
chr1	165288	0.8196	29
chr1	165332	0.9594	32
chr1	165490	0.6019	33
chr1	165504	0.8419	22
chr1	165536	0.8041	34
chr1	165563	0.5423	23
chr1	165612	0.6063	26
chr1	165653	0.6427	30
chr1	165703	0.6378	19
chr1	165729	0.6773	27
chr1	165770	0.4924	33
chr1	165820	0.6598	30
chr1	165844	0.5422	22
chr1	165884	0.5632	38
chr1	165934	0.6271	28
chr1	165972	0.5657	28
chr1	165988	0.5275	31
chr1	166034	0.456	24
chr1	166066	0.5021	25
chr1	166116	0.4558	34
chr1	166216	0.6142	26
chr1	166316	0.6952	36
chr1	166416	0.5395	35
chr1	166504	0.766	29
chr1	166536	0.7692	30
chr1	166598	0.5582	31
chr1	166616	0.6933	33
chr1	166637	0.8085	23
chr1	166673	0.8036	30
chr1	166693	0.8132	24
chr1	166734	0.8756	34
chr1	166765	0.7074	29
chr1	166813	0.9191	32
chr1	166841	0.8986	16
chr1	166879	0.8172	31
chr1	166894	0.7535	24
chr1	166909	0.7586	39
chr1	166929	0.9261	24
chr1	166964	0.7768	21
chr1	166984	0.7303	32
chr1	167027	0.8583	28
chr1	167050	0.9422	33
chr1	167126	0.8947	30
chr1	167226	0.8311	37
chr1	167303	0.9414	34
chr1	167403	0.8463	33
chr1	167477	0.7984	25
chr1	167529	1.0	22
chr1	167562	0.6394	34
chr1	167600	0.8648	36
chr1	167650	0.806	35
chr1	167665	0.8339	31
chr1	167681	0.8147	33
chr1	167712	0.9	22
chr1	167727	0.8857	27
chr1	167758	0.8035	32
chr1	167808	0.8163	36
chr1	167839	0.8692	29
chr1	167889	0.8913	26
chr1	167925	0.8397	30
chr1	167959	0.8265	30
chr1	168009	0.8813	33
chr1	168101	0.7999	33
chr1	168201	0.5909	28
chr1	168301	0.9059	25
chr1	168395	0.778	25
chr1	168401	0.7466	34
chr1	168406	0.2211	31
chr1	168421	0.4784	26
chr1	168442	0.2831	26
chr1	168457	0.409	40
chr1	168507	0.4966	36
chr1	168533	0.5769	33
chr1	168564	0.3266	26
chr1	168579	0.3792	22
chr1	168598	0.4806	29
chr1	168628	0.3739	42
chr1	168643	0.2505	32
chr1	168688	0.2865	20
chr1	168720	0.3978	23
chr1	168744	0.2875	37
chr1	168773	0.3968	23
chr1	168795	0.2059	27
chr1	168810	0.3855	33
chr1	168843	0.3035	30
chr1	168858	0.3209	30
chr1	168863	0.4132	28
chr1	168963	0.4975	29
chr1	169053	0.4239	28
chr1	169153	0.4255	22
chr1	169204	0.342	29
chr1	169254	0.2627	36
chr1	169288	0.6561	28
chr1	169336	0.6441	40
chr1	169368	0.5566	28
chr1	169600	0.4514	43
chr1	169686	0.6309	29
chr1	169716	0.3746	37
chr1	169724	0.6485	30
chr1	169734	0.5525	32
chr1	169777	0.8184	16
chr1	169799	0.7207	24
chr1	169849	0.6816	34
chr1	169887	0.726	39
chr1	169920	0.6357	25
chr1	169945	0.6337	33
chr1	169978	0.6048	35
chr1	170028	0.6468	19
chr1	170043	0.6918	24
chr1	170060	0.6574	31
chr1	170110	0.6542	36
chr1	170125	0.5765	31
chr1	170139	0.6219	34
chr1	170239	0.7439	28
chr1	170339	0.5905	29
chr1	170404	0.642	19
chr1	170504	0.4743	26
chr1	170614	0.9292	29
chr1	170658	1.0	27
chr1	170766	0.9658	39
chr1	170778	0.8362	31
chr1	170830	0.8135	26
chr1	170928	0.8328	25
chr1	170930	0.7072	28
chr1	170984	0.9496	28
chr1	171029	0.698	23
chr1	171054	0.6534	24
chr1	171082	0.6337	35
chr1	171110	0.4876	22
chr1	171152	0.6844	27
chr1	171172	0.6018	29
chr1	171196	0.6239	31
chr1	171211	0.6007	30
chr1	171229	0.7041	30
chr1	171256	0.5978	35
chr1	171280	0.6947	25
chr1	171295	0.8137	35
chr1	171334	0.6975	29
chr1	171353	0.5535	18
chr1	171368	0.6083	31
chr1	171404	0.6705	22
chr1	171450	0.6213	39
chr1	171465	0.5976	25
chr1	171507	0.5931	33
chr1	171534	0.5238	28
chr1	171541	0.7772	37
chr1	171592	0.7954	32
chr1	171683	0.7323	30
chr1	171778	0.7939	18
chr1	171878	0.6963	32
chr1	171978	0.4651	30
chr1	172014	0.6191	36
chr1	172020	0.7155	20
chr1	172070	0.7327	27
chr1	172110	0.6513	24
chr1	172129	0.5976	34
chr1	172144	0.5863	24
chr1	172194	0.7319	32
chr1	172221	0.7896	29
chr1	172254	0.5505	25
chr1	172286	0.5595	41
chr1	172326	0.4034	27
chr1	172341	0.3679	21
chr1	172376	0.457	18
chr1	172397	0.6236	27
chr1	172423	0.6139	31
chr1	172446	0.5316	21
chr1	172466	0.6572	27
chr1	172481	0.7319	27
chr1	172503	0.6104	36
chr1	172540	0.762	35
chr1	172573	0.7225	35
chr1	172673	0.8472	29
chr1	172723	0.7958	35
chr1	172823	0.7369	28
chr1	172923	0.7379	29
chr1	172975	0.7666	30
chr1	173025	0.63	21
chr1	173125	0.6935	33
chr1	173195	0.788	28
chr1	173267	0.9073	25
chr1	173289	0.8601	26
chr1	173299	0.5635	34
chr1	173357	0.7655	23
chr1	173491	0.6942	27
chr1	173529	0.6567	35
chr1	173569	0.529	20
chr1	173599	0.7383	28
chr1	173630	0.3816	31
chr1	173646	0.2416	28
chr1	173666	0.1712	31
chr1	173704	0.0936	29
chr1	173735	0.3711	28
chr1	173767	0.2274	32
chr1	173789	0.2256	30
chr1	173818	0.1265	34
chr1	173857	0.2832	36
chr1	173875	0.2925	22
chr1	173907	0.2036	22
chr1	173922	0.2236	32
chr1	173972	0.1766	31
chr1	174002	0.1711	29
chr1	174052	0.4027	38
chr1	174066	0.3788	29
chr1	174166	0.25	34
chr1	174255	0.166	25
chr1	174332	0.118	28
chr1	174432	0.198	31
chr1	174496	0.4675	32
chr1	174498	0.1652	28
chr1	174503	0.6229	31
chr1	174537	0.6015	27
chr1	174579	0.3408	29
chr1	174595	0.5076	20
chr1	174628	0.6623	24
chr1	174678	0.4074	33
chr1	174696	0.4109	41
chr1	174714	0.7192	30
chr1	174748	0.5244	26
chr1	174763	0.3822	33
chr1	174796	0.5238	28
chr1	174824	0.568	33
chr1	174874	0.4531	26
chr1	174919	0.4155	36
chr1	174957	0.4092	28
chr1	174995	0.3983	25
chr1	175011	0.4312	38
chr1	175014	0.5429	31
chr1	175114	0.4775	41
chr1	175191	0.4677	26
chr1	175241	0.4833	26
chr1	175331	0.686	29
chr1	175431	0.3155	34
chr1	175517	0.7995	23
chr1	175519	0.7124	29
chr1	175609	0.7147	29
chr1	175703	0.7061	30
chr1	175721	0.6868	38
chr1	175727	0.6415	31
chr1	175871	0.8614	34
chr1	175921	0.7434	36
chr1	175933	0.5778	38
chr1	175964	0.7587	27
chr1	175979	0.682	26
chr1	176000	0.6043	38
chr1	176029	0.4742	25
chr1	176052	0.633	19
chr1	176102	0.6651	25
chr1	176152	0.5123	27
chr1	176177	0.5894	25
chr1	176209	0.7271	41
chr1	176224	0.6747	30
chr1	176253	0.6491	33
chr1	176303	0.5252	18
chr1	176325	0.6908	31
chr1	176351	0.606	21
chr1	176366	0.7486	29
chr1	176389	0.7121	25
chr1	176404	0.7535	40
chr1	176419	0.746	30
chr1	176469	0.6416	26
chr1	176478	0.6647	27
chr1	176578	0.723	33
chr1	176654	0.7429	27
chr1	176723	0.5913	28
chr1	176823	0.599	25
chr1	176923	0.4822	26
chr1	176977	0.5416	27
chr1	177003	0.7007	32
chr1	177067	0.6291	20
chr1	177091	0.2051	31
chr1	177126	0.1992	26
chr1	177147	0.1069	30
chr1	177197	0.2715	30
chr1	177216	0.1142	29
chr1	177250	0.1202	28
chr1	177268	0.111	30
chr1	177286	0.0975	32
chr1	177301	0.0	17
chr1	177336	0.2576	29
chr1	177357	0.0	33
chr1	177379	0.1755	31
chr1	177416	0.2129	32
chr1	177466	0.067	29
chr1	177496	0.2189	30
chr1	177523	0.1025	36
chr1	177551	0.0238	34
chr1	177584	0.1046	33
chr1	177618	0.1565	34
chr1	177632	0.1129	26
chr1	177690	0.0769	33
chr1	177740	0.1523	29
chr1	177806	0.1773	36
chr1	177884	0.2009	30
chr1	177934	0.4566	26
chr1	178034	0.1404	22
chr1	178134	0.1378	28
chr1	178222	0.0339	31
chr1	178266	0.1945	26
chr1	178290	0.1398	32
chr1	178305	0.072	33
chr1	178328	0.0	35
chr1	178361	0.1307	24
chr1	178403	0.1445	23
chr1	178423	0.0341	32
chr1	178455	0.3079	29
chr1	178479	0.0871	35
chr1	178517	0.0642	29
chr1	178543	0.097	33
chr1	178581	0.1025	24
chr1	178609	0.1281	31
chr1	178658	0.1131	24
chr1	178706	0.1176	28
chr1	178756	0.089	32
chr1	178855	0.2686	33
chr1	178926	0.2383	28
chr1	179026	0.0488	33
chr1	179076	0.121	33
chr1	179082	0.3246	35
chr1	179092	0.0	29
chr1	179140	0.769	25
chr1	179167	0.8607	43
chr1	179197	0.6267	39
chr1	179225	0.9027	35
chr1	179275	0.8125	28
chr1	179300	0.8364	34
chr1	179328	0.7755	26
chr1	179378	1.0	26
chr1	179402	0.791	26
chr1	179426	0.7557	23
chr1	179471	0.7917	29
chr1	179511	0.7285	28
chr1	179526	0.8568	37
chr1	179541	0.9731	30
chr1	179579	0.8507	26
chr1	179597	0.7649	32
chr1	179633	0.8693	29
chr1	179654	0.859	19
chr1	179672	0.9084	26
chr1	179772	0.8944	28
chr1	179822	0.7284	31
chr1	179922	0.8693	27
chr1	180022	0.9741	25
chr1	180122	0.8642	30
chr1	180195	0.7748	21
chr1	180223	0.8489	25
chr1	180229	0.519	24
chr1	180303	0.4648	27
chr1	180323	0.6904	37
chr1	180343	0.5154	30
chr1	180389	0.6214	30
chr1	180435	0.6758	33
chr1	180469	0.6446	34
chr1	180491	0.5752	28
chr1	180508	0.5001	34
chr1	180526	0.4715	24
chr1	180555	0.6624	34
chr1	180599	0.4964	34
chr1	180614	0.4643	38
chr1	180644	0.6149	23
chr1	180670	0.4576	36
chr1	180686	0.585	38
chr1	180688	0.5504	32
chr1	180767	0.5611	34
chr1	180867	0.6578	37
chr1	180917	0.5653	28
chr1	181017	0.4144	36
chr1	181096	0.66	32
chr1	181240	0.8235	33
chr1	181370	0.811	27
chr1	181384	0.6941	25
chr1	181502	0.9031	30
chr1	181552	0.763	30
chr1	181562	0.6177	27
chr1	181567	0.569	25
chr1	181582	0.7222	20
chr1	181599	0.7234	30
chr1	181636	0.6392	32
chr1	181686	0.7096	35
chr1	181736	0.7553	31
chr1	181756	0.7692	26
chr1	181795	0.798	26
chr1	181821	0.714	31
chr1	181845	0.6487	30
chr1	181883	0.5583	20
chr1	181919	0.6147	30
chr1	181934	0.7001	29
chr1	181960	0.5902	35
chr1	181991	0.6817	34
chr1	182025	0.7758	35
chr1	182075	0.7268	25
chr1	182106	0.6591	30
chr1	182114	0.6212	34
chr1	182203	0.6611	31
chr1	182293	0.638	23
chr1	182393	0.6921	38
chr1	182493	0.6964	27
chr1	182593	0.7254	28
chr1	182607	0.9884	30
chr1	182759	1.0	23
chr1	182819	0.8747	23
chr1	182885	0.8887	27
chr1	183073	0.9945	36
chr1	183082	0.6718	29
chr1	183125	0.642	23
chr1	183140	0.6691	20
chr1	183183	0.7188	38
chr1	183229	0.6741	24
chr1	183273	0.6775	27
chr1	183291	0.7155	33
chr1	183316	0.6197	26
chr1	183351	0.7211	35
chr1	183380	0.5829	38
chr1	183403	0.5724	31
chr1	183428	0.6119	28
chr1	183455	0.5936	26
chr1	183505	0.6731	23
chr1	183526	0.5438	24
chr1	183548	0.7015	36
chr1	183598	0.6132	28
chr1	183625	0.6088	32
chr1	183635	0.6889	31
chr1	183735	0.6505	25
chr1	183788	0.554	26
chr1	183888	0.67	28
chr1	183988	0.8243	35
chr1	184052	0.5108	23
chr1	184152	0.8042	34
chr1	184168	0.7953	25
chr1	184228	0.9078	25
chr1	184248	0.8757	34
chr1	184258	0.9002	26
chr1	184266	0.5767	21
chr1	184306	0.7923	35
chr1	184350	0.8182	29
chr1	184358	0.7506	27
chr1	184446	0.8341	35
chr1	184488	0.8402	25
chr1	184510	0.9875	28
chr1	184526	0.8545	34
chr1	184568	0.8473	19
chr1	184618	0.9074	25
chr1	184645	0.9678	28
chr1	184685	0.9047	29
chr1	184711	0.9069	40
chr1	184746	0.8518	21
chr1	184796	0.8839	27
chr1	184826	0.7978	27
chr1	184854	0.9678	30
chr1	184884	0.818	29
chr1	184916	0.8419	29
chr1	184955	0.8301	28
chr1	184998	0.8635	33
chr1	185019	0.8256	33
chr1	185047	0.8017	34
chr1	185056	0.8016	27
chr1	185149	0.6889	36
chr1	185206	0.8239	33
chr1	185306	0.808	25
chr1	185406	0.8791	23
chr1	185506	0.9842	35
chr1	185573	0.7638	37
chr1	185585	0.9078	36
chr1	185587	0.7254	26
chr1	185623	0.7261	26
chr1	185651	0.5253	22
chr1	185675	0.6609	28
chr1	185693	0.4804	26
chr1	185733	0.5609	31
chr1	185769	0.5385	28
chr1	185800	0.6459	29
chr1	185831	0.7568	26
chr1	185846	0.443	41
chr1	185896	0.6772	28
chr1	185922	0.6666	24
chr1	185952	0.5798	30
chr1	186002	0.5557	25
chr1	186021	0.6437	34
chr1	186048	0.5385	26
chr1	186078	0.5003	32
chr1	186125	0.5894	36
chr1	186152	0.7349	26
chr1	186175	0.6513	32
chr1	186225	0.6468	24
chr1	186315	0.7035	32
chr1	186411	0.6994	32
chr1	186511	0.6798	26
chr1	186607	0.6006	24
chr1	186707	0.5227	33
chr1	186725	0.6333	24
chr1	186771	0.6939	25
chr1	186793	0.925	29
chr1	186843	0.8696	37
chr1	186885	0.8136	33
chr1	186909	0.803	37
chr1	186959	0.9077	32
chr1	186980	0.836	29
chr1	187011	0.7259	31
chr1	187029	0.6994	28
chr1	187056	0.79	28
chr1	187085	0.8461	34
chr1	187111	0.6876	25
chr1	187127	0.6688	31
chr1	187151	0.719	35
chr1	187171	0.8047	32
chr1	187200	0.7227	34
chr1	187230	0.8789	28
chr1	187237	0.7097	37
chr1	187293	0.8043	32
chr1	187393	0.7217	26
chr1	187493	0.8249	35
chr1	187593	0.7808	19
chr1	187660	0.6826	28
chr1	187672	0.9033	31
chr1	187693	0.6411	32
chr1	187709	0.6301	35
chr1	187729	0.6061	27
chr1	187752	0.7512	29
chr1	187797	0.6371	29
chr1	187815	0.7714	26
chr1	187865	0.6751	33
chr1	187915	0.6866	24
chr1	187947	0.6522	28
chr1	187970	0.4818	35
chr1	187989	0.644	28
chr1	188016	0.6621	28
chr1	188038	0.6531	22
chr1	188077	0.5401	30
chr1	188127	0.4779	27
chr1	188147	0.7724	36
chr1	188162	0.8087	19
chr1	188203	0.7107	28
chr1	188219	0.6038	30
chr1	188235	0.5332	29
chr1	188298	0.617	28
chr1	188354	0.5433	32
chr1	188454	0.5184	29
chr1	188524	0.7763	33
chr1	188624	0.5611	35
chr1	188710	0.8209	29
chr1	188726	0.7465	26
chr1	188800	0.6543	27
chr1	188823	0.9293	33
chr1	188855	0.9784	25
chr1	188877	0.8058	27
chr1	188912	0.9339	30
chr1	188942	0.9742	36
chr1	188992	0.8681	29
chr1	189020	0.9722	26
chr1	189062	0.908	29
chr1	189081	0.8966	35
chr1	189112	0.8363	38
chr1	189148	0.8269	25
chr1	189167	0.9556	33
chr1	189201	0.9768	28
chr1	189218	0.6852	19
chr1	189233	0.9621	22
chr1	189266	0.8472	32
chr1	189315	0.782	32
chr1	189318	0.8593	29
chr1	189418	1.0	33
chr1	189518	0.9343	30
chr1	189568	0.9268	24
chr1	189661	0.937	38
chr1	189711	0.8735	28
chr1	189811	0.8466	40
chr1	189829	1.0	32
chr1	189847	0.8047	30
chr1	189867	0.0815	22
chr1	189917	0.0966	35
chr1	189932	0.0351	28
chr1	189982	0.1348	17
chr1	190007	0.1469	32
chr1	190057	0.0707	26
chr1	190082	0.0566	34
chr1	190104	0.0711	28
chr1	190128	0.0135	25
chr1	190159	0.2059	31
chr1	190174	0.1951	39
chr1	190222	0.1695	29
chr1	190256	0.1107	28
chr1	190271	0.1222	30
chr1	190286	0.3448	33
chr1	190312	0.1442	25
chr1	190331	0.1184	24
chr1	190346	0.2202	31
chr1	190350	0.2488	28
chr1	190450	0.064	23
chr1	190500	0.13	27
chr1	190600	0.3163	26
chr1	190691	0.0864	37
chr1	190769	0.1786	24
chr1	190841	0.0	18
chr1	190853	0.6791	26
chr1	190872	0.6436	22
chr1	190917	0.6385	27
chr1	190947	0.5828	32
chr1	190983	0.5485	24
chr1	191005	0.7846	25
chr1	191046	0.6882	32
chr1	191096	0.6759	32
chr1	191128	0.781	32
chr1	191145	0.8076	26
chr1	191189	0.7676	27
chr1	191215	0.619	34
chr1	191260	0.58	33
chr1	191275	0.7519	35
chr1	191300	0.7084	24
chr1	191316	0.8016	38
chr1	191336	0.7093	35
chr1	191356	0.7222	25
chr1	191406	0.7763	28
chr1	191425	0.6564	28
chr1	191525	0.7972	28
chr1	191625	0.8645	22
chr1	191725	0.7454	25
chr1	191825	0.5464	32
chr1	191925	0.602	23
chr1	191949	0.6547	23
chr1	191957	0.6567	36
chr1	191976	0.6058	25
chr1	191997	0.5936	27
chr1	192012	0.6427	36
chr1	192029	0.6346	30
chr1	192065	0.6791	40
chr1	192080	0.6186	31
chr1	192114	0.7305	37
chr1	192146	0.547	29
chr1	192161	0.6901	35
chr1	192203	0.581	29
chr1	192222	0.6636	35
chr1	192260	0.5661	24
chr1	192310	0.6233	35
chr1	192349	0.546	29
chr1	192398	0.5155	29
chr1	192446	0.5549	22
chr1	192469	0.6288	40
chr1	192544	0.545	30
chr1	192594	0.5486	33
chr1	192674	0.6277	30
chr1	192760	0.5839	34
chr1	192860	0.5346	25
chr1	192958	0.7755	24
chr1	193062	0.8662	37
chr1	193088	0.9814	31
chr1	193090	0.8772	23
chr1	193098	0.7678	26
chr1	193266	0.9857	31
chr1	193284	0.8095	25
chr1	193300	0.6925	29
chr1	193402	1.0	27
chr1	193421	0.7002	26
chr1	193454	0.7276	32
chr1	193474	0.8208	28
chr1	193492	0.6915	33
chr1	193510	0.5853	28
chr1	193525	0.613	30
chr1	193543	0.7183	30
chr1	193567	0.7075	26
chr1	193593	0.6771	27
chr1	193635	0.6982	32
chr1	193650	0.8026	31
chr1	193666	0.5784	33
chr1	193687	0.7054	30
chr1	193724	0.7842	26
chr1	193744	0.7668	35
chr1	193763	0.7266	26
chr1	193791	0.6134	30
chr1	193841	0.687	26
chr1	193872	0.6587	24
chr1	193890	0.7179	36
chr1	193907	0.7563	38
chr1	193957	0.8482	25
chr1	194057	0.7616	24
chr1	194157	0.7928	24
chr1	194257	0.7562	23
chr1	194357	0.6617	27
chr1	194405	0.6576	34
chr1	194443	0.749	24
chr1	194453	0.6606	31
chr1	194494	0.575	32
chr1	194522	0.5875	18
chr1	194549	0.7017	27
chr1	194593	0.7068	24
chr1	194643	0.7388	32
chr1	194684	0.6491	26
chr1	194716	0.5117	38
chr1	194731	0.4576	25
chr1	194761	0.6788	23
chr1	194780	0.6993	36
chr1	194815	0.7647	32
chr1	194839	0.5935	17
chr1	194889	0.4629	32
chr1	194939	0.6807	33
chr1	194980	0.7521	29
chr1	194991	0.6544	35
chr1	195052	0.5222	32
chr1	195152	0.5487	27
chr1	195244	0.5899	24
chr1	195344	0.6975	26
chr1	195394	0.5578	35
chr1	195444	0.6689	24
chr1	195528	0.7794	29
chr1	195554	0.857	37
chr1	195562	0.8551	33
chr1	195606	0.9056	25
chr1	195714	0.9435	31
chr1	195716	0.7383	28
chr1	195790	0.9809	26
chr1	195852	0.8391	24
chr1	195906	0.9336	24
chr1	195924	0.9929	26
chr1	195952	0.6438	28
chr1	195965	0.9191	33
chr1	195980	0.9671	24
chr1	196001	0.9814	32
chr1	196051	0.9158	31
chr1	196066	0.9059	31
chr1	196091	0.9945	25
chr1	196110	0.9033	29
chr1	196147	0.7729	26
chr1	196169	0.9206	30
chr1	196202	0.8554	31
chr1	196252	0.8088	35
chr1	196281	0.8625	27
chr1	196302	0.8997	30
chr1	196352	0.7219	25
chr1	196377	0.9225	33
chr1	196417	0.8423	34
chr1	196436	0.8663	25
chr1	196536	0.8554	22
chr1	196636	0.8536	34
chr1	196736	0.8587	36
chr1	196816	0.8016	33
chr1	196910	0.9732	36
chr1	196949	0.7859	35
chr1	196967	0.5555	26
chr1	196988	0.7653	38
chr1	197025	0.6463	25
chr1	197065	0.8448	35
chr1	197083	0.6751	34
chr1	197133	0.6526	23
chr1	197166	0.528	26
chr1	197205	0.7402	20
chr1	197241	0.6555	31
chr1	197256	0.6033	32
chr1	197306	0.6702	33
chr1	197356	0.6555	39
chr1	197382	0.6513	29
chr1	197432	0.8582	25
chr1	197465	0.8389	26
chr1	197471	0.7285	31
chr1	197560	0.645	32
chr1	197651	0.7313	26
chr1	197751	0.6885	31
chr1	197851	0.5928	27
chr1	197951	0.8596	32
chr1	197961	0.7705	32
chr1	197999	0.6977	33
chr1	198014	0.8325	32
chr1	198033	0.7701	24
chr1	198072	0.7793	28
chr1	198122	0.908	41
chr1	198157	0.9299	33
chr1	198183	0.8789	37
chr1	198233	0.7681	34
chr1	198256	0.7434	26
chr1	198276	0.8066	25
chr1	198321	0.7031	30
chr1	198371	0.7975	32
chr1	198386	0.6817	26
chr1	198436	0.7232	18
chr1	198483	1.0	32
chr1	198528	0.7917	30
chr1	198574	0.8044	32
chr1	198605	0.8844	34
chr1	198705	0.7555	29
chr1	198791	0.7728	35
chr1	198841	0.7077	32
chr1	198899	0.8519	29
chr1	198999	0.8338	27
chr1	199099	0.739	32
chr1	199162	0.7319	29
chr1	199186	0.8354	24
chr1	199196	0.4538	37
chr1	199246	0.5126	36
chr1	199274	0.4544	29
chr1	199291	0.4447	27
chr1	199338	0.4925	31
chr1	199353	0.3542	27
chr1	199377	0.6889	29
chr1	199421	0.3069	24
chr1	199436	0.4336	35
chr1	199477	0.2379	30
chr1	199503	0.4136	34
chr1	199540	0.5055	24
chr1	199566	0.4955	22
chr1	199581	0.3132	29
chr1	199631	0.5052	22
chr1	199652	0.4256	29
chr1	199683	0.4516	27
chr1	199733	0.5081	23
chr1	199775	0.3989	33
chr1	199825	0.3794	25
chr1	199925	0.4905	30
chr1	199975	0.6045	22
chr1	200075	0.3541	32
chr1	200175	0.4627	23
chr1	200275	0.5559	36
chr1	200321	0.0	27
chr1	200467	0.1206	37
chr1	200703	0.085	30
chr1	200711	0.0805	32
chr1	200721	0.2066	26
chr1	200747	0.0544	28
chr1	200756	0.5107	30
chr1	200771	0.4698	28
chr1	200787	0.4803	28
chr1	200837	0.5598	25
chr1	200871	0.6199	28
chr1	200921	0.4354	28
chr1	200971	0.5828	24
chr1	200994	0.5428	31
chr1	201011	0.6998	31
chr1	201061	0.6623	28
chr1	201092	0.5174	29
chr1	201127	0.7036	25
chr1	201156	0.4719	40
chr1	201204	0.625	22
chr1	201247	0.5499	29
chr1	201268	0.3354	32
chr1	201279	0.4084	39
chr1	201329	0.4176	32
chr1	201429	0.4891	32
chr1	201529	0.6077	32
chr1	201629	0.3969	28
chr1	201721	0.6193	22
chr1	201798	0.604	27
chr1	201842	0.8659	38
chr1	201874	0.6517	28
chr1	201878	0.6077	26
chr1	201898	0.8385	23
chr1	201940	0.7409	32
chr1	202078	0.733	32
chr1	202138	0.8809	25
chr1	202232	0.6629	22
chr1	202276	0.833	33
chr1	202294	0.7276	30
chr1	202332	0.787	28
chr1	202370	0.7019	27
chr1	202390	0.7297	33
chr1	202410	0.845	30
chr1	202443	0.6908	24
chr1	202458	0.8004	29
chr1	202495	0.9755	33
chr1	202516	0.7831	22
chr1	202560	0.8278	31
chr1	202581	0.6955	34
chr1	202631	0.9142	32
chr1	202681	0.731	29
chr1	202706	0.602	23
chr1	202733	0.63	35
chr1	202756	0.8572	19
chr1	202795	0.6559	31
chr1	202845	0.668	23
chr1	202850	0.846	24
chr1	202900	0.7988	31
chr1	203000	0.67	30
chr1	203100	0.8722	26
chr1	203190	0.8734	32
chr1	203290	0.7077	27
chr1	203308	0.7416	32
chr1	203384	0.8451	33
chr1	203428	0.8654	37
chr1	203478	0.8586	29
chr1	203495	0.8917	31
chr1	203545	0.7776	37
chr1	203576	0.9057	32
chr1	203594	0.9416	26
chr1	203644	0.8818	32
chr1	203676	0.7226	26
chr1	203713	0.9762	25
chr1	203738	0.8201	24
chr1	203780	0.9364	32
chr1	203826	0.9354	33
chr1	203849	0.8874	38
chr1	203867	0.8061	34
chr1	203907	0.8011	23
chr1	203924	0.7606	22
chr1	203940	0.7833	26
chr1	204040	0.8243	26
chr1	204140	0.907	28
chr1	204190	0.8585	28
chr1	204290	0.9545	37
chr1	204373	0.9763	30
chr1	204423	0.8236	28
chr1	204455	1.0	24
chr1	204468	0.7201	31
chr1	204513	0.6828	28
chr1	204539	0.7753	27
chr1	204562	0.6585	37
chr1	204584	0.8281	33
chr1	204608	0.6596	23
chr1	204658	0.7236	27
chr1	204676	0.717	32
chr1	204726	0.5579	34
chr1	204750	0.5334	37
chr1	204791	0.545	29
chr1	204833	0.8514	30
chr1	204883	0.7207	25
chr1	204901	0.5849	31
chr1	204979	0.5648	30
chr1	205050	0.7205	30
chr1	205100	0.7483	29
chr1	205150	0.5974	28
chr1	205200	0.6171	28
chr1	205300	0.7484	26
chr1	205324	0.7886	37
chr1	205333	0.8723	31
chr1	205383	0.8349	34
chr1	205418	0.7277	28
chr1	205468	0.8113	25
chr1	205492	0.6794	30
chr1	205529	0.9607	21
chr1	205549	0.5193	23
chr1	205597	0.4714	28
chr1	205633	0.6313	28
chr1	205650	0.4889	29
chr1	205669	0.5986	27
chr1	205687	0.7774	23
chr1	205727	0.7824	27
chr1	205745	0.8546	43
chr1	205845	0.7518	34
chr1	205945	0.9944	40
chr1	206045	0.8857	32
chr1	206145	0.8585	34
chr1	206207	0.9952	31
chr1	206303	0.8362	29
chr1	206375	0.7369	31
chr1	206387	0.8687	28
chr1	206397	0.8168	31
chr1	206465	0.9028	21
chr1	206539	0.8793	18
chr1	206609	0.7805	25
chr1	206618	0.2047	35
chr1	206653	0.0931	28
chr1	206681	0.3777	32
chr1	206731	0.2428	33
chr1	206746	0.3103	24
chr1	206796	0.3104	33
chr1	206816	0.2086	31
chr1	206856	0.2173	28
chr1	206877	0.3006	31
chr1	206899	0.2116	22
chr1	206931	0.243	22
chr1	206948	0.2444	37
chr1	206976	0.2877	35
chr1	207009	0.2142	23
chr1	207024	0.1412	29
chr1	207040	0.2362	30
chr1	207060	0.1836	27
chr1	207110	0.2747	20
chr1	207129	0.2463	37
chr1	207145	0.3195	30
chr1	207245	0.2972	29
chr1	207317	0.3419	32
chr1	207382	0.2915	31
chr1	207482	0.3011	29
chr1	207541	0.2215	32
chr1	207641	0.2933	30
chr1	207713	0.0	22
chr1	207863	0.0814	29
chr1	207911	0.046	25
chr1	208077	0.1586	26
chr1	208141	0.1566	31
chr1	208173	0.6313	29
chr1	208205	0.6825	38
chr1	208255	0.7181	24
chr1	208287	0.7943	29
chr1	208324	0.4898	32
chr1	208339	0.4992	28
chr1	208360	0.7325	23
chr1	208386	0.6615	35
chr1	208413	0.813	28
chr1	208435	0.7237	33
chr1	208474	0.6572	36
chr1	208495	0.6444	28
chr1	208516	0.7552	25
chr1	208545	0.696	19
chr1	208587	0.7326	33
chr1	208604	0.595	22
chr1	208643	0.4945	20
chr1	208681	0.8437	26
chr1	208704	0.7212	34
chr1	208764	0.5199	30
chr1	208840	0.6414	33
chr1	208935	0.6936	26
chr1	209035	0.5384	25
chr1	209128	0.6526	27
chr1	209228	0.7833	32
chr1	209292	0.73	31
chr1	209326	0.0574	36
chr1	209368	0.1039	26
chr1	209387	0.0557	28
chr1	209405	0.1489	29
chr1	209432	0.1363	29
chr1	209464	0.1871	28
chr1	209514	0.0	31
chr1	209541	0.1931	21
chr1	209573	0.2201	34
chr1	209591	0.1335	27
chr1	209633	0.1097	34
chr1	209651	0.2052	33
chr1	209670	0.0465	23
chr1	209685	0.2207	35
chr1	209727	0.1648	29
chr1	209751	0.0819	39
chr1	209783	0.1187	29
chr1	209818	0.0946	30
chr1	209857	0.1971	29
chr1	209918	0.2145	32
chr1	210018	0.0642	33
chr1	210118	0.0605	35
chr1	210216	0.1261	27
chr1	210316	0.196	44
chr1	210322	0.1571	29
chr1	210404	0.0	33
chr1	210439	0.7723	29
chr1	210465	0.7522	33
chr1	210480	0.7565	32
chr1	210499	0.6703	34
chr1	210549	0.8442	28
chr1	210590	0.5522	26
chr1	210615	0.5212	30
chr1	210660	0.7153	43
chr1	210675	0.7935	27
chr1	210721	0.5741	37
chr1	210771	0.7516	35
chr1	210792	0.7029	32
chr1	210833	0.5831	26
chr1	210883	0.7042	32
chr1	210898	0.7743	28
chr1	210916	0.7648	26
chr1	210943	0.7707	32
chr1	210985	0.6186	24
chr1	211004	0.7075	31
chr1	211104	0.7315	28
chr1	211203	0.531	23
chr1	211267	0.749	33
chr1	211317	0.7634	31
chr1	211417	0.6944	38
chr1	211504	0.6048	29
chr1	211564	0.6576	26
chr1	211578	0.6956	38
chr1	211617	0.8084	28
chr1	211657	0.7552	31
chr1	211701	0.7767	31
chr1	211748	0.8741	34
chr1	211763	0.7383	22
chr1	211812	0.5862	37
chr1	211845	0.8764	17
chr1	211893	0.7337	21
chr1	211943	0.7434	20
chr1	211990	0.6774	32
chr1	212015	0.7157	26
chr1	212056	0.5579	27
chr1	212156	0.6124	30
chr1	212217	0.8275	30
chr1	212271	0.6547	41
chr1	212371	0.5545	25
chr1	212471	0.7543	32
chr1	212561	0.6824	28
chr1	212595	0.8466	29
chr1	212611	0.7995	21
chr1	212650	0.8087	29
chr1	212697	0.8147	31
chr1	212740	0.7149	33
chr1	212790	0.946	33
chr1	212806	0.6894	33
chr1	212843	0.8321	27
chr1	212893	0.8274	31
chr1	212943	0.8264	24
chr1	212983	0.8563	34
chr1	213033	0.7554	34
chr1	213055	0.9838	39
chr1	213070	0.7852	38
chr1	213102	0.9282	31
chr1	213200	0.9219	25
chr1	213299	0.8818	28
chr1	213399	0.7775	29
chr1	213472	0.8154	33
chr1	213572	0.7997	39
chr1	213640	0.7647	23
chr1	213668	0.9309	29
chr1	213675	0.0473	36
chr1	213700	0.1979	29
chr1	213725	0.1306	37
chr1	213741	0.0952	29
chr1	213782	0.2324	26
chr1	213804	0.2316	27
chr1	213833	0.2195	31
chr1	213883	0.1966	22
chr1	213898	0.1599	24
chr1	213923	0.1576	30
chr1	213959	0.212	38
chr1	213990	0.2427	32
chr1	214005	0.1474	33
chr1	214031	0.0	27
chr1	214081	0.4397	26
chr1	214113	0.3685	19
chr1	214135	0.3878	27
chr1	214158	0.5187	41
chr1	214165	0.4484	34
chr1	214265	0.4821	31
chr1	214365	0.4233	32
chr1	214427	0.2881	28
chr1	214527	0.0	29
chr1	214621	0.2126	26
chr1	214735	0.0948	33
chr1	214795	0.1282	35
chr1	214837	0.1153	30
chr1	214863	0.1776	27
chr1	214873	0.1878	19
chr1	214887	0.1806	29
chr1	215053	0.2413	27
chr1	215117	0.1324	36
chr1	215119	0.2952	29
