chr1	100005	100006	0.7819
chr1	100046	100047	0.6893
chr1	100096	100097	0.904
chr1	100123	100124	0.7557
chr1	100150	100151	0.8928
chr1	100200	100201	0.9023
chr1	100244	100245	0.986
chr1	100268	100269	0.8787
chr1	100307	100308	0.8515
chr1	100331	100332	0.8816
chr1	100355	100356	0.9379
chr1	100389	100390	0.8204
chr1	100404	100405	0.8042
chr1	100419	100420	0.8983
chr1	100442	100443	0.8393
chr1	100460	100461	0.8025
chr1	100495	100496	0.9764
chr1	100514	100515	0.801
chr1	100529	100530	0.8613
chr1	100629	100630	0.8794
chr1	100716	100717	0.805
chr1	100816	100817	0.9689
chr1	100866	100867	0.8547
chr1	100938	100939	0.8433
chr1	101038	101039	1.0
chr1	101074	101075	0.8931
chr1	101182	101183	0.926
chr1	101194	101195	0.9389
chr1	101250	101251	0.8299
chr1	101344	101345	0.8714
chr1	101380	101381	0.8586
chr1	101386	101387	0.1477
chr1	101425	101426	0.1312
chr1	101464	101465	0.2984
chr1	101481	101482	0.0925
chr1	101529	101530	0.3412
chr1	101544	101545	0.3443
chr1	101594	101595	0.117
chr1	101610	101611	0.1734
chr1	101637	101638	0.1034
chr1	101687	101688	0.1395
chr1	101719	101720	0.1514
chr1	101764	101765	0.0993
chr1	101805	101806	0.0912
chr1	101808	101809	0.2103
chr1	101908	101909	0.1289
chr1	101984	101985	0.1413
chr1	102084	102085	0.1473
chr1	102134	102135	0.1842
chr1	102188	102189	0.273
chr1	102314	102315	0.2269
chr1	102356	102357	0.114
chr1	102456	102457	0.1733
chr1	102472	102473	0.1127
chr1	102478	102479	0.0487
chr1	102498	102499	0.206
chr1	102504	102505	0.0238
chr1	102620	102621	0.2289
chr1	102636	102637	0.2091
chr1	102684	102685	0.0709
chr1	102715	102716	0.2722
chr1	102749	102750	0.3236
chr1	102799	102800	0.2862
chr1	102838	102839	0.1459
chr1	102877	102878	0.0808
chr1	102927	102928	0.2308
chr1	102952	102953	0.21
chr1	102972	102973	0.4005
chr1	102990	102991	0.1422
chr1	103005	103006	0.2609
chr1	103055	103056	0.1807
chr1	103072	103073	0.348
chr1	103099	103100	0.3333
chr1	103103	103104	0.2386
chr1	103203	103204	0.3082
chr1	103303	103304	0.0575
chr1	103403	103404	0.3511
chr1	103473	103474	0.1653
chr1	103563	103564	0.2196
chr1	103597	103598	0.1596
chr1	103612	103613	0.7729
chr1	103638	103639	0.923
chr1	103653	103654	0.718
chr1	103690	103691	0.7276
chr1	103723	103724	0.8814
chr1	103757	103758	0.806
chr1	103804	103805	0.9645
chr1	103854	103855	0.8525
chr1	103879	103880	0.754
chr1	103917	103918	0.7052
chr1	103952	103953	0.6884
chr1	103988	103989	0.7819
chr1	104025	104026	0.869
chr1	104075	104076	0.7488
chr1	104151	104152	0.8942
chr1	104201	104202	0.881
chr1	104267	104268	0.7674
chr1	104367	104368	0.9048
chr1	104467	104468	0.6654
chr1	104541	104542	0.8165
chr1	104563	104564	0.7966
chr1	104607	104608	0.643
chr1	104629	104630	0.6467
chr1	104659	104660	0.7012
chr1	104688	104689	0.8045
chr1	104703	104704	0.5247
chr1	104722	104723	0.6979
chr1	104745	104746	0.6962
chr1	104760	104761	0.6314
chr1	104791	104792	0.7375
chr1	104817	104818	0.6652
chr1	104832	104833	0.7901
chr1	104869	104870	0.6202
chr1	104912	104913	0.6659
chr1	104946	104947	0.4771
chr1	104972	104973	0.7047
chr1	105012	105013	0.5816
chr1	105054	105055	0.6479
chr1	105089	105090	0.8587
chr1	105109	105110	0.6071
chr1	105143	105144	0.7465
chr1	105158	105159	0.748
chr1	105228	105229	0.6932
chr1	105328	105329	0.7542
chr1	105401	105402	0.5699
chr1	105501	105502	0.5498
chr1	105568	105569	0.7368
chr1	105668	105669	0.574
chr1	105676	105677	0.6932
chr1	105762	105763	0.5976
chr1	105768	105769	0.7721
chr1	105810	105811	0.7416
chr1	105839	105840	0.6644
chr1	105883	105884	0.6204
chr1	105924	105925	0.7107
chr1	105951	105952	0.8178
chr1	105966	105967	0.6025
chr1	105989	105990	0.7771
chr1	106039	106040	0.6712
chr1	106075	106076	0.7118
chr1	106097	106098	0.6163
chr1	106131	106132	0.5855
chr1	106173	106174	0.714
chr1	106195	106196	0.7135
chr1	106235	106236	0.7501
chr1	106335	106336	0.7519
chr1	106387	106388	0.7051
chr1	106487	106488	0.7337
chr1	106565	106566	0.8852
chr1	106655	106656	0.7449
chr1	106679	106680	0.6461
chr1	106735	106736	0.6319
chr1	106787	106788	0.7563
chr1	106915	106916	0.7147
chr1	106975	106976	0.7971
chr1	106977	106978	0.8178
chr1	106987	106988	0.7314
chr1	107013	107014	0.6881
chr1	107061	107062	0.6562
chr1	107149	107150	0.6937
chr1	107168	107169	0.7834
chr1	107190	107191	0.8191
chr1	107231	107232	0.7826
chr1	107281	107282	0.7787
chr1	107301	107302	0.8054
chr1	107335	107336	0.814
chr1	107385	107386	0.9831
chr1	107400	107401	0.7628
chr1	107445	107446	0.8331
chr1	107462	107463	0.7482
chr1	107495	107496	0.8022
chr1	107545	107546	0.717
chr1	107560	107561	0.716
chr1	107604	107605	0.797
chr1	107654	107655	0.6862
chr1	107677	107678	0.8336
chr1	107717	107718	0.7594
chr1	107767	107768	0.6914
chr1	107773	107774	0.7656
chr1	107873	107874	0.8675
chr1	107973	107974	0.7194
chr1	108073	108074	0.859
chr1	108173	108174	0.6051
chr1	108228	108229	0.7665
chr1	108328	108329	0.8079
chr1	108408	108409	0.7263
chr1	108416	108417	0.7558
chr1	108431	108432	0.7663
chr1	108468	108469	0.8797
chr1	108500	108501	0.7224
chr1	108534	108535	0.7906
chr1	108584	108585	0.8892
chr1	108622	108623	0.8036
chr1	108672	108673	0.7426
chr1	108696	108697	0.7287
chr1	108711	108712	0.9984
chr1	108732	108733	0.6519
chr1	108755	108756	0.8687
chr1	108805	108806	0.8247
chr1	108848	108849	0.5665
chr1	108870	108871	0.7561
chr1	108915	108916	0.775
chr1	108943	108944	0.7692
chr1	108993	108994	0.8088
chr1	108995	108996	0.8281
chr1	109045	109046	0.6969
chr1	109134	109135	0.8672
chr1	109216	109217	0.6612
chr1	109266	109267	0.8355
chr1	109366	109367	0.6325
chr1	109466	109467	0.7962
chr1	109517	109518	0.8267
chr1	109599	109600	0.7728
chr1	109601	109602	0.8144
chr1	109613	109614	0.8485
chr1	109636	109637	0.7652
chr1	109668	109669	0.8021
chr1	109697	109698	0.749
chr1	109747	109748	0.817
chr1	109773	109774	0.8979
chr1	109805	109806	0.7569
chr1	109820	109821	1.0
chr1	109855	109856	0.8081
chr1	109875	109876	0.8986
chr1	109890	109891	0.9267
chr1	109940	109941	1.0
chr1	109969	109970	0.9723
chr1	109984	109985	0.7983
chr1	110004	110005	0.9138
chr1	110034	110035	0.846
chr1	110065	110066	0.9592
chr1	110088	110089	0.8931
chr1	110103	110104	0.9354
chr1	110126	110127	0.9951
chr1	110127	110128	0.8644
chr1	110227	110228	0.7488
chr1	110296	110297	0.8143
chr1	110396	110397	0.8925
chr1	110446	110447	0.6896
chr1	110508	110509	0.8301
chr1	110608	110609	0.8358
chr1	110666	110667	0.815
chr1	110716	110717	0.7331
chr1	110741	110742	0.851
chr1	110768	110769	0.8738
chr1	110788	110789	0.9108
chr1	110810	110811	0.7674
chr1	110860	110861	0.8829
chr1	110908	110909	0.8124
chr1	110923	110924	0.777
chr1	110973	110974	0.9719
chr1	111023	111024	0.7857
chr1	111049	111050	0.7112
chr1	111084	111085	0.8368
chr1	111114	111115	0.8886
chr1	111164	111165	0.8239
chr1	111184	111185	0.8432
chr1	111216	111217	0.8946
chr1	111240	111241	0.7983
chr1	111255	111256	0.8297
chr1	111305	111306	0.684
chr1	111318	111319	0.7627
chr1	111418	111419	0.8843
chr1	111468	111469	0.8786
chr1	111547	111548	0.8965
chr1	111647	111648	0.8698
chr1	111708	111709	0.8888
chr1	111808	111809	0.881
chr1	111893	111894	0.8196
chr1	111931	111932	0.8116
chr1	111971	111972	0.9437
chr1	111995	111996	0.1168
chr1	112029	112030	0.0
chr1	112067	112068	0.031
chr1	112103	112104	0.0
chr1	112128	112129	0.0304
chr1	112170	112171	0.1602
chr1	112186	112187	0.14
chr1	112233	112234	0.0916
chr1	112257	112258	0.1361
chr1	112292	112293	0.1091
chr1	112317	112318	0.0558
chr1	112367	112368	0.0258
chr1	112404	112405	0.1322
chr1	112435	112436	0.1708
chr1	112535	112536	0.1892
chr1	112622	112623	0.1221
chr1	112722	112723	0.0264
chr1	112822	112823	0.0866
chr1	112920	112921	0.084
chr1	112928	112929	0.194
chr1	112978	112979	0.0903
chr1	113006	113007	0.1149
chr1	113021	113022	0.0965
chr1	113045	113046	0.2928
chr1	113081	113082	0.3015
chr1	113104	113105	0.2398
chr1	113134	113135	0.1801
chr1	113177	113178	0.1711
chr1	113204	113205	0.2581
chr1	113223	113224	0.1878
chr1	113249	113250	0.0326
chr1	113299	113300	0.0942
chr1	113349	113350	0.1096
chr1	113364	113365	0.2716
chr1	113414	113415	0.1557
chr1	113448	113449	0.1429
chr1	113461	113462	0.1907
chr1	113533	113534	0.0671
chr1	113583	113584	0.1458
chr1	113683	113684	0.0075
chr1	113740	113741	0.2571
chr1	113790	113791	0.1025
chr1	113840	113841	0.1098
chr1	113940	113941	0.0356
chr1	113960	113961	0.2416
chr1	114012	114013	0.0585
chr1	114032	114033	0.2193
chr1	114086	114087	0.0008
chr1	114096	114097	0.2971
chr1	114116	114117	0.0983
chr1	114216	114217	0.0
chr1	114298	114299	0.1088
chr1	114404	114405	0.1799
chr1	114437	114438	0.7225
chr1	114452	114453	0.7384
chr1	114496	114497	0.6974
chr1	114524	114525	0.6975
chr1	114553	114554	0.7365
chr1	114603	114604	0.5904
chr1	114618	114619	0.7457
chr1	114635	114636	0.6518
chr1	114670	114671	0.7444
chr1	114685	114686	0.6734
chr1	114707	114708	0.579
chr1	114756	114757	0.6872
chr1	114784	114785	0.8261
chr1	114799	114800	0.703
chr1	114832	114833	0.7429
chr1	114857	114858	0.7406
chr1	114878	114879	0.7905
chr1	114928	114929	0.6943
chr1	114951	114952	0.6998
chr1	115035	115036	0.7433
chr1	115135	115136	0.7821
chr1	115219	115220	0.6219
chr1	115292	115293	0.6762
chr1	115392	115393	0.6578
chr1	115462	115463	0.5885
chr1	115464	115465	0.6848
chr1	115491	115492	0.6156
chr1	115528	115529	0.5403
chr1	115563	115564	0.4242
chr1	115582	115583	0.4398
chr1	115602	115603	0.7391
chr1	115652	115653	0.4921
chr1	115692	115693	0.5418
chr1	115739	115740	0.4934
chr1	115772	115773	0.4641
chr1	115809	115810	0.4626
chr1	115837	115838	0.6146
chr1	115867	115868	0.6281
chr1	115891	115892	0.5499
chr1	115941	115942	0.5049
chr1	115962	115963	0.3247
chr1	115997	115998	0.5467
chr1	116025	116026	0.4673
chr1	116059	116060	0.5506
chr1	116159	116160	0.6218
chr1	116259	116260	0.6583
chr1	116359	116360	0.5684
chr1	116414	116415	0.3773
chr1	116514	116515	0.5036
chr1	116608	116609	0.6295
chr1	116626	116627	0.5122
chr1	116676	116677	0.774
chr1	116726	116727	0.6861
chr1	116744	116745	0.6582
chr1	116764	116765	0.5732
chr1	116814	116815	0.7024
chr1	116832	116833	0.55
chr1	116855	116856	0.6459
chr1	116905	116906	0.543
chr1	116955	116956	0.5958
chr1	116970	116971	0.6721
chr1	117014	117015	0.7052
chr1	117041	117042	0.6682
chr1	117069	117070	0.7938
chr1	117119	117120	0.6731
chr1	117144	117145	0.5612
chr1	117167	117168	0.5417
chr1	117193	117194	0.7801
chr1	117202	117203	0.7228
chr1	117302	117303	0.6414
chr1	117402	117403	0.8276
chr1	117502	117503	0.7852
chr1	117601	117602	0.6529
chr1	117701	117702	0.7308
chr1	117745	117746	0.667
chr1	117750	117751	0.7046
chr1	117765	117766	0.6034
chr1	117809	117810	0.6795
chr1	117846	117847	0.7368
chr1	117891	117892	0.7798
chr1	117932	117933	0.7638
chr1	117965	117966	0.8011
chr1	118009	118010	0.9328
chr1	118033	118034	0.8997
chr1	118073	118074	0.8226
chr1	118096	118097	0.6959
chr1	118137	118138	0.6188
chr1	118164	118165	0.7977
chr1	118202	118203	0.7403
chr1	118209	118210	0.7895
chr1	118294	118295	0.7549
chr1	118381	118382	0.8725
chr1	118431	118432	0.8217
chr1	118531	118532	0.7899
chr1	118631	118632	0.8147
chr1	118633	118634	0.9176
chr1	118717	118718	0.7366
chr1	118803	118804	0.7859
chr1	118807	118808	0.8638
chr1	119041	119042	0.8847
chr1	119053	119054	0.0641
chr1	119068	119069	0.1358
chr1	119092	119093	0.112
chr1	119110	119111	0.0436
chr1	119160	119161	0.0598
chr1	119206	119207	0.0333
chr1	119224	119225	0.0593
chr1	119263	119264	0.2028
chr1	119295	119296	0.1568
chr1	119316	119317	0.0988
chr1	119344	119345	0.1305
chr1	119380	119381	0.1456
chr1	119426	119427	0.073
chr1	119451	119452	0.0638
chr1	119493	119494	0.004
chr1	119508	119509	0.1106
chr1	119546	119547	0.1001
chr1	119596	119597	0.0731
chr1	119670	119671	0.1894
chr1	119736	119737	0.0628
chr1	119786	119787	0.1191
chr1	119886	119887	0.0235
chr1	119986	119987	0.093
chr1	120036	120037	0.11
chr1	120046	120047	0.0412
chr1	120088	120089	0.1553
chr1	120134	120135	0.8217
chr1	120184	120185	0.7672
chr1	120225	120226	0.8964
chr1	120256	120257	0.7791
chr1	120284	120285	0.7505
chr1	120333	120334	0.6025
chr1	120355	120356	0.7159
chr1	120370	120371	0.6606
chr1	120401	120402	0.8389
chr1	120451	120452	0.7582
chr1	120501	120502	0.8714
chr1	120529	120530	0.7807
chr1	120560	120561	0.6896
chr1	120599	120600	0.6859
chr1	120615	120616	0.7718
chr1	120715	120716	0.7872
chr1	120810	120811	0.898
chr1	120910	120911	0.889
chr1	121010	121011	0.6769
chr1	121060	121061	0.7903
chr1	121084	121085	0.7492
chr1	121125	121126	0.5215
chr1	121158	121159	0.4482
chr1	121205	121206	0.6291
chr1	121221	121222	0.6344
chr1	121248	121249	0.6804
chr1	121274	121275	0.6631
chr1	121306	121307	0.5916
chr1	121356	121357	0.717
chr1	121378	121379	0.7134
chr1	121419	121420	0.5551
chr1	121469	121470	0.4733
chr1	121489	121490	0.6408
chr1	121521	121522	0.5958
chr1	121553	121554	0.5953
chr1	121569	121570	0.5167
chr1	121609	121610	0.7105
chr1	121709	121710	0.5825
chr1	121776	121777	0.6677
chr1	121860	121861	0.5722
chr1	121910	121911	0.6655
chr1	122010	122011	0.6844
chr1	122064	122065	0.6726
chr1	122089	122090	0.0
chr1	122134	122135	0.1018
chr1	122154	122155	0.2239
chr1	122185	122186	0.1135
chr1	122203	122204	0.1614
chr1	122229	122230	0.196
chr1	122253	122254	0.1562
chr1	122282	122283	0.2523
chr1	122332	122333	0.1987
chr1	122382	122383	0.2437
chr1	122410	122411	0.1895
chr1	122437	122438	0.0385
chr1	122458	122459	0.156
chr1	122476	122477	0.2235
chr1	122504	122505	0.0
chr1	122531	122532	0.1576
chr1	122581	122582	0.1931
chr1	122681	122682	0.094
chr1	122781	122782	0.1693
chr1	122831	122832	0.1169
chr1	122931	122932	0.327
chr1	122965	122966	0.1972
chr1	122967	122968	0.0535
chr1	122972	122973	0.0728
chr1	122987	122988	0.198
chr1	123020	123021	0.1114
chr1	123062	123063	0.1259
chr1	123097	123098	0.0289
chr1	123118	123119	0.1429
chr1	123140	123141	0.219
chr1	123190	123191	0.0706
chr1	123226	123227	0.14
chr1	123241	123242	0.1414
chr1	123264	123265	0.1235
chr1	123291	123292	0.1005
chr1	123307	123308	0.0521
chr1	123335	123336	0.0013
chr1	123358	123359	0.0012
chr1	123391	123392	0.0948
chr1	123417	123418	0.1054
chr1	123438	123439	0.193
chr1	123463	123464	0.0309
chr1	123490	123491	0.163
chr1	123590	123591	0.1837
chr1	123678	123679	0.0652
chr1	123778	123779	0.0
chr1	123878	123879	0.1265
chr1	123929	123930	0.1982
chr1	123963	123964	0.2042
chr1	123967	123968	0.0878
chr1	124047	124048	0.2182
chr1	124195	124196	0.126
chr1	124263	124264	0.0944
chr1	124373	124374	0.1547
chr1	124415	124416	0.1325
chr1	124435	124436	0.6549
chr1	124458	124459	0.8497
chr1	124489	124490	0.5957
chr1	124512	124513	0.8044
chr1	124545	124546	0.7526
chr1	124576	124577	0.5802
chr1	124596	124597	0.6146
chr1	124641	124642	0.8033
chr1	124656	124657	0.6846
chr1	124706	124707	0.5909
chr1	124741	124742	0.7074
chr1	124781	124782	0.6842
chr1	124796	124797	0.6365
chr1	124825	124826	0.6208
chr1	124875	124876	0.6537
chr1	124903	124904	0.5169
chr1	124935	124936	0.7185
chr1	124952	124953	0.7745
chr1	124967	124968	0.6766
chr1	124969	124970	0.7602
chr1	125036	125037	0.639
chr1	125108	125109	0.7043
chr1	125208	125209	0.6655
chr1	125308	125309	0.6041
chr1	125408	125409	0.5702
chr1	125462	125463	0.6758
chr1	125496	125497	0.9199
chr1	125519	125520	0.8235
chr1	125535	125536	0.6608
chr1	125560	125561	0.8694
chr1	125604	125605	0.7901
chr1	125648	125649	0.8105
chr1	125672	125673	0.6667
chr1	125692	125693	0.6728
chr1	125710	125711	0.5851
chr1	125738	125739	0.8514
chr1	125770	125771	0.7995
chr1	125820	125821	0.7299
chr1	125852	125853	0.7573
chr1	125893	125894	0.7656
chr1	125913	125914	0.8233
chr1	125944	125945	0.6983
chr1	125976	125977	0.6922
chr1	126004	126005	0.5857
chr1	126022	126023	0.6279
chr1	126122	126123	0.6393
chr1	126222	126223	0.6602
chr1	126322	126323	0.7522
chr1	126372	126373	0.6761
chr1	126472	126473	0.7129
chr1	126522	126523	0.6967
chr1	126544	126545	0.8701
chr1	126606	126607	0.8339
chr1	126645	126646	0.7351
chr1	126679	126680	0.6008
chr1	126702	126703	0.5803
chr1	126745	126746	0.6232
chr1	126760	126761	0.6709
chr1	126810	126811	0.7431
chr1	126826	126827	0.5546
chr1	126844	126845	0.5988
chr1	126881	126882	0.6161
chr1	126920	126921	0.5784
chr1	126970	126971	0.6478
chr1	127005	127006	0.6145
chr1	127034	127035	0.4508
chr1	127067	127068	0.5408
chr1	127117	127118	0.7464
chr1	127125	127126	0.7225
chr1	127215	127216	0.6457
chr1	127315	127316	0.6269
chr1	127411	127412	0.6585
chr1	127506	127507	0.6278
chr1	127524	127525	0.4577
chr1	127533	127534	0.5024
chr1	127574	127575	0.5823
chr1	127624	127625	0.4229
chr1	127653	127654	0.4159
chr1	127670	127671	0.5395
chr1	127720	127721	0.6332
chr1	127762	127763	0.5688
chr1	127779	127780	0.7117
chr1	127807	127808	0.538
chr1	127845	127846	0.5031
chr1	127866	127867	0.7366
chr1	127882	127883	0.6272
chr1	127927	127928	0.6414
chr1	127942	127943	0.6544
chr1	127965	127966	0.6116
chr1	127988	127989	0.7097
chr1	128006	128007	0.7354
chr1	128031	128032	0.5506
chr1	128058	128059	0.6367
chr1	128073	128074	0.6423
chr1	128107	128108	0.6815
chr1	128108	128109	0.7434
chr1	128208	128209	0.569
chr1	128305	128306	0.4676
chr1	128355	128356	0.5548
chr1	128455	128456	0.718
chr1	128555	128556	0.6762
chr1	128655	128656	0.5718
chr1	128659	128660	0.5555
chr1	128753	128754	0.5458
chr1	128771	128772	0.8004
chr1	128791	128792	0.5143
chr1	128875	128876	0.5345
chr1	128919	128920	0.547
chr1	128951	128952	0.6789
chr1	129137	129138	0.7578
chr1	129187	129188	0.6658
chr1	129205	129206	0.7266
chr1	129254	129255	0.4086
chr1	129271	129272	0.4656
chr1	129305	129306	0.5728
chr1	129325	129326	0.6212
chr1	129351	129352	0.6801
chr1	129366	129367	0.6792
chr1	129394	129395	0.469
chr1	129436	129437	0.4136
chr1	129486	129487	0.3716
chr1	129515	129516	0.7302
chr1	129531	129532	0.643
chr1	129576	129577	0.7174
chr1	129612	129613	0.6298
chr1	129640	129641	0.5182
chr1	129663	129664	0.6551
chr1	129671	129672	0.8179
chr1	129771	129772	0.7067
chr1	129871	129872	0.523
chr1	129931	129932	0.4825
chr1	129998	129999	0.3992
chr1	130085	130086	0.6158
chr1	130135	130136	0.3318
chr1	130233	130234	0.8746
chr1	130266	130267	0.512
chr1	130288	130289	0.6782
chr1	130336	130337	0.6654
chr1	130364	130365	0.5194
chr1	130387	130388	0.3877
chr1	130437	130438	0.5169
chr1	130452	130453	0.5108
chr1	130502	130503	0.376
chr1	130552	130553	0.5296
chr1	130571	130572	0.5394
chr1	130593	130594	0.373
chr1	130610	130611	0.5246
chr1	130656	130657	0.5479
chr1	130678	130679	0.618
chr1	130706	130707	0.6361
chr1	130747	130748	0.4879
chr1	130762	130763	0.5138
chr1	130770	130771	0.5501
chr1	130870	130871	0.5263
chr1	130949	130950	0.5911
chr1	131004	131005	0.4046
chr1	131104	131105	0.5094
chr1	131197	131198	0.4173
chr1	131255	131256	0.5142
chr1	131281	131282	0.5261
chr1	131319	131320	0.5308
chr1	131334	131335	0.301
chr1	131384	131385	0.164
chr1	131412	131413	0.6392
chr1	131428	131429	0.911
chr1	131473	131474	0.184
chr1	131488	131489	0.345
chr1	131505	131506	0.252
chr1	131535	131536	0.3973
chr1	131565	131566	0.4114
chr1	131598	131599	0.8915
chr1	131648	131649	0.346
chr1	131679	131680	0.979
chr1	131701	131702	0.2021
chr1	131723	131724	0.316
chr1	131747	131748	1.0
chr1	131763	131764	0.429
chr1	131803	131804	0.413
chr1	131805	131806	0.8848
chr1	131905	131906	1.0
chr1	132005	132006	1.0
chr1	132105	132106	0.8256
chr1	132155	132156	0.4798
chr1	132239	132240	0.331
chr1	132277	132278	0.9943
chr1	132331	132332	0.7464
chr1	132345	132346	0.9897
chr1	132395	132396	0.9093
chr1	132445	132446	0.8751
chr1	132478	132479	0.8249
chr1	132502	132503	0.8586
chr1	132552	132553	0.8384
chr1	132567	132568	0.8928
chr1	132617	132618	0.9448
chr1	132667	132668	0.9367
chr1	132707	132708	0.8343
chr1	132724	132725	0.7668
chr1	132774	132775	0.8657
chr1	132788	132789	0.9501
chr1	132880	132881	0.7231
chr1	132936	132937	0.9077
chr1	132986	132987	0.8662
chr1	133086	133087	0.9743
chr1	133182	133183	0.7393
chr1	133196	133197	0.9236
chr1	133242	133243	0.8415
chr1	133250	133251	0.7834
chr1	133280	133281	0.9152
chr1	133295	133296	0.9512
chr1	133335	133336	0.8636
chr1	133384	133385	0.9643
chr1	133409	133410	0.9362
chr1	133429	133430	0.77
chr1	133479	133480	0.9379
chr1	133511	133512	0.9791
chr1	133540	133541	0.8647
chr1	133569	133570	0.9097
chr1	133619	133620	0.8579
chr1	133653	133654	0.8532
chr1	133690	133691	0.7787
chr1	133718	133719	0.8083
chr1	133734	133735	0.745
chr1	133817	133818	0.7595
chr1	133917	133918	0.6997
chr1	133968	133969	0.8083
chr1	134068	134069	0.9592
chr1	134148	134149	0.8304
chr1	134164	134165	0.8551
chr1	134186	134187	0.809
chr1	134284	134285	0.9248
chr1	134306	134307	0.9408
chr1	134418	134419	0.7178
chr1	134454	134455	0.7751
chr1	134538	134539	0.8921
chr1	134594	134595	0.8184
chr1	134612	134613	0.7943
chr1	134622	134623	0.0697
chr1	134637	134638	0.0906
chr1	134672	134673	0.0397
chr1	134687	134688	0.0396
chr1	134702	134703	0.0
chr1	134719	134720	0.0296
chr1	134750	134751	0.0671
chr1	134783	134784	0.0477
chr1	134833	134834	0.0
chr1	134849	134850	0.0
chr1	134870	134871	0.0
chr1	134920	134921	0.1051
chr1	134959	134960	0.0155
chr1	134994	134995	0.0855
chr1	135023	135024	0.053
chr1	135060	135061	0.0638
chr1	135090	135091	0.143
chr1	135122	135123	0.062
chr1	135160	135161	0.2726
chr1	135169	135170	0.0487
chr1	135269	135270	0.0011
chr1	135319	135320	0.0
chr1	135419	135420	0.1237
chr1	135493	135494	0.0
chr1	135593	135594	0.0398
chr1	135643	135644	0.042
chr1	135793	135794	0.0557
chr1	135809	135810	0.0745
chr1	135819	135820	0.0682
chr1	135973	135974	0.0581
chr1	136047	136048	0.1162
chr1	136057	136058	0.7934
chr1	136079	136080	0.8708
chr1	136113	136114	0.9631
chr1	136146	136147	0.8175
chr1	136178	136179	0.8476
chr1	136199	136200	0.7778
chr1	136214	136215	0.7811
chr1	136234	136235	0.7739
chr1	136279	136280	1.0
chr1	136329	136330	0.6779
chr1	136368	136369	0.8355
chr1	136393	136394	0.6785
chr1	136438	136439	0.7828
chr1	136453	136454	0.7259
chr1	136483	136484	0.8781
chr1	136505	136506	0.9309
chr1	136531	136532	0.681
chr1	136554	136555	0.9915
chr1	136571	136572	0.902
chr1	136621	136622	0.8824
chr1	136643	136644	0.8084
chr1	136665	136666	0.8178
chr1	136693	136694	0.9027
chr1	136793	136794	0.8174
chr1	136893	136894	0.8572
chr1	136993	136994	0.8873
chr1	137093	137094	0.8583
chr1	137143	137144	0.7399
chr1	137243	137244	0.7377
chr1	137306	137307	0.6936
chr1	137320	137321	0.6771
chr1	137406	137407	0.7636
chr1	137408	137409	0.9035
chr1	137456	137457	0.9794
chr1	137664	137665	0.8523
chr1	137718	137719	0.8502
chr1	137798	137799	0.7385
chr1	137831	137832	0.7973
chr1	137881	137882	0.8525
chr1	137931	137932	0.75
chr1	137981	137982	0.6468
chr1	138010	138011	0.816
chr1	138034	138035	0.5733
chr1	138067	138068	0.7441
chr1	138113	138114	0.7699
chr1	138163	138164	0.6812
chr1	138185	138186	0.8002
chr1	138235	138236	0.7164
chr1	138268	138269	0.7736
chr1	138368	138369	0.5812
chr1	138468	138469	0.7011
chr1	138568	138569	0.6605
chr1	138668	138669	0.5923
chr1	138686	138687	0.648
chr1	138736	138737	0.7839
chr1	138760	138761	0.8656
chr1	138775	138776	0.5774
chr1	138803	138804	0.6726
chr1	138853	138854	0.7717
chr1	138903	138904	0.5565
chr1	138933	138934	0.5051
chr1	138951	138952	0.5543
chr1	138966	138967	0.7959
chr1	139013	139014	0.7136
chr1	139036	139037	0.7613
chr1	139077	139078	0.6471
chr1	139127	139128	0.68
chr1	139147	139148	0.7547
chr1	139172	139173	0.6471
chr1	139222	139223	0.5065
chr1	139249	139250	0.614
chr1	139289	139290	0.6019
chr1	139297	139298	0.6019
chr1	139347	139348	0.6319
chr1	139447	139448	0.5025
chr1	139547	139548	0.5918
chr1	139647	139648	0.6724
chr1	139747	139748	0.6833
chr1	139809	139810	0.4855
chr1	139831	139832	0.6647
chr1	139855	139856	0.8882
chr1	139905	139906	0.7382
chr1	139923	139924	0.7076
chr1	139952	139953	0.6333
chr1	139975	139976	0.7904
chr1	139999	140000	0.7552
chr1	140035	140036	0.7411
chr1	140056	140057	0.8835
chr1	140083	140084	0.8183
chr1	140104	140105	0.7873
chr1	140145	140146	0.7872
chr1	140195	140196	0.8256
chr1	140245	140246	0.7159
chr1	140264	140265	0.6672
chr1	140288	140289	0.6284
chr1	140317	140318	0.687
chr1	140332	140333	0.9343
chr1	140344	140345	0.7511
chr1	140444	140445	0.8171
chr1	140543	140544	0.8545
chr1	140637	140638	0.739
chr1	140704	140705	0.7251
chr1	140785	140786	0.8839
chr1	140815	140816	0.8047
chr1	140821	140822	0.022
chr1	140860	140861	0.1745
chr1	140890	140891	0.0359
chr1	140915	140916	0.0866
chr1	140965	140966	0.0973
chr1	140991	140992	0.0
chr1	141041	141042	0.0113
chr1	141071	141072	0.168
chr1	141091	141092	0.2679
chr1	141106	141107	0.0
chr1	141156	141157	0.0608
chr1	141204	141205	0.0521
chr1	141249	141250	0.0325
chr1	141299	141300	0.118
chr1	141345	141346	0.0
chr1	141395	141396	0.0
chr1	141445	141446	0.0231
chr1	141529	141530	0.1806
chr1	141629	141630	0.1038
chr1	141729	141730	0.0318
chr1	141829	141830	0.0
chr1	141897	141898	0.0967
chr1	141951	141952	0.1051
chr1	142019	142020	0.0798
chr1	142123	142124	0.1137
chr1	142157	142158	0.0935
chr1	142203	142204	0.698
chr1	142229	142230	0.7082
chr1	142244	142245	0.8852
chr1	142272	142273	0.7821
chr1	142315	142316	0.8925
chr1	142365	142366	0.758
chr1	142380	142381	0.6033
chr1	142399	142400	0.8047
chr1	142428	142429	0.7637
chr1	142478	142479	0.5127
chr1	142493	142494	0.7144
chr1	142509	142510	0.7159
chr1	142531	142532	0.7166
chr1	142546	142547	0.6042
chr1	142561	142562	0.7396
chr1	142611	142612	0.73
chr1	142635	142636	0.6622
chr1	142655	142656	0.6496
chr1	142670	142671	0.5816
chr1	142697	142698	0.6465
chr1	142718	142719	0.6613
chr1	142726	142727	0.6634
chr1	142776	142777	0.5315
chr1	142865	142866	0.68
chr1	142951	142952	0.5869
chr1	143051	143052	0.8708
chr1	143131	143132	0.7313
chr1	143231	143232	0.7349
chr1	143243	143244	0.503
chr1	143253	143254	0.2243
chr1	143295	143296	0.0968
chr1	143323	143324	0.3764
chr1	143341	143342	0.0949
chr1	143358	143359	0.1469
chr1	143393	143394	0.1516
chr1	143440	143441	0.1623
chr1	143472	143473	0.1349
chr1	143509	143510	0.2364
chr1	143551	143552	0.0882
chr1	143575	143576	0.1534
chr1	143613	143614	0.0391
chr1	143652	143653	0.0891
chr1	143669	143670	0.0
chr1	143702	143703	0.0979
chr1	143739	143740	0.0829
chr1	143772	143773	0.2779
chr1	143872	143873	0.0
chr1	143972	143973	0.0787
chr1	144072	144073	0.1413
chr1	144172	144173	0.0
chr1	144272	144273	0.2234
chr1	144282	144283	0.1032
chr1	144326	144327	0.2517
chr1	144386	144387	0.1288
chr1	144436	144437	0.2117
chr1	144518	144519	0.0635
chr1	144734	144735	0.1606
chr1	144742	144743	0.095
chr1	144768	144769	0.0928
chr1	144773	144774	0.9058
chr1	144802	144803	0.8549
chr1	144827	144828	0.8873
chr1	144877	144878	0.8668
chr1	144894	144895	0.9993
chr1	144944	144945	0.8346
chr1	144994	144995	0.7242
chr1	145012	145013	0.8427
chr1	145027	145028	0.7656
chr1	145062	145063	0.9738
chr1	145093	145094	0.8706
chr1	145143	145144	0.9828
chr1	145160	145161	0.8655
chr1	145194	145195	0.8762
chr1	145231	145232	0.7617
chr1	145263	145264	0.8719
chr1	145288	145289	0.9423
chr1	145302	145303	0.7841
chr1	145402	145403	0.9926
chr1	145452	145453	0.9052
chr1	145552	145553	0.9555
chr1	145626	145627	0.9039
chr1	145676	145677	0.8351
chr1	145728	145729	0.8487
chr1	145820	145821	0.8329
chr1	145930	145931	0.8102
chr1	145976	145977	0.8048
chr1	146104	146105	0.789
chr1	146164	146165	0.827
chr1	146210	146211	0.7936
chr1	146264	146265	0.9116
chr1	146295	146296	0.7968
chr1	146322	146323	0.8851
chr1	146347	146348	0.7638
chr1	146385	146386	0.675
chr1	146408	146409	0.6983
chr1	146442	146443	0.6426
chr1	146471	146472	0.9001
chr1	146487	146488	0.8845
chr1	146537	146538	0.8225
chr1	146562	146563	0.9052
chr1	146599	146600	0.6642
chr1	146619	146620	0.7549
chr1	146634	146635	0.8376
chr1	146684	146685	0.8805
chr1	146714	146715	0.6295
chr1	146747	146748	0.7306
chr1	146778	146779	0.6545
chr1	146827	146828	0.6354
chr1	146927	146928	0.6586
chr1	147027	147028	0.6252
chr1	147097	147098	0.7836
chr1	147186	147187	0.7322
chr1	147286	147287	0.8123
chr1	147370	147371	0.6954
chr1	147409	147410	0.7875
chr1	147435	147436	0.8786
chr1	147452	147453	0.8669
chr1	147480	147481	0.8584
chr1	147500	147501	0.8131
chr1	147518	147519	0.7571
chr1	147568	147569	0.7841
chr1	147610	147611	0.8091
chr1	147629	147630	0.8499
chr1	147677	147678	0.9653
chr1	147712	147713	0.8275
chr1	147738	147739	0.8731
chr1	147788	147789	0.9807
chr1	147823	147824	0.7429
chr1	147873	147874	0.7048
chr1	147881	147882	0.7837
chr1	147981	147982	0.8576
chr1	148033	148034	0.8812
chr1	148105	148106	0.8325
chr1	148205	148206	0.9872
chr1	148305	148306	0.6219
chr1	148333	148334	0.8491
chr1	148389	148390	0.7868
chr1	148399	148400	1.0
chr1	148435	148436	0.5133
chr1	148478	148479	0.6801
chr1	148520	148521	0.9202
chr1	148552	148553	0.9004
chr1	148567	148568	0.548
chr1	148617	148618	1.0
chr1	148666	148667	0.591
chr1	148700	148701	0.6776
chr1	148727	148728	1.0
chr1	148749	148750	1.0
chr1	148793	148794	1.0
chr1	148808	148809	0.746
chr1	148844	148845	1.0
chr1	148855	148856	0.576
chr1	148905	148906	1.0
chr1	149005	149006	1.0
chr1	149105	149106	1.0
chr1	149205	149206	1.0
chr1	149305	149306	0.7888
chr1	149361	149362	0.833
chr1	149391	149392	1.0
chr1	149416	149417	0.5351
chr1	149466	149467	0.7749
chr1	149481	149482	0.6274
chr1	149501	149502	0.6503
chr1	149532	149533	0.5041
chr1	149556	149557	0.5135
chr1	149571	149572	0.8009
chr1	149602	149603	0.6605
chr1	149617	149618	0.6059
chr1	149667	149668	0.6999
chr1	149714	149715	0.7591
chr1	149733	149734	0.714
chr1	149759	149760	0.6116
chr1	149774	149775	0.6164
chr1	149824	149825	0.7064
chr1	149856	149857	0.5352
chr1	149871	149872	0.5749
chr1	149896	149897	0.5059
chr1	149917	149918	0.63
chr1	150017	150018	0.6622
chr1	150117	150118	0.7034
chr1	150217	150218	0.6595
chr1	150267	150268	0.7685
chr1	150367	150368	0.6968
chr1	150427	150428	0.7322
chr1	150451	150452	0.6459
chr1	150457	150458	0.6666
chr1	150481	150482	0.6598
chr1	150521	150522	0.7789
chr1	150550	150551	0.8781
chr1	150600	150601	0.715
chr1	150615	150616	0.7681
chr1	150631	150632	0.753
chr1	150665	150666	0.7442
chr1	150680	150681	0.6774
chr1	150695	150696	0.8852
chr1	150710	150711	0.8085
chr1	150741	150742	0.638
chr1	150764	150765	0.6379
chr1	150779	150780	0.6787
chr1	150811	150812	0.7364
chr1	150855	150856	0.6763
chr1	150870	150871	0.7141
chr1	150898	150899	0.6501
chr1	150931	150932	0.7869
chr1	150971	150972	0.7033
chr1	150986	150987	0.6959
chr1	151004	151005	0.7058
chr1	151032	151033	0.6909
chr1	151061	151062	0.9345
chr1	151099	151100	0.845
chr1	151199	151200	0.8924
chr1	151276	151277	0.6268
chr1	151356	151357	0.8194
chr1	151439	151440	0.8949
chr1	151489	151490	0.8072
chr1	151572	151573	0.7264
chr1	151672	151673	0.7331
chr1	151722	151723	0.8425
chr1	151734	151735	0.7748
chr1	151814	151815	0.8662
chr1	151874	151875	0.732
chr1	151900	151901	0.8693
chr1	151922	151923	0.8556
chr1	151942	151943	0.6349
chr1	151950	151951	0.7627
chr1	151962	151963	0.6519
chr1	152104	152105	0.8044
chr1	152124	152125	0.8461
chr1	152158	152159	0.1526
chr1	152181	152182	0.0937
chr1	152202	152203	0.0458
chr1	152229	152230	0.1502
chr1	152262	152263	0.1107
chr1	152306	152307	0.1234
chr1	152323	152324	0.1675
chr1	152352	152353	0.0062
chr1	152402	152403	0.0
chr1	152427	152428	0.0613
chr1	152457	152458	0.121
chr1	152476	152477	0.0085
chr1	152518	152519	0.0
chr1	152539	152540	0.0846
chr1	152589	152590	0.1332
chr1	152612	152613	0.2493
chr1	152617	152618	0.0738
chr1	152717	152718	0.0497
chr1	152817	152818	0.0
chr1	152867	152868	0.0831
chr1	152967	152968	0.1878
chr1	153067	153068	0.0
chr1	153099	153100	0.1096
chr1	153112	153113	0.1226
chr1	153139	153140	0.2856
chr1	153162	153163	0.2038
chr1	153208	153209	0.2019
chr1	153240	153241	0.0208
chr1	153256	153257	0.0526
chr1	153289	153290	0.2306
chr1	153313	153314	0.0438
chr1	153337	153338	0.0609
chr1	153379	153380	0.0748
chr1	153405	153406	0.1174
chr1	153437	153438	0.0507
chr1	153478	153479	0.127
chr1	153508	153509	0.0724
chr1	153523	153524	0.0621
chr1	153573	153574	0.0898
chr1	153588	153589	0.0407
chr1	153602	153603	0.0
chr1	153681	153682	0.0
chr1	153778	153779	0.1452
chr1	153828	153829	0.2544
chr1	153928	153929	0.0436
chr1	154028	154029	0.0
chr1	154058	154059	0.1283
chr1	154063	154064	0.2735
chr1	154086	154087	0.1152
chr1	154128	154129	0.1752
chr1	154178	154179	0.1566
chr1	154198	154199	0.1665
chr1	154213	154214	0.1812
chr1	154244	154245	0.1744
chr1	154282	154283	0.2443
chr1	154301	154302	0.1747
chr1	154329	154330	0.0691
chr1	154349	154350	0.299
chr1	154364	154365	0.2347
chr1	154398	154399	0.261
chr1	154428	154429	0.0697
chr1	154445	154446	0.3455
chr1	154464	154465	0.2349
chr1	154489	154490	0.0638
chr1	154517	154518	0.1894
chr1	154532	154533	0.3076
chr1	154538	154539	0.1032
chr1	154638	154639	0.1497
chr1	154738	154739	0.2932
chr1	154818	154819	0.1298
chr1	154918	154919	0.2345
chr1	155006	155007	0.2268
chr1	155170	155171	0.2204
chr1	155178	155179	0.2136
chr1	155190	155191	0.1583
chr1	155196	155197	0.0938
chr1	155214	155215	0.0759
chr1	155239	155240	0.7582
chr1	155281	155282	0.7285
chr1	155309	155310	0.8109
chr1	155359	155360	1.0
chr1	155374	155375	0.8161
chr1	155389	155390	0.859
chr1	155431	155432	0.7472
chr1	155446	155447	0.7532
chr1	155479	155480	0.9418
chr1	155503	155504	0.7723
chr1	155553	155554	0.9316
chr1	155584	155585	0.8215
chr1	155607	155608	0.8622
chr1	155657	155658	0.7286
chr1	155698	155699	0.8323
chr1	155715	155716	0.8875
chr1	155727	155728	0.8458
chr1	155827	155828	0.9141
chr1	155927	155928	0.755
chr1	156027	156028	0.7129
chr1	156127	156128	0.8238
chr1	156133	156134	0.8158
chr1	156171	156172	0.9145
chr1	156218	156219	0.817
chr1	156248	156249	0.6947
chr1	156271	156272	0.7198
chr1	156287	156288	0.8441
chr1	156334	156335	0.5521
chr1	156384	156385	0.7622
chr1	156401	156402	0.825
chr1	156451	156452	0.6154
chr1	156485	156486	0.6619
chr1	156530	156531	0.6321
chr1	156580	156581	0.6758
chr1	156596	156597	0.8531
chr1	156614	156615	0.7872
chr1	156641	156642	0.7091
chr1	156661	156662	0.6166
chr1	156682	156683	0.6802
chr1	156724	156725	0.6465
chr1	156824	156825	0.6169
chr1	156924	156925	0.7457
chr1	157024	157025	0.8256
chr1	157095	157096	0.7791
chr1	157195	157196	0.7594
chr1	157227	157228	0.5092
chr1	157251	157252	0.8411
chr1	157281	157282	0.835
chr1	157319	157320	0.6117
chr1	157338	157339	0.718
chr1	157354	157355	0.7134
chr1	157383	157384	0.7534
chr1	157410	157411	0.6085
chr1	157447	157448	0.7098
chr1	157462	157463	0.6265
chr1	157489	157490	0.7038
chr1	157508	157509	0.8397
chr1	157558	157559	0.5533
chr1	157595	157596	0.6755
chr1	157618	157619	0.8273
chr1	157668	157669	0.7351
chr1	157692	157693	0.7056
chr1	157720	157721	0.938
chr1	157754	157755	0.6767
chr1	157801	157802	0.8374
chr1	157831	157832	0.6789
chr1	157847	157848	0.6222
chr1	157926	157927	0.7682
chr1	157982	157983	0.7397
chr1	158082	158083	0.666
chr1	158165	158166	0.8998
chr1	158265	158266	0.771
chr1	158365	158366	0.9624
chr1	158419	158420	0.7885
chr1	158433	158434	0.779
chr1	158448	158449	0.6986
chr1	158464	158465	0.6962
chr1	158489	158490	0.7982
chr1	158539	158540	0.8705
chr1	158570	158571	0.7133
chr1	158611	158612	0.8808
chr1	158640	158641	0.628
chr1	158661	158662	0.6847
chr1	158686	158687	0.8379
chr1	158707	158708	0.6527
chr1	158724	158725	0.6413
chr1	158767	158768	0.7663
chr1	158793	158794	0.8309
chr1	158812	158813	0.6105
chr1	158845	158846	0.8546
chr1	158886	158887	0.8772
chr1	158946	158947	0.8255
chr1	159046	159047	0.5849
chr1	159146	159147	0.6895
chr1	159246	159247	0.7227
chr1	159393	159394	0.6474
chr1	159405	159406	0.8562
chr1	159419	159420	0.6512
chr1	159435	159436	0.6019
chr1	159450	159451	0.9971
chr1	159466	159467	0.935
chr1	159484	159485	0.7308
chr1	159503	159504	0.9031
chr1	159542	159543	0.7551
chr1	159590	159591	0.468
chr1	159608	159609	0.4584
chr1	159623	159624	0.741
chr1	159668	159669	0.8259
chr1	159717	159718	0.7566
chr1	159767	159768	0.9145
chr1	159788	159789	0.4733
chr1	159805	159806	0.5727
chr1	159851	159852	0.6985
chr1	159901	159902	0.7323
chr1	159932	159933	0.8768
chr1	159982	159983	0.7194
chr1	159984	159985	0.6599
chr1	160064	160065	0.6263
chr1	160164	160165	0.7277
chr1	160264	160265	0.6973
chr1	160364	160365	0.6098
chr1	160420	160421	0.5643
chr1	160498	160499	0.671
chr1	160548	160549	0.6854
chr1	160609	160610	0.582
chr1	160625	160626	0.1852
chr1	160640	160641	0.1805
chr1	160689	160690	0.0462
chr1	160739	160740	0.0825
chr1	160758	160759	0.0
chr1	160777	160778	0.0842
chr1	160795	160796	0.1257
chr1	160832	160833	0.0965
chr1	160882	160883	0.0191
chr1	160897	160898	0.0898
chr1	160915	160916	0.1287
chr1	160939	160940	0.0686
chr1	160971	160972	0.1659
chr1	161001	161002	0.1035
chr1	161033	161034	0.1905
chr1	161049	161050	0.0828
chr1	161069	161070	0.0
chr1	161099	161100	0.1213
chr1	161145	161146	0.0034
chr1	161163	161164	0.146
chr1	161196	161197	0.0
chr1	161218	161219	0.0855
chr1	161234	161235	0.0515
chr1	161249	161250	0.0491
chr1	161349	161350	0.1161
chr1	161417	161418	0.1319
chr1	161517	161518	0.1585
chr1	161567	161568	0.0661
chr1	161667	161668	0.1032
chr1	161762	161763	0.065
chr1	161862	161863	0.0217
chr1	161872	161873	0.0698
chr1	161884	161885	0.0
chr1	161929	161930	0.1374
chr1	161979	161980	0.0678
chr1	162000	162001	0.3041
chr1	162031	162032	0.3056
chr1	162081	162082	0.1306
chr1	162118	162119	0.2971
chr1	162158	162159	0.1945
chr1	162187	162188	0.2339
chr1	162211	162212	0.1718
chr1	162246	162247	0.2443
chr1	162278	162279	0.1269
chr1	162318	162319	0.3502
chr1	162368	162369	0.3336
chr1	162380	162381	0.3053
chr1	162453	162454	0.0697
chr1	162513	162514	0.1558
chr1	162613	162614	0.0447
chr1	162713	162714	0.2032
chr1	162794	162795	0.0812
chr1	162878	162879	0.1022
chr1	162904	162905	0.6933
chr1	162945	162946	0.8212
chr1	162962	162963	0.72
chr1	162979	162980	0.79
chr1	163019	163020	0.5705
chr1	163039	163040	0.6413
chr1	163089	163090	0.7831
chr1	163115	163116	0.7649
chr1	163161	163162	0.8222
chr1	163182	163183	0.7958
chr1	163204	163205	0.9369
chr1	163219	163220	0.7282
chr1	163243	163244	0.7789
chr1	163263	163264	0.6612
chr1	163278	163279	0.808
chr1	163307	163308	0.7887
chr1	163357	163358	0.7684
chr1	163378	163379	0.6969
chr1	163405	163406	0.6353
chr1	163435	163436	0.6536
chr1	163535	163536	0.8469
chr1	163611	163612	0.7969
chr1	163661	163662	0.9428
chr1	163735	163736	0.7797
chr1	163794	163795	0.8312
chr1	163858	163859	0.7411
chr1	163937	163938	0.7616
chr1	163959	163960	0.8537
chr1	163964	163965	0.8908
chr1	163980	163981	0.865
chr1	164008	164009	0.7776
chr1	164040	164041	0.7102
chr1	164073	164074	0.9319
chr1	164119	164120	0.7876
chr1	164169	164170	0.8982
chr1	164202	164203	0.8147
chr1	164232	164233	0.7422
chr1	164247	164248	0.8265
chr1	164271	164272	0.9214
chr1	164321	164322	0.6981
chr1	164340	164341	0.8155
chr1	164390	164391	0.8887
chr1	164406	164407	0.8632
chr1	164445	164446	0.9648
chr1	164479	164480	0.7128
chr1	164499	164500	0.8134
chr1	164514	164515	0.6756
chr1	164541	164542	0.7279
chr1	164637	164638	0.8295
chr1	164737	164738	0.684
chr1	164837	164838	0.9514
chr1	164888	164889	0.8869
chr1	164938	164939	0.8432
chr1	165038	165039	0.7569
chr1	165058	165059	0.9286
chr1	165094	165095	0.7249
chr1	165156	165157	0.837
chr1	165172	165173	0.9417
chr1	165288	165289	0.821
chr1	165332	165333	0.9153
chr1	165490	165491	0.8302
chr1	165504	165505	0.6908
chr1	165536	165537	0.8683
chr1	165563	165564	0.5725
chr1	165612	165613	0.6837
chr1	165653	165654	0.7067
chr1	165703	165704	0.7324
chr1	165729	165730	0.701
chr1	165770	165771	0.6171
chr1	165820	165821	0.6189
chr1	165844	165845	0.5378
chr1	165884	165885	0.6533
chr1	165934	165935	0.612
chr1	165972	165973	0.6536
chr1	165988	165989	0.5498
chr1	166034	166035	0.5243
chr1	166066	166067	0.4811
chr1	166116	166117	0.5825
chr1	166216	166217	0.6505
chr1	166316	166317	0.6526
chr1	166416	166417	0.5994
chr1	166504	166505	0.6655
chr1	166536	166537	0.735
chr1	166598	166599	0.655
chr1	166616	166617	0.7796
chr1	166637	166638	0.8399
chr1	166673	166674	0.7731
chr1	166693	166694	0.8293
chr1	166734	166735	0.8288
chr1	166765	166766	0.8446
chr1	166813	166814	0.9358
chr1	166841	166842	0.8495
chr1	166879	166880	0.9148
chr1	166894	166895	0.7421
chr1	166909	166910	0.9563
chr1	166929	166930	0.9722
chr1	166964	166965	0.8721
chr1	166984	166985	0.6935
chr1	167027	167028	0.8559
chr1	167050	167051	0.9273
chr1	167126	167127	0.9866
chr1	167226	167227	0.7774
chr1	167303	167304	1.0
chr1	167403	167404	0.7564
chr1	167477	167478	0.8403
chr1	167529	167530	0.8708
chr1	167562	167563	0.767
chr1	167600	167601	0.9554
chr1	167650	167651	1.0
chr1	167665	167666	0.9216
chr1	167681	167682	0.825
chr1	167712	167713	0.8187
chr1	167727	167728	0.7756
chr1	167758	167759	0.8409
chr1	167808	167809	0.9352
chr1	167839	167840	0.8705
chr1	167889	167890	0.9519
chr1	167925	167926	0.7865
chr1	167959	167960	0.9317
chr1	168009	168010	0.8192
chr1	168101	168102	0.7813
chr1	168201	168202	0.7591
chr1	168301	168302	0.9542
chr1	168395	168396	0.7943
chr1	168401	168402	0.9252
chr1	168406	168407	0.5565
chr1	168421	168422	0.6907
chr1	168442	168443	0.6019
chr1	168457	168458	0.7346
chr1	168507	168508	0.6466
chr1	168533	168534	0.7388
chr1	168564	168565	0.5843
chr1	168579	168580	0.5749
chr1	168598	168599	0.4774
chr1	168628	168629	0.685
chr1	168643	168644	0.487
chr1	168688	168689	0.5406
chr1	168720	168721	0.5588
chr1	168744	168745	0.3522
chr1	168773	168774	0.7096
chr1	168795	168796	0.4874
chr1	168810	168811	0.5227
chr1	168843	168844	0.5519
chr1	168858	168859	0.6017
chr1	168863	168864	0.5189
chr1	168963	168964	0.6764
chr1	169053	169054	0.6242
chr1	169153	169154	0.4717
chr1	169204	169205	0.5204
chr1	169254	169255	0.5135
chr1	169288	169289	0.571
chr1	169336	169337	0.704
chr1	169368	169369	0.6405
chr1	169600	169601	0.5513
chr1	169686	169687	0.3926
chr1	169716	169717	0.5431
chr1	169724	169725	0.6387
chr1	169734	169735	0.7733
chr1	169777	169778	0.8852
chr1	169799	169800	0.8851
chr1	169849	169850	0.8852
chr1	169887	169888	0.9573
chr1	169920	169921	0.8907
chr1	169945	169946	0.9149
chr1	169978	169979	0.8231
chr1	170028	170029	0.8248
chr1	170043	170044	0.9054
chr1	170060	170061	0.8611
chr1	170110	170111	0.8718
chr1	170125	170126	0.8502
chr1	170139	170140	0.7873
chr1	170239	170240	0.9195
chr1	170339	170340	0.9049
chr1	170404	170405	0.8113
chr1	170504	170505	0.6864
chr1	170614	170615	0.8907
chr1	170658	170659	0.832
chr1	170766	170767	0.7808
chr1	170778	170779	0.8258
chr1	170830	170831	0.885
chr1	170928	170929	0.8143
chr1	170930	170931	0.7453
chr1	170984	170985	0.9212
chr1	171029	171030	0.8148
chr1	171054	171055	0.753
chr1	171082	171083	0.6846
chr1	171110	171111	0.4587
chr1	171152	171153	0.6526
chr1	171172	171173	0.5539
chr1	171196	171197	0.6247
chr1	171211	171212	0.6019
chr1	171229	171230	0.6986
chr1	171256	171257	0.6063
chr1	171280	171281	0.6359
chr1	171295	171296	0.7721
chr1	171334	171335	0.7175
chr1	171353	171354	0.6182
chr1	171368	171369	0.7124
chr1	171404	171405	0.7548
chr1	171450	171451	0.6563
chr1	171465	171466	0.6981
chr1	171507	171508	0.6625
chr1	171534	171535	0.6989
chr1	171541	171542	0.7167
chr1	171592	171593	0.7287
chr1	171683	171684	0.751
chr1	171778	171779	0.8292
chr1	171878	171879	0.6033
chr1	171978	171979	0.6648
chr1	172014	172015	0.7296
chr1	172020	172021	0.767
chr1	172070	172071	0.7436
chr1	172110	172111	0.562
chr1	172129	172130	0.7082
chr1	172144	172145	0.6165
chr1	172194	172195	0.8443
chr1	172221	172222	0.8533
chr1	172254	172255	0.8721
chr1	172286	172287	0.882
chr1	172326	172327	0.8229
chr1	172341	172342	0.5733
chr1	172376	172377	0.8139
chr1	172397	172398	0.9102
chr1	172423	172424	0.8258
chr1	172446	172447	0.7386
chr1	172466	172467	0.6097
chr1	172481	172482	0.7787
chr1	172503	172504	0.7437
chr1	172540	172541	0.7572
chr1	172573	172574	0.5955
chr1	172673	172674	0.8881
chr1	172723	172724	0.7635
chr1	172823	172824	0.6904
chr1	172923	172924	0.8381
chr1	172975	172976	0.8067
chr1	173025	173026	0.7777
chr1	173125	173126	0.6551
chr1	173195	173196	0.6692
chr1	173267	173268	0.7368
chr1	173289	173290	0.8911
chr1	173299	173300	0.656
chr1	173357	173358	0.7838
chr1	173491	173492	0.6352
chr1	173529	173530	0.6605
chr1	173569	173570	0.6628
chr1	173599	173600	0.7264
chr1	173630	173631	0.28
chr1	173646	173647	0.2583
chr1	173666	173667	0.1192
chr1	173704	173705	0.0455
chr1	173735	173736	0.356
chr1	173767	173768	0.0479
chr1	173789	173790	0.138
chr1	173818	173819	0.1792
chr1	173857	173858	0.3062
chr1	173875	173876	0.2798
chr1	173907	173908	0.1928
chr1	173922	173923	0.1363
chr1	173972	173973	0.1332
chr1	174002	174003	0.0454
chr1	174052	174053	0.3131
chr1	174066	174067	0.3266
chr1	174166	174167	0.3
chr1	174255	174256	0.2679
chr1	174332	174333	0.0658
chr1	174432	174433	0.1184
chr1	174496	174497	0.2615
chr1	174498	174499	0.3201
chr1	174503	174504	0.8281
chr1	174537	174538	0.7682
chr1	174579	174580	0.5621
chr1	174595	174596	0.7357
chr1	174628	174629	0.7092
chr1	174678	174679	0.7994
chr1	174696	174697	0.8067
chr1	174714	174715	0.8439
chr1	174748	174749	0.7295
chr1	174763	174764	0.5539
chr1	174796	174797	0.7401
chr1	174824	174825	0.8
chr1	174874	174875	0.8379
chr1	174919	174920	0.7212
chr1	174957	174958	0.7042
chr1	174995	174996	0.5649
chr1	175011	175012	0.7212
chr1	175014	175015	0.6981
chr1	175114	175115	0.8231
chr1	175191	175192	0.7959
chr1	175241	175242	0.6574
chr1	175331	175332	0.7675
chr1	175431	175432	0.6078
chr1	175517	175518	0.7909
chr1	175519	175520	0.6166
chr1	175609	175610	0.8358
chr1	175703	175704	0.6841
chr1	175721	175722	0.7857
chr1	175727	175728	0.8098
chr1	175871	175872	0.8473
chr1	175921	175922	0.7942
chr1	175933	175934	0.709
chr1	175964	175965	0.7747
chr1	175979	175980	0.6739
chr1	176000	176001	0.5638
chr1	176029	176030	0.5923
chr1	176052	176053	0.7301
chr1	176102	176103	0.7031
chr1	176152	176153	0.5745
chr1	176177	176178	0.6091
chr1	176209	176210	0.7522
chr1	176224	176225	0.7949
chr1	176253	176254	0.6619
chr1	176303	176304	0.6454
chr1	176325	176326	0.6003
chr1	176351	176352	0.6359
chr1	176366	176367	0.7186
chr1	176389	176390	0.6875
chr1	176404	176405	0.7258
chr1	176419	176420	0.7465
chr1	176469	176470	0.6067
chr1	176478	176479	0.7547
chr1	176578	176579	0.7634
chr1	176654	176655	0.7397
chr1	176723	176724	0.7352
chr1	176823	176824	0.636
chr1	176923	176924	0.5433
chr1	176977	176978	0.6234
chr1	177003	177004	0.6203
chr1	177067	177068	0.6947
chr1	177091	177092	0.1326
chr1	177126	177127	0.1533
chr1	177147	177148	0.1028
chr1	177197	177198	0.263
chr1	177216	177217	0.0941
chr1	177250	177251	0.022
chr1	177268	177269	0.1659
chr1	177286	177287	0.0
chr1	177301	177302	0.086
chr1	177336	177337	0.1875
chr1	177357	177358	0.032
chr1	177379	177380	0.0719
chr1	177416	177417	0.1973
chr1	177466	177467	0.0759
chr1	177496	177497	0.2034
chr1	177523	177524	0.1321
chr1	177551	177552	0.0348
chr1	177584	177585	0.0464
chr1	177618	177619	0.0794
chr1	177632	177633	0.0082
chr1	177690	177691	0.0877
chr1	177740	177741	0.0369
chr1	177806	177807	0.1731
chr1	177884	177885	0.0634
chr1	177934	177935	0.2114
chr1	178034	178035	0.1402
chr1	178134	178135	0.0316
chr1	178222	178223	0.1483
chr1	178266	178267	0.0273
chr1	178290	178291	0.0747
chr1	178305	178306	0.0406
chr1	178328	178329	0.015
chr1	178361	178362	0.0702
chr1	178403	178404	0.1291
chr1	178423	178424	0.0
chr1	178455	178456	0.2682
chr1	178479	178480	0.0851
chr1	178517	178518	0.1089
chr1	178543	178544	0.2388
chr1	178581	178582	0.1549
chr1	178609	178610	0.1132
chr1	178658	178659	0.0
chr1	178706	178707	0.0364
chr1	178756	178757	0.0183
chr1	178855	178856	0.1783
chr1	178926	178927	0.0677
chr1	179026	179027	0.0
chr1	179076	179077	0.0803
chr1	179082	179083	0.1336
chr1	179092	179093	0.1049
chr1	179140	179141	0.9052
chr1	179167	179168	0.908
chr1	179197	179198	0.6348
chr1	179225	179226	0.8267
chr1	179275	179276	0.8303
chr1	179300	179301	0.9151
chr1	179328	179329	0.8749
chr1	179378	179379	1.0
chr1	179402	179403	0.8939
chr1	179426	179427	0.773
chr1	179471	179472	0.8393
chr1	179511	179512	0.6618
chr1	179526	179527	0.7298
chr1	179541	179542	0.9247
chr1	179579	179580	0.709
chr1	179597	179598	0.8027
chr1	179633	179634	0.827
chr1	179654	179655	0.8713
chr1	179672	179673	0.8081
chr1	179772	179773	0.8712
chr1	179822	179823	0.8079
chr1	179922	179923	0.802
chr1	180022	180023	0.9345
chr1	180122	180123	0.8884
chr1	180195	180196	0.8588
chr1	180223	180224	0.745
chr1	180229	180230	0.8075
chr1	180279	180280	0.8591
chr1	180303	180304	0.8167
chr1	180323	180324	0.8603
chr1	180343	180344	0.6958
chr1	180389	180390	0.8261
chr1	180435	180436	0.9682
chr1	180469	180470	0.921
chr1	180491	180492	0.8371
chr1	180508	180509	0.7266
chr1	180526	180527	0.7535
chr1	180555	180556	0.9884
chr1	180599	180600	0.5724
chr1	180614	180615	0.7403
chr1	180644	180645	0.9122
chr1	180670	180671	0.7367
chr1	180686	180687	0.9256
chr1	180688	180689	0.8298
chr1	180767	180768	0.7954
chr1	180867	180868	0.7359
chr1	180917	180918	0.9307
chr1	181017	181018	0.5279
chr1	181096	181097	0.8339
chr1	181240	181241	0.8648
chr1	181370	181371	0.778
chr1	181384	181385	0.7613
chr1	181502	181503	0.9279
chr1	181552	181553	0.6745
chr1	181562	181563	0.6422
chr1	181567	181568	0.8708
chr1	181582	181583	0.8407
chr1	181599	181600	1.0
chr1	181636	181637	0.8864
chr1	181686	181687	0.9838
chr1	181736	181737	0.9589
chr1	181756	181757	1.0
chr1	181795	181796	0.9594
chr1	181821	181822	0.9249
chr1	181845	181846	0.9428
chr1	181883	181884	0.8177
chr1	181919	181920	0.8999
chr1	181934	181935	0.9293
chr1	181960	181961	0.8454
chr1	181991	181992	0.8939
chr1	182025	182026	0.953
chr1	182075	182076	0.9609
chr1	182106	182107	0.9425
chr1	182114	182115	0.9353
chr1	182203	182204	0.8278
chr1	182293	182294	0.8729
chr1	182393	182394	0.9727
chr1	182493	182494	0.9762
chr1	182593	182594	0.9784
chr1	182607	182608	0.9616
chr1	182759	182760	0.9131
chr1	182819	182820	0.8427
chr1	182885	182886	0.9763
chr1	183073	183074	0.9123
chr1	183082	183083	0.8689
chr1	183125	183126	0.7726
chr1	183140	183141	0.8586
chr1	183183	183184	1.0
chr1	183229	183230	0.9029
chr1	183273	183274	0.9632
chr1	183291	183292	0.7734
chr1	183316	183317	0.752
chr1	183351	183352	0.9991
chr1	183380	183381	0.8049
chr1	183403	183404	0.6737
chr1	183428	183429	0.748
chr1	183455	183456	0.838
chr1	183505	183506	0.8532
chr1	183526	183527	0.8954
chr1	183548	183549	0.9968
chr1	183598	183599	0.8158
chr1	183625	183626	0.7517
chr1	183635	183636	0.9261
chr1	183735	183736	0.8956
chr1	183788	183789	0.934
chr1	183888	183889	0.8958
chr1	183988	183989	0.8162
chr1	184052	184053	0.7341
chr1	184152	184153	0.7958
chr1	184168	184169	0.7721
chr1	184228	184229	0.8814
chr1	184248	184249	0.9467
chr1	184258	184259	0.8911
chr1	184266	184267	0.6875
chr1	184306	184307	0.7525
chr1	184350	184351	0.7831
chr1	184358	184359	0.7728
chr1	184446	184447	0.7469
chr1	184488	184489	0.8308
chr1	184510	184511	0.8547
chr1	184526	184527	0.8661
chr1	184568	184569	0.8023
chr1	184618	184619	1.0
chr1	184645	184646	0.9794
chr1	184685	184686	0.8512
chr1	184711	184712	0.8097
chr1	184746	184747	0.912
chr1	184796	184797	0.9209
chr1	184826	184827	0.9143
chr1	184854	184855	0.7899
chr1	184884	184885	0.8791
chr1	184916	184917	0.8873
chr1	184955	184956	0.9224
chr1	184998	184999	0.8478
chr1	185019	185020	0.9239
chr1	185047	185048	0.9312
chr1	185056	185057	0.8877
chr1	185149	185150	0.7968
chr1	185206	185207	0.9943
chr1	185306	185307	0.8797
chr1	185406	185407	0.9486
chr1	185506	185507	0.9761
chr1	185573	185574	0.7497
chr1	185585	185586	0.8939
chr1	185587	185588	0.79
chr1	185623	185624	0.7184
chr1	185651	185652	0.5707
chr1	185675	185676	0.7232
chr1	185693	185694	0.5304
chr1	185733	185734	0.5738
chr1	185769	185770	0.5119
chr1	185800	185801	0.6958
chr1	185831	185832	0.6761
chr1	185846	185847	0.6502
chr1	185896	185897	0.6076
chr1	185922	185923	0.6809
chr1	185952	185953	0.7475
chr1	186002	186003	0.6797
chr1	186021	186022	0.7379
chr1	186048	186049	0.5577
chr1	186078	186079	0.4569
chr1	186125	186126	0.6352
chr1	186152	186153	0.7316
chr1	186175	186176	0.6105
chr1	186225	186226	0.7582
chr1	186315	186316	0.7297
chr1	186411	186412	0.6446
chr1	186511	186512	0.7434
chr1	186607	186608	0.62
chr1	186707	186708	0.4958
chr1	186725	186726	0.6324
chr1	186771	186772	0.6976
chr1	186793	186794	0.9486
chr1	186843	186844	0.953
chr1	186885	186886	0.8166
chr1	186909	186910	0.9019
chr1	186959	186960	0.9313
chr1	186980	186981	0.8871
chr1	187011	187012	0.6998
chr1	187029	187030	0.6997
chr1	187056	187057	0.7601
chr1	187085	187086	0.741
chr1	187111	187112	0.7615
chr1	187127	187128	0.7258
chr1	187151	187152	0.7344
chr1	187171	187172	0.8618
chr1	187200	187201	0.7848
chr1	187230	187231	0.8941
chr1	187237	187238	0.7532
chr1	187293	187294	0.9369
chr1	187393	187394	0.8198
chr1	187493	187494	0.8679
chr1	187593	187594	0.8779
chr1	187660	187661	0.7537
chr1	187672	187673	0.8667
chr1	187693	187694	0.707
chr1	187709	187710	0.5834
chr1	187729	187730	0.6222
chr1	187752	187753	0.7993
chr1	187797	187798	0.6664
chr1	187815	187816	0.8323
chr1	187865	187866	0.779
chr1	187915	187916	0.729
chr1	187947	187948	0.6411
chr1	187970	187971	0.552
chr1	187989	187990	0.6031
chr1	188016	188017	0.5423
chr1	188038	188039	0.6814
chr1	188077	188078	0.6653
chr1	188127	188128	0.6212
chr1	188147	188148	0.7922
chr1	188162	188163	0.8857
chr1	188203	188204	0.6676
chr1	188219	188220	0.5845
chr1	188235	188236	0.608
chr1	188298	188299	0.6651
chr1	188354	188355	0.5817
chr1	188454	188455	0.6622
chr1	188524	188525	0.8709
chr1	188624	188625	0.6942
chr1	188710	188711	0.8232
chr1	188726	188727	0.724
chr1	188800	188801	0.614
chr1	188823	188824	0.934
chr1	188855	188856	0.9347
chr1	188877	188878	0.9585
chr1	188912	188913	0.9307
chr1	188942	188943	0.9344
chr1	188992	188993	1.0
chr1	189020	189021	0.8578
chr1	189062	189063	0.9953
chr1	189081	189082	0.8674
chr1	189112	189113	0.8429
chr1	189148	189149	0.9719
chr1	189167	189168	0.9847
chr1	189201	189202	1.0
chr1	189218	189219	0.8551
chr1	189233	189234	1.0
chr1	189266	189267	0.8175
chr1	189315	189316	0.8807
chr1	189318	189319	0.9244
chr1	189418	189419	0.9698
chr1	189518	189519	1.0
chr1	189568	189569	0.9828
chr1	189661	189662	0.9319
chr1	189711	189712	0.9361
chr1	189811	189812	0.828
chr1	189829	189830	0.9548
chr1	189847	189848	0.861
chr1	189867	189868	0.1749
chr1	189917	189918	0.0236
chr1	189932	189933	0.057
chr1	189982	189983	0.0696
chr1	190007	190008	0.078
chr1	190057	190058	0.0408
chr1	190082	190083	0.0455
chr1	190104	190105	0.0809
chr1	190128	190129	0.0791
chr1	190159	190160	0.1392
chr1	190174	190175	0.1782
chr1	190222	190223	0.1632
chr1	190256	190257	0.0014
chr1	190271	190272	0.0232
chr1	190286	190287	0.2286
chr1	190312	190313	0.0035
chr1	190331	190332	0.1489
chr1	190346	190347	0.12
chr1	190350	190351	0.1228
chr1	190450	190451	0.0
chr1	190500	190501	0.0321
chr1	190600	190601	0.2473
chr1	190691	190692	0.064
chr1	190769	190770	0.1071
chr1	190841	190842	0.1073
chr1	190853	190854	0.6549
chr1	190872	190873	0.6845
chr1	190917	190918	0.6903
chr1	190947	190948	0.7116
chr1	190983	190984	0.6183
chr1	191005	191006	0.7301
chr1	191046	191047	0.7034
chr1	191096	191097	0.7083
chr1	191128	191129	0.8126
chr1	191145	191146	0.7768
chr1	191189	191190	0.9081
chr1	191215	191216	0.6523
chr1	191260	191261	0.6371
chr1	191275	191276	0.7051
chr1	191300	191301	0.7802
chr1	191316	191317	0.791
chr1	191336	191337	0.7933
chr1	191356	191357	0.7523
chr1	191406	191407	0.799
chr1	191425	191426	0.7914
chr1	191525	191526	0.879
chr1	191625	191626	0.8502
chr1	191725	191726	0.6986
chr1	191825	191826	0.6222
chr1	191925	191926	0.6144
chr1	191949	191950	0.6926
chr1	191957	191958	0.8877
chr1	191976	191977	0.7505
chr1	191997	191998	0.8737
chr1	192012	192013	0.958
chr1	192029	192030	0.9274
chr1	192065	192066	0.9194
chr1	192080	192081	1.0
chr1	192114	192115	0.9444
chr1	192146	192147	0.7903
chr1	192161	192162	0.8614
chr1	192203	192204	0.8453
chr1	192222	192223	0.8534
chr1	192260	192261	0.8941
chr1	192310	192311	0.7533
chr1	192349	192350	0.804
chr1	192398	192399	0.7793
chr1	192446	192447	0.7867
chr1	192469	192470	0.7248
chr1	192544	192545	0.8244
chr1	192594	192595	0.8682
chr1	192674	192675	0.9532
chr1	192760	192761	0.9029
chr1	192860	192861	0.7805
chr1	192958	192959	0.9017
chr1	193062	193063	0.8208
chr1	193088	193089	0.8078
chr1	193090	193091	0.7492
chr1	193098	193099	0.867
chr1	193266	193267	0.9123
chr1	193284	193285	0.8477
chr1	193300	193301	0.8252
chr1	193402	193403	0.877
chr1	193421	193422	0.6986
chr1	193454	193455	0.7418
chr1	193474	193475	0.8361
chr1	193492	193493	0.6653
chr1	193510	193511	0.7986
chr1	193525	193526	0.7051
chr1	193543	193544	0.6729
chr1	193567	193568	0.7313
chr1	193593	193594	0.8593
chr1	193635	193636	0.7158
chr1	193650	193651	0.7877
chr1	193666	193667	0.6862
chr1	193687	193688	0.6519
chr1	193724	193725	0.7911
chr1	193744	193745	0.7469
chr1	193763	193764	0.6488
chr1	193791	193792	0.712
chr1	193841	193842	0.6647
chr1	193872	193873	0.6046
chr1	193890	193891	0.8207
chr1	193907	193908	0.8233
chr1	193957	193958	0.8483
chr1	194057	194058	0.7705
chr1	194157	194158	0.8005
chr1	194257	194258	0.7597
chr1	194357	194358	0.6762
chr1	194405	194406	0.7737
chr1	194443	194444	0.6885
chr1	194453	194454	0.9944
chr1	194494	194495	0.9177
chr1	194522	194523	0.8278
chr1	194549	194550	0.7885
chr1	194593	194594	0.8659
chr1	194643	194644	0.8816
chr1	194684	194685	1.0
chr1	194716	194717	0.8575
chr1	194731	194732	0.8639
chr1	194761	194762	0.927
chr1	194780	194781	0.9501
chr1	194815	194816	0.9268
chr1	194839	194840	0.7997
chr1	194889	194890	0.7996
chr1	194939	194940	0.9144
chr1	194980	194981	0.8957
chr1	194991	194992	0.877
chr1	195052	195053	0.7556
chr1	195152	195153	0.7757
chr1	195244	195245	0.8137
chr1	195344	195345	0.8446
chr1	195394	195395	0.6896
chr1	195444	195445	0.8695
chr1	195528	195529	0.8841
chr1	195554	195555	0.7169
chr1	195562	195563	0.966
chr1	195606	195607	0.8785
chr1	195714	195715	0.8386
chr1	195716	195717	0.8019
chr1	195790	195791	0.8553
chr1	195852	195853	0.9512
chr1	195906	195907	0.9021
chr1	195924	195925	0.9344
chr1	195952	195953	0.6982
chr1	195965	195966	1.0
chr1	195980	195981	0.9818
chr1	196001	196002	0.973
chr1	196051	196052	0.9479
chr1	196066	196067	0.9784
chr1	196091	196092	0.9176
chr1	196110	196111	0.9015
chr1	196147	196148	0.7987
chr1	196169	196170	0.9682
chr1	196202	196203	1.0
chr1	196252	196253	0.9035
chr1	196281	196282	0.9234
chr1	196302	196303	0.9202
chr1	196352	196353	1.0
chr1	196377	196378	0.9859
chr1	196417	196418	0.9768
chr1	196436	196437	1.0
chr1	196536	196537	0.9194
chr1	196636	196637	0.8856
chr1	196736	196737	0.9536
chr1	196816	196817	0.9234
chr1	196910	196911	0.8331
chr1	196949	196950	0.7902
chr1	196967	196968	0.6521
chr1	196988	196989	0.7459
chr1	197025	197026	0.792
chr1	197065	197066	0.7934
chr1	197083	197084	0.7488
chr1	197133	197134	0.7468
chr1	197166	197167	0.5556
chr1	197205	197206	0.85
chr1	197241	197242	0.7167
chr1	197256	197257	0.7006
chr1	197306	197307	0.8054
chr1	197356	197357	0.7452
chr1	197382	197383	0.6829
chr1	197432	197433	0.8557
chr1	197465	197466	0.7724
chr1	197471	197472	0.7367
chr1	197560	197561	0.7581
chr1	197651	197652	0.8517
chr1	197751	197752	0.7395
chr1	197851	197852	0.6581
chr1	197951	197952	0.8058
chr1	197961	197962	0.687
chr1	197999	198000	0.7216
chr1	198014	198015	0.7666
chr1	198033	198034	0.792
chr1	198072	198073	0.7521
chr1	198122	198123	0.7888
chr1	198157	198158	0.9668
chr1	198183	198184	0.783
chr1	198233	198234	0.7925
chr1	198256	198257	0.7692
chr1	198276	198277	0.8606
chr1	198321	198322	0.669
chr1	198371	198372	0.888
chr1	198386	198387	0.8316
chr1	198436	198437	0.8227
chr1	198483	198484	0.8174
chr1	198528	198529	0.8587
chr1	198574	198575	0.6648
chr1	198605	198606	0.8225
chr1	198705	198706	0.6
chr1	198791	198792	0.8694
chr1	198841	198842	0.6587
chr1	198899	198900	0.8803
chr1	198999	199000	0.7885
chr1	199099	199100	0.9464
chr1	199162	199163	0.7823
chr1	199186	199187	0.8001
chr1	199196	199197	0.2149
chr1	199246	199247	0.1889
chr1	199274	199275	0.1458
chr1	199291	199292	0.2071
chr1	199338	199339	0.2728
chr1	199353	199354	0.0734
chr1	199377	199378	0.3103
chr1	199421	199422	0.0792
chr1	199436	199437	0.0768
chr1	199477	199478	0.0783
chr1	199503	199504	0.1833
chr1	199540	199541	0.1408
chr1	199566	199567	0.0987
chr1	199581	199582	0.1159
chr1	199631	199632	0.1972
chr1	199652	199653	0.1951
chr1	199683	199684	0.1293
chr1	199733	199734	0.1435
chr1	199775	199776	0.0433
chr1	199825	199826	0.1616
chr1	199925	199926	0.2767
chr1	199975	199976	0.1884
chr1	200075	200076	0.1256
chr1	200175	200176	0.1179
chr1	200275	200276	0.2792
chr1	200321	200322	0.0517
chr1	200467	200468	0.0781
chr1	200703	200704	0.1966
chr1	200711	200712	0.1328
chr1	200721	200722	0.188
chr1	200747	200748	0.05
chr1	200756	200757	0.6391
chr1	200771	200772	0.6971
chr1	200787	200788	0.6523
chr1	200837	200838	0.7668
chr1	200871	200872	0.8483
chr1	200921	200922	0.6651
chr1	200971	200972	0.8611
chr1	200994	200995	0.8825
chr1	201011	201012	0.9359
chr1	201061	201062	0.8026
chr1	201092	201093	0.636
chr1	201127	201128	0.9567
chr1	201156	201157	0.5288
chr1	201204	201205	0.8414
chr1	201247	201248	0.753
chr1	201268	201269	0.6012
chr1	201279	201280	0.6894
chr1	201329	201330	0.6318
chr1	201429	201430	0.761
chr1	201529	201530	0.9002
chr1	201629	201630	0.7377
chr1	201721	201722	0.7318
chr1	201798	201799	0.8398
chr1	201842	201843	0.8587
chr1	201874	201875	0.7195
chr1	201878	201879	0.6535
chr1	201898	201899	0.8121
chr1	201940	201941	0.8729
chr1	202078	202079	0.8302
chr1	202138	202139	0.9345
chr1	202232	202233	0.8552
chr1	202276	202277	0.7275
chr1	202294	202295	0.796
chr1	202332	202333	0.764
chr1	202370	202371	0.7123
chr1	202390	202391	0.8674
chr1	202410	202411	0.7816
chr1	202443	202444	0.8086
chr1	202458	202459	0.8444
chr1	202495	202496	0.928
chr1	202516	202517	0.8377
chr1	202560	202561	0.8035
chr1	202581	202582	0.6718
chr1	202631	202632	0.9397
chr1	202681	202682	0.8672
chr1	202706	202707	0.6659
chr1	202733	202734	0.7361
chr1	202756	202757	0.7771
chr1	202795	202796	0.82
chr1	202845	202846	0.6699
chr1	202850	202851	1.0
chr1	202900	202901	0.7707
chr1	203000	203001	0.7123
chr1	203100	203101	0.7302
chr1	203190	203191	0.8733
chr1	203290	203291	0.724
chr1	203308	203309	0.8198
chr1	203384	203385	0.7376
chr1	203428	203429	0.8872
chr1	203478	203479	0.8763
chr1	203495	203496	0.9061
chr1	203545	203546	0.8623
chr1	203576	203577	0.9196
chr1	203594	203595	0.8472
chr1	203644	203645	0.8108
chr1	203676	203677	0.8722
chr1	203713	203714	0.8123
chr1	203738	203739	0.8704
chr1	203780	203781	1.0
chr1	203826	203827	1.0
chr1	203849	203850	0.9616
chr1	203867	203868	0.8566
chr1	203907	203908	0.8158
chr1	203924	203925	0.8773
chr1	203940	203941	0.8255
chr1	204040	204041	0.9613
chr1	204140	204141	0.9401
chr1	204190	204191	0.8697
chr1	204290	204291	1.0
chr1	204373	204374	0.9576
chr1	204423	204424	1.0
chr1	204455	204456	0.8112
chr1	204468	204469	0.8482
chr1	204513	204514	0.5722
chr1	204539	204540	0.8718
chr1	204562	204563	0.7689
chr1	204584	204585	0.7721
chr1	204608	204609	0.8058
chr1	204658	204659	0.7146
chr1	204676	204677	0.7097
chr1	204726	204727	0.5816
chr1	204750	204751	0.6334
chr1	204791	204792	0.6816
chr1	204833	204834	0.8096
chr1	204883	204884	0.7526
chr1	204901	204902	0.6584
chr1	204979	204980	0.7664
chr1	205050	205051	0.7616
chr1	205100	205101	0.6797
chr1	205150	205151	0.69
chr1	205200	205201	0.638
chr1	205300	205301	0.7754
chr1	205324	205325	0.7398
chr1	205333	205334	0.9587
chr1	205383	205384	0.97
chr1	205418	205419	0.8148
chr1	205468	205469	0.8501
chr1	205492	205493	0.8482
chr1	205529	205530	0.919
chr1	205549	205550	0.7178
chr1	205597	205598	0.7156
chr1	205633	205634	0.978
chr1	205650	205651	0.8509
chr1	205669	205670	0.9507
chr1	205687	205688	0.9016
chr1	205727	205728	0.7404
chr1	205745	205746	0.8314
chr1	205845	205846	0.7797
chr1	205945	205946	0.9962
chr1	206045	206046	0.8849
chr1	206145	206146	0.8684
chr1	206207	206208	0.8887
chr1	206303	206304	0.975
chr1	206375	206376	0.9437
chr1	206387	206388	0.9388
chr1	206397	206398	0.9267
chr1	206465	206466	0.9759
chr1	206539	206540	0.8665
chr1	206609	206610	0.9355
chr1	206618	206619	0.0215
chr1	206653	206654	0.0373
chr1	206681	206682	0.0
chr1	206731	206732	0.0702
chr1	206746	206747	0.0754
chr1	206796	206797	0.0449
chr1	206816	206817	0.0348
chr1	206856	206857	0.0975
chr1	206877	206878	0.0046
chr1	206899	206900	0.0235
chr1	206931	206932	0.0
chr1	206948	206949	0.0
chr1	206976	206977	0.0655
chr1	207009	207010	0.0
chr1	207024	207025	0.0284
chr1	207040	207041	0.0
chr1	207060	207061	0.0083
chr1	207110	207111	0.0318
chr1	207129	207130	0.0
chr1	207145	207146	0.0405
chr1	207245	207246	0.0
chr1	207317	207318	0.0
chr1	207382	207383	0.0119
chr1	207482	207483	0.0
chr1	207541	207542	0.0554
chr1	207641	207642	0.0
chr1	207713	207714	0.0235
chr1	207863	207864	0.0823
chr1	207911	207912	0.1317
chr1	208077	208078	0.0533
chr1	208141	208142	0.1023
chr1	208173	208174	0.8053
chr1	208205	208206	0.6718
chr1	208255	208256	0.5877
chr1	208287	208288	0.753
chr1	208324	208325	0.5914
chr1	208339	208340	0.5015
chr1	208360	208361	0.8223
chr1	208386	208387	0.741
chr1	208413	208414	0.7666
chr1	208435	208436	0.7228
chr1	208474	208475	0.5923
chr1	208495	208496	0.6602
chr1	208516	208517	0.7798
chr1	208545	208546	0.6568
chr1	208587	208588	0.6315
chr1	208604	208605	0.656
chr1	208643	208644	0.5411
chr1	208681	208682	0.7288
chr1	208704	208705	0.7451
chr1	208764	208765	0.5856
chr1	208840	208841	0.7418
chr1	208935	208936	0.7262
chr1	209035	209036	0.6606
chr1	209128	209129	0.7257
chr1	209228	209229	0.7461
chr1	209292	209293	0.6569
chr1	209326	209327	0.0
chr1	209368	209369	0.0557
chr1	209387	209388	0.1208
chr1	209405	209406	0.17
chr1	209432	209433	0.0756
chr1	209464	209465	0.0
chr1	209514	209515	0.0381
chr1	209541	209542	0.0
chr1	209573	209574	0.1473
chr1	209591	209592	0.1017
chr1	209633	209634	0.0467
chr1	209651	209652	0.0
chr1	209670	209671	0.0
chr1	209685	209686	0.1262
chr1	209727	209728	0.2275
chr1	209751	209752	0.0
chr1	209783	209784	0.0451
chr1	209818	209819	0.0785
chr1	209857	209858	0.1022
chr1	209918	209919	0.2
chr1	210018	210019	0.0058
chr1	210118	210119	0.0833
chr1	210216	210217	0.1749
chr1	210316	210317	0.0953
chr1	210322	210323	0.0049
chr1	210404	210405	0.0549
chr1	210439	210440	0.6817
chr1	210465	210466	0.7881
chr1	210480	210481	0.8582
chr1	210499	210500	0.7305
chr1	210549	210550	0.7138
chr1	210590	210591	0.6565
chr1	210615	210616	0.5544
chr1	210660	210661	0.8247
chr1	210675	210676	0.8315
chr1	210721	210722	0.7412
chr1	210771	210772	0.7697
chr1	210792	210793	0.7242
chr1	210833	210834	0.5786
chr1	210883	210884	0.7102
chr1	210898	210899	0.8711
chr1	210916	210917	0.8484
chr1	210943	210944	0.8661
chr1	210985	210986	0.7344
chr1	211004	211005	0.7323
chr1	211104	211105	0.7936
chr1	211203	211204	0.6391
chr1	211267	211268	0.7775
chr1	211317	211318	0.8415
chr1	211417	211418	0.6685
chr1	211504	211505	0.6474
chr1	211564	211565	0.776
chr1	211578	211579	0.5578
chr1	211617	211618	0.8432
chr1	211657	211658	0.7878
chr1	211701	211702	0.7635
chr1	211748	211749	0.8775
chr1	211763	211764	0.6491
chr1	211812	211813	0.6644
chr1	211845	211846	0.7685
chr1	211893	211894	0.7761
chr1	211943	211944	0.7082
chr1	211990	211991	0.6976
chr1	212015	212016	0.9019
chr1	212056	212057	0.6119
chr1	212156	212157	0.6766
chr1	212217	212218	0.9357
chr1	212271	212272	0.7174
chr1	212371	212372	0.5684
chr1	212471	212472	0.7677
chr1	212561	212562	0.7928
chr1	212595	212596	0.8647
chr1	212611	212612	0.9158
chr1	212650	212651	0.8827
chr1	212697	212698	0.7452
chr1	212740	212741	0.9278
chr1	212790	212791	0.9521
chr1	212806	212807	0.731
chr1	212843	212844	0.8437
chr1	212893	212894	0.9552
chr1	212943	212944	0.847
chr1	212983	212984	0.921
chr1	213033	213034	0.8019
chr1	213055	213056	0.931
chr1	213070	213071	0.7736
chr1	213102	213103	1.0
chr1	213200	213201	1.0
chr1	213299	213300	0.9598
chr1	213399	213400	0.8575
chr1	213472	213473	0.7549
chr1	213572	213573	0.8671
chr1	213640	213641	0.727
chr1	213668	213669	0.9327
chr1	213675	213676	0.0105
chr1	213700	213701	0.248
chr1	213725	213726	0.1148
chr1	213741	213742	0.1346
chr1	213782	213783	0.2378
chr1	213804	213805	0.2298
chr1	213833	213834	0.193
chr1	213883	213884	0.1265
chr1	213898	213899	0.095
chr1	213923	213924	0.1299
chr1	213959	213960	0.0838
chr1	213990	213991	0.0745
chr1	214005	214006	0.1823
chr1	214031	214032	0.0
chr1	214081	214082	0.1012
chr1	214113	214114	0.0
chr1	214135	214136	0.195
chr1	214158	214159	0.1007
chr1	214165	214166	0.1419
chr1	214265	214266	0.1627
chr1	214365	214366	0.1917
chr1	214427	214428	0.0005
chr1	214527	214528	0.0465
chr1	214621	214622	0.1134
chr1	214735	214736	0.2349
chr1	214795	214796	0.0908
chr1	214837	214838	0.1076
chr1	214863	214864	0.2161
chr1	214873	214874	0.131
chr1	214887	214888	0.096
chr1	215053	215054	0.1467
chr1	215117	215118	0.0819
chr1	215119	215120	0.1737
