assembly	position	strand	class	mc	h
1	100005	+	CG	30	33
1	100046	+	CG	21	31
1	100096	+	CG	32	35
1	100123	+	CG	29	34
1	100150	+	CG	23	25
1	100200	+	CG	28	34
1	100244	+	CG	27	31
1	100268	+	CG	27	30
1	100307	+	CG	29	37
1	100331	+	CG	35	36
1	100355	+	CG	27	31
1	100389	+	CG	16	24
1	100404	+	CG	24	30
1	100419	+	CG	23	29
1	100442	+	CG	19	21
1	100460	+	CG	23	27
1	100495	+	CG	22	25
1	100514	+	CG	28	37
1	100529	+	CG	25	32
1	100629	+	CG	41	41
1	100716	+	CG	30	36
1	100816	+	CG	28	30
1	100866	+	CG	28	35
1	100938	+	CG	20	27
1	101038	+	CG	26	26
1	101074	+	CG	24	28
1	101182	+	CG	25	31
1	101194	+	CG	32	34
1	101250	+	CG	28	31
1	101344	+	CG	22	23
1	101380	+	CG	20	26
1	101386	+	CG	2	37
1	101425	+	CG	5	27
1	101464	+	CG	2	22
1	101481	+	CG	3	32
1	101529	+	CG	7	24
1	101544	+	CG	6	31
1	101594	+	CG	4	23
1	101610	+	CG	3	33
1	101637	+	CG	0	39
1	101687	+	CG	1	22
1	101719	+	CG	3	29
1	101764	+	CG	3	28
1	101805	+	CG	4	23
1	101808	+	CG	8	29
1	101908	+	CG	2	31
1	101984	+	CG	5	32
1	102084	+	CG	5	33
1	102134	+	CG	3	30
1	102188	+	CG	9	29
1	102314	+	CG	6	26
1	102356	+	CG	0	29
1	102456	+	CG	3	30
1	102472	+	CG	2	34
1	102478	+	CG	0	27
1	102498	+	CG	3	27
1	102504	+	CG	3	22
1	102620	+	CG	7	33
1	102636	+	CG	8	30
1	102684	+	CG	4	29
1	102715	+	CG	6	31
1	102749	+	CG	5	29
1	102799	+	CG	7	30
1	102838	+	CG	6	37
1	102877	+	CG	0	22
1	102927	+	CG	5	29
1	102952	+	CG	6	29
1	102972	+	CG	10	31
1	102990	+	CG	2	37
1	103005	+	CG	6	30
1	103055	+	CG	0	37
1	103072	+	CG	10	36
1	103099	+	CG	9	33
1	103103	+	CG	10	37
1	103203	+	CG	5	24
1	103303	+	CG	4	27
1	103403	+	CG	10	23
1	103473	+	CG	7	32
1	103563	+	CG	9	37
1	103597	+	CG	2	26
1	103612	+	CG	24	31
1	103638	+	CG	19	20
1	103653	+	CG	27	36
1	103690	+	CG	17	24
1	103723	+	CG	25	30
1	103757	+	CG	24	30
1	103804	+	CG	34	37
1	103854	+	CG	22	24
1	103879	+	CG	33	38
1	103917	+	CG	17	24
1	103952	+	CG	13	19
1	103988	+	CG	22	27
1	104025	+	CG	20	26
1	104075	+	CG	16	27
1	104151	+	CG	22	33
1	104201	+	CG	24	30
1	104267	+	CG	23	28
1	104367	+	CG	24	31
1	104467	+	CG	20	29
1	104541	+	CG	23	32
1	104563	+	CG	22	32
1	104607	+	CG	12	23
1	104629	+	CG	26	35
1	104659	+	CG	26	37
1	104688	+	CG	23	31
1	104703	+	CG	12	22
1	104722	+	CG	24	36
1	104745	+	CG	28	36
1	104760	+	CG	22	33
1	104791	+	CG	19	34
1	104817	+	CG	18	29
1	104832	+	CG	31	43
1	104869	+	CG	19	24
1	104912	+	CG	14	27
1	104946	+	CG	14	29
1	104972	+	CG	16	31
1	105012	+	CG	18	35
1	105054	+	CG	19	27
1	105089	+	CG	22	28
1	105109	+	CG	16	24
1	105143	+	CG	21	32
1	105158	+	CG	19	30
1	105228	+	CG	28	38
1	105328	+	CG	17	25
1	105401	+	CG	15	28
1	105501	+	CG	17	31
1	105568	+	CG	23	28
1	105668	+	CG	18	32
1	105676	+	CG	19	26
1	105762	+	CG	17	27
1	105768	+	CG	22	31
1	105810	+	CG	23	29
1	105839	+	CG	24	37
1	105883	+	CG	17	30
1	105924	+	CG	20	31
1	105951	+	CG	25	30
1	105966	+	CG	19	39
1	105989	+	CG	21	27
1	106039	+	CG	25	37
1	106075	+	CG	22	32
1	106097	+	CG	18	29
1	106131	+	CG	15	27
1	106173	+	CG	28	38
1	106195	+	CG	29	36
1	106235	+	CG	22	34
1	106335	+	CG	16	24
1	106387	+	CG	15	20
1	106487	+	CG	18	25
1	106565	+	CG	26	35
1	106655	+	CG	19	24
1	106679	+	CG	20	32
1	106735	+	CG	21	29
1	106787	+	CG	26	33
1	106915	+	CG	25	33
1	106975	+	CG	22	40
1	106977	+	CG	29	37
1	106987	+	CG	22	31
1	107013	+	CG	20	29
1	107061	+	CG	17	29
1	107149	+	CG	25	34
1	107168	+	CG	14	21
1	107190	+	CG	18	23
1	107231	+	CG	19	23
1	107281	+	CG	24	32
1	107301	+	CG	18	22
1	107335	+	CG	22	33
1	107385	+	CG	18	22
1	107400	+	CG	21	27
1	107445	+	CG	23	26
1	107462	+	CG	13	16
1	107495	+	CG	27	34
1	107545	+	CG	21	29
1	107560	+	CG	22	29
1	107604	+	CG	28	35
1	107654	+	CG	19	25
1	107677	+	CG	21	24
1	107717	+	CG	21	26
1	107767	+	CG	20	29
1	107773	+	CG	28	38
1	107873	+	CG	27	33
1	107973	+	CG	26	35
1	108073	+	CG	20	28
1	108173	+	CG	20	26
1	108228	+	CG	23	27
1	108328	+	CG	21	26
1	108408	+	CG	27	33
1	108416	+	CG	24	34
1	108431	+	CG	23	30
1	108468	+	CG	15	18
1	108500	+	CG	14	21
1	108534	+	CG	19	27
1	108584	+	CG	29	34
1	108622	+	CG	21	27
1	108672	+	CG	18	27
1	108696	+	CG	20	28
1	108711	+	CG	31	37
1	108732	+	CG	16	25
1	108755	+	CG	24	31
1	108805	+	CG	28	33
1	108848	+	CG	19	27
1	108870	+	CG	21	28
1	108915	+	CG	31	36
1	108943	+	CG	24	31
1	108993	+	CG	19	28
1	108995	+	CG	21	25
1	109045	+	CG	26	38
1	109134	+	CG	20	24
1	109216	+	CG	23	30
1	109266	+	CG	21	25
1	109366	+	CG	21	34
1	109466	+	CG	20	27
1	109517	+	CG	32	34
1	109599	+	CG	15	20
1	109601	+	CG	30	35
1	109613	+	CG	28	32
1	109636	+	CG	23	32
1	109668	+	CG	16	18
1	109697	+	CG	20	26
1	109747	+	CG	25	32
1	109773	+	CG	24	29
1	109805	+	CG	25	27
1	109820	+	CG	26	26
1	109855	+	CG	22	28
1	109875	+	CG	28	30
1	109890	+	CG	32	34
1	109940	+	CG	43	44
1	109969	+	CG	24	26
1	109984	+	CG	22	28
1	110004	+	CG	23	23
1	110034	+	CG	25	34
1	110065	+	CG	25	26
1	110088	+	CG	28	35
1	110103	+	CG	26	33
1	110126	+	CG	29	29
1	110127	+	CG	20	27
1	110227	+	CG	21	30
1	110296	+	CG	25	33
1	110396	+	CG	20	26
1	110446	+	CG	23	30
1	110508	+	CG	20	24
1	110608	+	CG	30	35
1	110666	+	CG	25	31
1	110716	+	CG	27	31
1	110741	+	CG	20	26
1	110768	+	CG	37	37
1	110788	+	CG	26	29
1	110810	+	CG	25	33
1	110860	+	CG	24	30
1	110908	+	CG	19	25
1	110923	+	CG	19	29
1	110973	+	CG	30	30
1	111023	+	CG	20	27
1	111049	+	CG	15	25
1	111084	+	CG	24	28
1	111114	+	CG	23	28
1	111164	+	CG	26	32
1	111184	+	CG	25	31
1	111216	+	CG	31	35
1	111240	+	CG	20	23
1	111255	+	CG	29	38
1	111305	+	CG	19	29
1	111318	+	CG	24	29
1	111418	+	CG	18	23
1	111468	+	CG	25	27
1	111547	+	CG	27	32
1	111647	+	CG	26	26
1	111708	+	CG	27	31
1	111808	+	CG	22	25
1	111893	+	CG	21	26
1	111931	+	CG	26	34
1	111971	+	CG	25	27
1	111995	+	CG	3	28
1	112029	+	CG	0	35
1	112067	+	CG	1	29
1	112103	+	CG	1	32
1	112128	+	CG	0	32
1	112170	+	CG	4	25
1	112186	+	CG	1	34
1	112233	+	CG	1	34
1	112257	+	CG	2	24
1	112292	+	CG	0	30
1	112317	+	CG	0	36
1	112367	+	CG	0	26
1	112404	+	CG	1	15
1	112435	+	CG	5	33
1	112535	+	CG	7	37
1	112622	+	CG	5	32
1	112722	+	CG	0	30
1	112822	+	CG	1	23
1	112920	+	CG	3	33
1	112928	+	CG	3	28
1	112978	+	CG	4	32
1	113006	+	CG	4	31
1	113021	+	CG	0	28
1	113045	+	CG	8	29
1	113081	+	CG	3	23
1	113104	+	CG	4	32
1	113134	+	CG	4	29
1	113177	+	CG	8	34
1	113204	+	CG	5	23
1	113223	+	CG	2	33
1	113249	+	CG	2	28
1	113299	+	CG	1	21
1	113349	+	CG	2	32
1	113364	+	CG	5	22
1	113414	+	CG	2	41
1	113448	+	CG	3	26
1	113461	+	CG	2	37
1	113533	+	CG	2	33
1	113583	+	CG	2	28
1	113683	+	CG	0	28
1	113740	+	CG	2	27
1	113790	+	CG	2	21
1	113840	+	CG	9	36
1	113940	+	CG	4	34
1	113960	+	CG	4	20
1	114012	+	CG	1	22
1	114032	+	CG	6	34
1	114086	+	CG	0	25
1	114096	+	CG	8	31
1	114116	+	CG	0	37
1	114216	+	CG	4	30
1	114298	+	CG	0	27
1	114404	+	CG	3	25
1	114437	+	CG	15	26
1	114452	+	CG	28	33
1	114496	+	CG	26	34
1	114524	+	CG	20	28
1	114553	+	CG	16	24
1	114603	+	CG	13	22
1	114618	+	CG	23	33
1	114635	+	CG	18	25
1	114670	+	CG	23	35
1	114685	+	CG	18	26
1	114707	+	CG	23	37
1	114756	+	CG	27	40
1	114784	+	CG	19	27
1	114799	+	CG	25	35
1	114832	+	CG	17	25
1	114857	+	CG	22	32
1	114878	+	CG	23	31
1	114928	+	CG	16	27
1	114951	+	CG	19	28
1	115035	+	CG	17	23
1	115135	+	CG	23	33
1	115219	+	CG	18	27
1	115292	+	CG	16	26
1	115392	+	CG	18	27
1	115462	+	CG	23	29
1	115464	+	CG	17	24
1	115491	+	CG	21	36
1	115528	+	CG	15	32
1	115563	+	CG	13	36
1	115582	+	CG	10	30
1	115602	+	CG	14	20
1	115652	+	CG	9	21
1	115692	+	CG	18	35
1	115739	+	CG	10	26
1	115772	+	CG	17	32
1	115809	+	CG	11	26
1	115837	+	CG	17	27
1	115867	+	CG	19	36
1	115891	+	CG	20	34
1	115941	+	CG	15	33
1	115962	+	CG	11	31
1	115997	+	CG	18	29
1	116025	+	CG	18	34
1	116059	+	CG	16	32
1	116159	+	CG	18	30
1	116259	+	CG	18	28
1	116359	+	CG	14	27
1	116414	+	CG	11	26
1	116514	+	CG	11	28
1	116608	+	CG	26	43
1	116626	+	CG	17	29
1	116676	+	CG	21	31
1	116726	+	CG	12	20
1	116744	+	CG	20	35
1	116764	+	CG	21	35
1	116814	+	CG	22	32
1	116832	+	CG	20	34
1	116855	+	CG	16	30
1	116905	+	CG	15	27
1	116955	+	CG	19	32
1	116970	+	CG	21	31
1	117014	+	CG	24	33
1	117041	+	CG	18	29
1	117069	+	CG	26	35
1	117119	+	CG	23	32
1	117144	+	CG	20	38
1	117167	+	CG	14	24
1	117193	+	CG	23	31
1	117202	+	CG	20	27
1	117302	+	CG	17	27
1	117402	+	CG	23	29
1	117502	+	CG	16	23
1	117601	+	CG	20	25
1	117701	+	CG	19	31
1	117745	+	CG	21	29
1	117750	+	CG	24	31
1	117765	+	CG	19	30
1	117809	+	CG	19	26
1	117846	+	CG	28	36
1	117891	+	CG	20	27
1	117932	+	CG	20	28
1	117965	+	CG	23	29
1	118009	+	CG	24	27
1	118033	+	CG	25	36
1	118073	+	CG	27	35
1	118096	+	CG	19	27
1	118137	+	CG	21	30
1	118164	+	CG	23	30
1	118202	+	CG	24	33
1	118209	+	CG	23	32
1	118294	+	CG	18	24
1	118381	+	CG	17	21
1	118431	+	CG	16	24
1	118531	+	CG	27	31
1	118631	+	CG	24	29
1	118633	+	CG	23	30
1	118717	+	CG	20	25
1	118803	+	CG	24	32
1	118807	+	CG	17	23
1	119041	+	CG	27	35
1	119053	+	CG	0	33
1	119068	+	CG	6	36
1	119092	+	CG	3	32
1	119110	+	CG	3	37
1	119160	+	CG	3	31
1	119206	+	CG	0	26
1	119224	+	CG	1	25
1	119263	+	CG	6	29
1	119280	+	CG	0	22
1	119295	+	CG	0	21
1	119316	+	CG	5	31
1	119344	+	CG	4	30
1	119380	+	CG	2	25
1	119426	+	CG	0	38
1	119451	+	CG	0	29
1	119493	+	CG	0	22
1	119508	+	CG	2	31
1	119546	+	CG	2	37
1	119596	+	CG	1	21
1	119670	+	CG	0	23
1	119736	+	CG	3	32
1	119786	+	CG	3	32
1	119886	+	CG	0	33
1	119986	+	CG	5	35
1	120036	+	CG	3	28
1	120046	+	CG	5	29
1	120088	+	CG	3	31
1	120134	+	CG	28	34
1	120184	+	CG	26	34
1	120225	+	CG	18	22
1	120256	+	CG	26	33
1	120284	+	CG	21	28
1	120333	+	CG	18	27
1	120355	+	CG	19	31
1	120370	+	CG	25	38
1	120401	+	CG	19	24
1	120451	+	CG	27	33
1	120501	+	CG	23	30
1	120529	+	CG	19	24
1	120560	+	CG	22	31
1	120599	+	CG	19	31
1	120615	+	CG	17	23
1	120715	+	CG	18	27
1	120810	+	CG	18	24
1	120910	+	CG	30	38
1	121010	+	CG	15	20
1	121060	+	CG	21	29
1	121084	+	CG	29	35
1	121125	+	CG	15	27
1	121158	+	CG	13	29
1	121205	+	CG	14	25
1	121221	+	CG	18	25
1	121248	+	CG	20	32
1	121274	+	CG	21	30
1	121306	+	CG	16	31
1	121356	+	CG	21	29
1	121378	+	CG	15	27
1	121419	+	CG	17	34
1	121469	+	CG	13	32
1	121489	+	CG	21	28
1	121521	+	CG	12	31
1	121553	+	CG	17	38
1	121569	+	CG	18	30
1	121609	+	CG	16	22
1	121709	+	CG	13	22
1	121776	+	CG	18	25
1	121860	+	CG	15	36
1	121910	+	CG	15	22
1	122010	+	CG	20	33
1	122064	+	CG	22	30
1	122089	+	CG	0	23
1	122134	+	CG	2	28
1	122154	+	CG	9	34
1	122185	+	CG	2	24
1	122203	+	CG	2	27
1	122229	+	CG	8	36
1	122253	+	CG	6	32
1	122282	+	CG	5	25
1	122332	+	CG	7	29
1	122382	+	CG	2	22
1	122410	+	CG	4	30
1	122437	+	CG	1	22
1	122458	+	CG	5	23
1	122476	+	CG	6	28
1	122504	+	CG	1	25
1	122531	+	CG	0	33
1	122581	+	CG	3	25
1	122681	+	CG	3	22
1	122781	+	CG	3	33
1	122831	+	CG	7	34
1	122931	+	CG	3	15
1	122965	+	CG	5	26
1	122967	+	CG	1	32
1	122972	+	CG	0	31
1	122987	+	CG	6	34
1	123020	+	CG	2	27
1	123062	+	CG	7	31
1	123097	+	CG	2	32
1	123118	+	CG	7	35
1	123140	+	CG	7	40
1	123190	+	CG	0	32
1	123226	+	CG	3	41
1	123241	+	CG	4	34
1	123264	+	CG	0	32
1	123291	+	CG	4	35
1	123307	+	CG	0	27
1	123335	+	CG	3	37
1	123358	+	CG	0	33
1	123391	+	CG	4	28
1	123417	+	CG	4	28
1	123438	+	CG	5	29
1	123463	+	CG	2	29
1	123490	+	CG	6	38
1	123590	+	CG	5	31
1	123678	+	CG	3	24
1	123778	+	CG	1	31
1	123878	+	CG	1	29
1	123929	+	CG	5	30
1	123963	+	CG	2	26
1	123967	+	CG	2	26
1	124047	+	CG	5	30
1	124195	+	CG	0	24
1	124263	+	CG	1	23
1	124373	+	CG	2	25
1	124415	+	CG	1	36
1	124435	+	CG	17	24
1	124458	+	CG	24	33
1	124489	+	CG	14	26
1	124512	+	CG	30	39
1	124545	+	CG	23	36
1	124576	+	CG	15	27
1	124596	+	CG	23	40
1	124641	+	CG	26	34
1	124656	+	CG	12	22
1	124706	+	CG	15	27
1	124741	+	CG	21	34
1	124781	+	CG	20	33
1	124796	+	CG	21	30
1	124825	+	CG	23	38
1	124875	+	CG	13	23
1	124903	+	CG	22	34
1	124935	+	CG	24	33
1	124952	+	CG	18	23
1	124967	+	CG	18	23
1	124969	+	CG	23	33
1	125036	+	CG	21	29
1	125108	+	CG	15	26
1	125208	+	CG	18	29
1	125308	+	CG	20	36
1	125408	+	CG	19	35
1	125462	+	CG	13	23
1	125496	+	CG	20	23
1	125519	+	CG	27	35
1	125535	+	CG	23	31
1	125560	+	CG	20	25
1	125604	+	CG	18	25
1	125648	+	CG	21	27
1	125672	+	CG	24	33
1	125692	+	CG	20	31
1	125710	+	CG	32	40
1	125738	+	CG	23	28
1	125770	+	CG	24	32
1	125820	+	CG	14	24
1	125852	+	CG	25	36
1	125893	+	CG	24	32
1	125913	+	CG	21	24
1	125944	+	CG	21	31
1	125976	+	CG	19	31
1	126004	+	CG	24	35
1	126022	+	CG	20	33
1	126122	+	CG	20	30
1	126222	+	CG	28	36
1	126322	+	CG	16	26
1	126372	+	CG	19	30
1	126472	+	CG	19	29
1	126522	+	CG	23	36
1	126544	+	CG	17	23
1	126606	+	CG	28	31
1	126645	+	CG	14	20
1	126679	+	CG	17	33
1	126702	+	CG	19	30
1	126745	+	CG	10	22
1	126760	+	CG	23	34
1	126810	+	CG	26	34
1	126826	+	CG	6	13
1	126844	+	CG	13	24
1	126881	+	CG	12	20
1	126920	+	CG	25	33
1	126970	+	CG	19	29
1	127005	+	CG	26	34
1	127034	+	CG	14	24
1	127067	+	CG	16	31
1	127117	+	CG	25	32
1	127125	+	CG	13	21
1	127215	+	CG	17	27
1	127315	+	CG	20	31
1	127411	+	CG	24	34
1	127506	+	CG	23	28
1	127524	+	CG	17	34
1	127533	+	CG	14	31
1	127574	+	CG	13	25
1	127624	+	CG	13	28
1	127653	+	CG	13	28
1	127670	+	CG	19	32
1	127720	+	CG	19	28
1	127762	+	CG	17	28
1	127779	+	CG	21	32
1	127807	+	CG	19	33
1	127845	+	CG	11	20
1	127866	+	CG	22	31
1	127882	+	CG	16	26
1	127927	+	CG	16	25
1	127942	+	CG	17	27
1	127965	+	CG	13	27
1	127988	+	CG	16	30
1	128006	+	CG	18	24
1	128031	+	CG	18	29
1	128058	+	CG	20	33
1	128073	+	CG	22	32
1	128107	+	CG	15	25
1	128108	+	CG	17	25
1	128208	+	CG	22	38
1	128305	+	CG	18	36
1	128355	+	CG	14	26
1	128455	+	CG	20	33
1	128555	+	CG	20	34
1	128655	+	CG	19	34
1	128659	+	CG	20	32
1	128753	+	CG	10	22
1	128771	+	CG	22	32
1	128791	+	CG	15	30
1	128875	+	CG	19	36
1	128919	+	CG	16	32
1	128951	+	CG	18	33
1	129137	+	CG	17	31
1	129187	+	CG	16	29
1	129205	+	CG	21	30
1	129254	+	CG	17	39
1	129271	+	CG	13	31
1	129305	+	CG	13	30
1	129325	+	CG	20	26
1	129351	+	CG	17	30
1	129366	+	CG	19	29
1	129394	+	CG	12	31
1	129436	+	CG	18	39
1	129486	+	CG	15	36
1	129515	+	CG	27	34
1	129531	+	CG	22	33
1	129576	+	CG	20	31
1	129612	+	CG	23	36
1	129640	+	CG	11	26
1	129663	+	CG	22	30
1	129671	+	CG	24	33
1	129771	+	CG	27	35
1	129871	+	CG	13	22
1	129931	+	CG	12	23
1	129998	+	CG	11	28
1	130085	+	CG	18	28
1	130135	+	CG	10	25
1	130233	+	CG	25	32
1	130266	+	CG	21	34
1	130288	+	CG	14	23
1	130336	+	CG	15	28
1	130364	+	CG	13	26
1	130387	+	CG	10	26
1	130437	+	CG	21	32
1	130452	+	CG	17	31
1	130502	+	CG	12	31
1	130552	+	CG	14	28
1	130571	+	CG	11	19
1	130593	+	CG	11	32
1	130610	+	CG	23	37
1	130656	+	CG	18	29
1	130678	+	CG	23	32
1	130706	+	CG	22	36
1	130747	+	CG	15	32
1	130762	+	CG	18	28
1	130770	+	CG	17	31
1	130870	+	CG	13	27
1	130949	+	CG	17	34
1	131004	+	CG	11	25
1	131104	+	CG	7	16
1	131197	+	CG	11	28
1	131255	+	CG	18	36
1	131281	+	CG	9	18
1	131319	+	CG	13	24
1	131334	+	CG	8	27
1	131384	+	CG	7	23
1	131412	+	CG	28	28
1	131428	+	CG	33	33
1	131473	+	CG	6	33
1	131488	+	CG	7	22
1	131505	+	CG	9	28
1	131535	+	CG	33	33
1	131565	+	CG	7	23
1	131598	+	CG	30	38
1	131648	+	CG	27	27
1	131679	+	CG	12	36
1	131701	+	CG	33	34
1	131723	+	CG	34	34
1	131747	+	CG	21	25
1	131763	+	CG	25	38
1	131803	+	CG	22	26
1	131805	+	CG	15	22
1	131905	+	CG	21	21
1	132005	+	CG	21	21
1	132105	+	CG	9	26
1	132155	+	CG	25	30
1	132239	+	CG	26	30
1	132277	+	CG	11	33
1	132331	+	CG	10	30
1	132345	+	CG	32	35
1	132395	+	CG	27	31
1	132445	+	CG	22	27
1	132478	+	CG	24	32
1	132502	+	CG	21	26
1	132552	+	CG	17	23
1	132567	+	CG	28	32
1	132617	+	CG	25	27
1	132667	+	CG	25	31
1	132707	+	CG	21	26
1	132724	+	CG	20	28
1	132774	+	CG	28	28
1	132788	+	CG	16	21
1	132880	+	CG	30	37
1	132936	+	CG	28	34
1	132986	+	CG	29	33
1	133086	+	CG	23	24
1	133182	+	CG	23	29
1	133196	+	CG	34	38
1	133242	+	CG	27	30
1	133250	+	CG	24	32
1	133280	+	CG	29	34
1	133295	+	CG	21	25
1	133335	+	CG	22	25
1	133384	+	CG	28	37
1	133409	+	CG	23	24
1	133429	+	CG	21	27
1	133479	+	CG	29	29
1	133511	+	CG	30	31
1	133540	+	CG	28	30
1	133569	+	CG	28	33
1	133619	+	CG	29	37
1	133653	+	CG	33	36
1	133690	+	CG	28	40
1	133718	+	CG	29	35
1	133734	+	CG	28	34
1	133817	+	CG	21	25
1	133917	+	CG	20	28
1	133968	+	CG	17	20
1	134068	+	CG	25	29
1	134148	+	CG	26	31
1	134164	+	CG	20	25
1	134186	+	CG	29	35
1	134284	+	CG	21	26
1	134306	+	CG	21	28
1	134418	+	CG	24	34
1	134454	+	CG	24	29
1	134538	+	CG	32	36
1	134594	+	CG	19	24
1	134612	+	CG	19	29
1	134622	+	CG	0	24
1	134637	+	CG	4	35
1	134672	+	CG	0	36
1	134687	+	CG	1	31
1	134702	+	CG	0	29
1	134719	+	CG	4	33
1	134750	+	CG	1	31
1	134783	+	CG	2	26
1	134833	+	CG	0	17
1	134849	+	CG	2	31
1	134870	+	CG	0	29
1	134920	+	CG	3	37
1	134959	+	CG	3	29
1	134994	+	CG	1	36
1	135023	+	CG	1	28
1	135060	+	CG	3	36
1	135090	+	CG	2	25
1	135122	+	CG	2	25
1	135160	+	CG	6	28
1	135169	+	CG	0	23
1	135269	+	CG	0	32
1	135319	+	CG	2	38
1	135419	+	CG	3	36
1	135493	+	CG	1	20
1	135593	+	CG	3	33
1	135643	+	CG	3	27
1	135793	+	CG	3	22
1	135809	+	CG	2	26
1	135819	+	CG	0	30
1	135973	+	CG	2	21
1	136047	+	CG	3	29
1	136057	+	CG	27	35
1	136079	+	CG	21	25
1	136113	+	CG	20	23
1	136146	+	CG	24	27
1	136178	+	CG	33	40
1	136199	+	CG	25	31
1	136214	+	CG	24	31
1	136234	+	CG	29	34
1	136279	+	CG	25	29
1	136329	+	CG	25	36
1	136368	+	CG	22	25
1	136393	+	CG	26	32
1	136438	+	CG	35	36
1	136453	+	CG	30	35
1	136483	+	CG	32	33
1	136505	+	CG	24	27
1	136531	+	CG	21	27
1	136554	+	CG	25	28
1	136571	+	CG	18	20
1	136621	+	CG	19	23
1	136643	+	CG	29	33
1	136665	+	CG	20	27
1	136693	+	CG	32	34
1	136793	+	CG	27	31
1	136893	+	CG	25	29
1	136993	+	CG	17	18
1	137093	+	CG	25	30
1	137143	+	CG	20	28
1	137243	+	CG	18	27
1	137306	+	CG	26	35
1	137320	+	CG	23	38
1	137406	+	CG	21	29
1	137408	+	CG	27	33
1	137456	+	CG	32	35
1	137664	+	CG	31	38
1	137718	+	CG	19	21
1	137798	+	CG	21	35
1	137831	+	CG	16	26
1	137881	+	CG	22	28
1	137931	+	CG	19	29
1	137981	+	CG	24	35
1	138010	+	CG	22	30
1	138034	+	CG	16	27
1	138067	+	CG	22	33
1	138113	+	CG	19	26
1	138163	+	CG	26	38
1	138185	+	CG	25	33
1	138235	+	CG	14	29
1	138268	+	CG	18	30
1	138368	+	CG	13	22
1	138468	+	CG	16	25
1	138568	+	CG	22	33
1	138668	+	CG	18	30
1	138686	+	CG	23	30
1	138736	+	CG	21	25
1	138760	+	CG	23	30
1	138775	+	CG	15	35
1	138803	+	CG	26	41
1	138853	+	CG	18	28
1	138903	+	CG	18	30
1	138933	+	CG	16	29
1	138951	+	CG	17	27
1	138966	+	CG	19	27
1	139013	+	CG	17	25
1	139036	+	CG	17	24
1	139077	+	CG	18	26
1	139127	+	CG	16	25
1	139147	+	CG	20	29
1	139172	+	CG	18	30
1	139222	+	CG	14	26
1	139249	+	CG	20	36
1	139289	+	CG	21	33
1	139297	+	CG	15	25
1	139347	+	CG	21	29
1	139447	+	CG	25	42
1	139547	+	CG	22	36
1	139647	+	CG	19	27
1	139809	+	CG	13	23
1	139831	+	CG	17	24
1	139855	+	CG	24	28
1	139905	+	CG	22	28
1	139923	+	CG	13	23
1	139952	+	CG	16	22
1	139975	+	CG	21	29
1	139999	+	CG	22	30
1	140035	+	CG	26	32
1	140056	+	CG	32	42
1	140104	+	CG	25	30
1	140145	+	CG	18	24
1	140195	+	CG	33	34
1	140245	+	CG	17	28
1	140264	+	CG	17	24
1	140288	+	CG	13	21
1	140317	+	CG	20	29
1	140332	+	CG	23	25
1	140344	+	CG	24	33
1	140444	+	CG	24	32
1	140543	+	CG	27	30
1	140637	+	CG	17	21
1	140704	+	CG	19	27
1	140785	+	CG	22	24
1	140815	+	CG	25	32
1	140821	+	CG	3	35
1	140860	+	CG	3	22
1	140890	+	CG	2	32
1	140915	+	CG	2	29
1	140965	+	CG	0	32
1	140991	+	CG	1	35
1	141041	+	CG	1	26
1	141071	+	CG	3	40
1	141091	+	CG	4	33
1	141106	+	CG	1	27
1	141156	+	CG	3	31
1	141204	+	CG	1	38
1	141249	+	CG	1	29
1	141299	+	CG	3	25
1	141345	+	CG	0	35
1	141395	+	CG	0	26
1	141445	+	CG	1	16
1	141529	+	CG	6	31
1	141629	+	CG	0	26
1	141729	+	CG	2	40
1	141829	+	CG	0	34
1	141897	+	CG	4	31
1	141951	+	CG	0	30
1	142019	+	CG	2	25
1	142123	+	CG	4	22
1	142157	+	CG	0	35
1	142203	+	CG	14	23
1	142229	+	CG	20	33
1	142244	+	CG	26	32
1	142272	+	CG	23	28
1	142315	+	CG	28	38
1	142365	+	CG	16	26
1	142380	+	CG	17	30
1	142399	+	CG	19	24
1	142428	+	CG	17	24
1	142478	+	CG	13	20
1	142493	+	CG	24	36
1	142509	+	CG	26	31
1	142531	+	CG	20	31
1	142546	+	CG	21	34
1	142561	+	CG	16	24
1	142611	+	CG	24	28
1	142635	+	CG	15	24
1	142655	+	CG	23	38
1	142670	+	CG	20	35
1	142697	+	CG	25	37
1	142718	+	CG	19	30
1	142726	+	CG	13	25
1	142776	+	CG	18	29
1	142865	+	CG	28	34
1	142951	+	CG	15	23
1	143051	+	CG	24	32
1	143131	+	CG	24	32
1	143231	+	CG	24	32
1	143243	+	CG	10	23
1	143253	+	CG	0	30
1	143295	+	CG	4	27
1	143323	+	CG	12	40
1	143341	+	CG	2	30
1	143358	+	CG	3	31
1	143393	+	CG	3	32
1	143440	+	CG	7	33
1	143472	+	CG	2	27
1	143509	+	CG	5	31
1	143551	+	CG	4	41
1	143575	+	CG	4	20
1	143613	+	CG	2	39
1	143652	+	CG	0	30
1	143669	+	CG	2	29
1	143702	+	CG	4	35
1	143739	+	CG	3	23
1	143772	+	CG	4	19
1	143872	+	CG	2	31
1	143972	+	CG	5	34
1	144072	+	CG	5	37
1	144172	+	CG	1	26
1	144272	+	CG	3	19
1	144282	+	CG	6	28
1	144326	+	CG	7	31
1	144386	+	CG	6	36
1	144436	+	CG	1	27
1	144518	+	CG	3	30
1	144734	+	CG	4	27
1	144742	+	CG	3	20
1	144768	+	CG	6	24
1	144773	+	CG	25	29
1	144802	+	CG	24	27
1	144827	+	CG	27	29
1	144877	+	CG	26	28
1	144894	+	CG	24	28
1	144944	+	CG	28	33
1	144994	+	CG	21	29
1	145012	+	CG	31	33
1	145027	+	CG	26	34
1	145062	+	CG	28	31
1	145093	+	CG	24	29
1	145143	+	CG	27	27
1	145160	+	CG	20	24
1	145194	+	CG	22	25
1	145231	+	CG	29	37
1	145263	+	CG	18	20
1	145288	+	CG	27	29
1	145302	+	CG	24	33
1	145402	+	CG	21	24
1	145452	+	CG	33	39
1	145552	+	CG	27	27
1	145626	+	CG	22	29
1	145676	+	CG	21	24
1	145728	+	CG	22	25
1	145820	+	CG	17	23
1	145930	+	CG	19	24
1	145976	+	CG	21	23
1	146104	+	CG	31	36
1	146164	+	CG	18	21
1	146210	+	CG	18	19
1	146264	+	CG	27	31
1	146295	+	CG	19	25
1	146322	+	CG	19	26
1	146347	+	CG	29	35
1	146385	+	CG	9	20
1	146408	+	CG	19	29
1	146442	+	CG	21	30
1	146471	+	CG	24	29
1	146487	+	CG	28	34
1	146537	+	CG	29	36
1	146562	+	CG	23	26
1	146599	+	CG	23	28
1	146619	+	CG	22	26
1	146634	+	CG	19	23
1	146684	+	CG	22	31
1	146714	+	CG	18	34
1	146747	+	CG	22	26
1	146778	+	CG	18	28
1	146827	+	CG	18	26
1	146927	+	CG	17	25
1	147027	+	CG	23	35
1	147097	+	CG	25	35
1	147186	+	CG	30	37
1	147286	+	CG	21	29
1	147370	+	CG	13	18
1	147409	+	CG	26	39
1	147435	+	CG	24	31
1	147452	+	CG	19	24
1	147480	+	CG	24	27
1	147500	+	CG	17	22
1	147518	+	CG	17	24
1	147568	+	CG	21	24
1	147610	+	CG	24	31
1	147629	+	CG	28	38
1	147677	+	CG	27	29
1	147712	+	CG	22	28
1	147738	+	CG	21	26
1	147788	+	CG	31	34
1	147823	+	CG	23	31
1	147873	+	CG	17	26
1	147881	+	CG	21	26
1	147981	+	CG	32	39
1	148033	+	CG	11	14
1	148105	+	CG	27	31
1	148205	+	CG	36	36
1	148305	+	CG	18	29
1	148333	+	CG	28	33
1	148389	+	CG	19	27
1	148399	+	CG	19	34
1	148435	+	CG	13	27
1	148520	+	CG	35	35
1	148552	+	CG	27	37
1	148567	+	CG	16	30
1	148617	+	CG	33	33
1	148666	+	CG	33	33
1	148700	+	CG	29	29
1	148727	+	CG	34	34
1	148749	+	CG	19	29
1	148793	+	CG	35	36
1	148808	+	CG	20	29
1	148844	+	CG	19	29
1	148855	+	CG	16	25
1	148905	+	CG	28	33
1	149005	+	CG	26	30
1	149105	+	CG	25	25
1	149205	+	CG	31	31
1	149305	+	CG	27	32
1	149361	+	CG	13	27
1	149391	+	CG	20	20
1	149416	+	CG	14	24
1	149466	+	CG	22	29
1	149481	+	CG	19	30
1	149501	+	CG	13	24
1	149532	+	CG	22	40
1	149556	+	CG	16	28
1	149571	+	CG	24	32
1	149602	+	CG	20	30
1	149617	+	CG	16	27
1	149667	+	CG	20	26
1	149714	+	CG	21	32
1	149733	+	CG	22	31
1	149759	+	CG	23	34
1	149774	+	CG	13	27
1	149824	+	CG	22	30
1	149856	+	CG	16	26
1	149871	+	CG	13	24
1	149896	+	CG	20	38
1	149917	+	CG	16	27
1	150017	+	CG	19	27
1	150117	+	CG	14	19
1	150217	+	CG	21	33
1	150267	+	CG	24	32
1	150367	+	CG	19	37
1	150427	+	CG	22	28
1	150451	+	CG	18	32
1	150457	+	CG	17	29
1	150481	+	CG	22	33
1	150521	+	CG	23	29
1	150550	+	CG	20	24
1	150600	+	CG	33	40
1	150615	+	CG	26	33
1	150631	+	CG	27	30
1	150665	+	CG	22	30
1	150680	+	CG	19	32
1	150695	+	CG	22	29
1	150710	+	CG	10	16
1	150741	+	CG	19	29
1	150764	+	CG	19	31
1	150779	+	CG	25	35
1	150811	+	CG	21	33
1	150855	+	CG	21	29
1	150870	+	CG	21	33
1	150898	+	CG	23	31
1	150931	+	CG	29	35
1	150971	+	CG	16	24
1	150986	+	CG	23	30
1	151004	+	CG	23	32
1	151032	+	CG	21	26
1	151061	+	CG	29	35
1	151099	+	CG	18	24
1	151199	+	CG	18	22
1	151276	+	CG	16	23
1	151356	+	CG	17	21
1	151439	+	CG	24	28
1	151489	+	CG	22	29
1	151572	+	CG	25	36
1	151672	+	CG	15	21
1	151722	+	CG	20	25
1	151734	+	CG	20	26
1	151814	+	CG	35	36
1	151874	+	CG	19	25
1	151900	+	CG	21	27
1	151922	+	CG	23	28
1	151942	+	CG	17	24
1	151950	+	CG	21	29
1	151962	+	CG	25	39
1	152104	+	CG	22	27
1	152124	+	CG	24	32
1	152158	+	CG	2	33
1	152181	+	CG	3	31
1	152202	+	CG	2	35
1	152229	+	CG	3	22
1	152262	+	CG	3	33
1	152306	+	CG	3	34
1	152323	+	CG	2	33
1	152352	+	CG	1	24
1	152402	+	CG	0	34
1	152427	+	CG	0	29
1	152457	+	CG	2	39
1	152476	+	CG	0	28
1	152518	+	CG	0	28
1	152539	+	CG	0	35
1	152589	+	CG	2	27
1	152612	+	CG	2	20
1	152617	+	CG	0	28
1	152717	+	CG	3	32
1	152817	+	CG	1	32
1	152867	+	CG	0	37
1	152967	+	CG	3	34
1	153067	+	CG	0	30
1	153099	+	CG	3	35
1	153112	+	CG	1	30
1	153139	+	CG	7	33
1	153162	+	CG	1	26
1	153208	+	CG	2	36
1	153240	+	CG	2	25
1	153256	+	CG	1	30
1	153289	+	CG	3	26
1	153313	+	CG	0	24
1	153337	+	CG	0	26
1	153379	+	CG	4	31
1	153405	+	CG	2	22
1	153437	+	CG	0	30
1	153478	+	CG	7	28
1	153508	+	CG	3	19
1	153523	+	CG	0	32
1	153573	+	CG	3	32
1	153588	+	CG	1	29
1	153602	+	CG	1	28
1	153681	+	CG	1	32
1	153778	+	CG	4	29
1	153828	+	CG	2	23
1	153928	+	CG	1	27
1	154028	+	CG	0	29
1	154058	+	CG	2	30
1	154063	+	CG	5	33
1	154086	+	CG	0	38
1	154128	+	CG	5	24
1	154178	+	CG	2	30
1	154198	+	CG	2	23
1	154213	+	CG	7	31
1	154244	+	CG	2	31
1	154282	+	CG	6	30
1	154301	+	CG	4	31
1	154329	+	CG	2	23
1	154349	+	CG	9	36
1	154364	+	CG	4	26
1	154398	+	CG	4	23
1	154428	+	CG	4	23
1	154445	+	CG	5	23
1	154464	+	CG	7	31
1	154489	+	CG	1	28
1	154517	+	CG	4	37
1	154532	+	CG	5	29
1	154538	+	CG	4	21
1	154638	+	CG	2	27
1	154738	+	CG	10	38
1	154818	+	CG	3	35
1	154918	+	CG	3	19
1	155006	+	CG	2	25
1	155170	+	CG	5	31
1	155178	+	CG	3	26
1	155190	+	CG	8	33
1	155196	+	CG	2	19
1	155214	+	CG	3	28
1	155239	+	CG	28	38
1	155281	+	CG	26	31
1	155309	+	CG	22	31
1	155359	+	CG	32	35
1	155374	+	CG	30	39
1	155389	+	CG	20	26
1	155431	+	CG	21	27
1	155446	+	CG	13	21
1	155479	+	CG	24	25
1	155503	+	CG	21	30
1	155553	+	CG	27	30
1	155584	+	CG	24	27
1	155607	+	CG	26	30
1	155657	+	CG	21	29
1	155698	+	CG	31	32
1	155715	+	CG	22	27
1	155727	+	CG	29	37
1	155827	+	CG	23	29
1	155927	+	CG	26	35
1	156027	+	CG	17	25
1	156127	+	CG	29	33
1	156133	+	CG	25	30
1	156171	+	CG	20	24
1	156218	+	CG	20	27
1	156248	+	CG	24	29
1	156271	+	CG	15	23
1	156287	+	CG	21	27
1	156334	+	CG	19	34
1	156384	+	CG	18	26
1	156401	+	CG	23	28
1	156451	+	CG	11	17
1	156485	+	CG	13	21
1	156530	+	CG	18	26
1	156580	+	CG	26	36
1	156596	+	CG	24	30
1	156614	+	CG	18	25
1	156641	+	CG	17	22
1	156661	+	CG	23	38
1	156682	+	CG	16	26
1	156724	+	CG	11	23
1	156824	+	CG	15	27
1	156924	+	CG	22	31
1	157024	+	CG	26	30
1	157095	+	CG	23	31
1	157195	+	CG	21	29
1	157227	+	CG	16	28
1	157251	+	CG	14	19
1	157281	+	CG	23	28
1	157319	+	CG	16	29
1	157338	+	CG	28	35
1	157354	+	CG	25	36
1	157383	+	CG	24	37
1	157410	+	CG	26	36
1	157447	+	CG	25	35
1	157462	+	CG	25	34
1	157489	+	CG	22	32
1	157508	+	CG	23	29
1	157558	+	CG	13	22
1	157595	+	CG	23	33
1	157618	+	CG	25	31
1	157668	+	CG	20	31
1	157692	+	CG	26	36
1	157720	+	CG	24	26
1	157754	+	CG	17	30
1	157801	+	CG	25	28
1	157831	+	CG	18	26
1	157847	+	CG	16	25
1	157926	+	CG	22	34
1	157982	+	CG	20	34
1	158082	+	CG	17	27
1	158165	+	CG	34	40
1	158265	+	CG	23	29
1	158365	+	CG	27	30
1	158419	+	CG	28	34
1	158433	+	CG	27	33
1	158448	+	CG	20	31
1	158464	+	CG	13	23
1	158489	+	CG	16	20
1	158539	+	CG	31	39
1	158570	+	CG	19	28
1	158611	+	CG	21	26
1	158640	+	CG	18	30
1	158661	+	CG	18	27
1	158686	+	CG	17	23
1	158707	+	CG	18	34
1	158724	+	CG	16	22
1	158767	+	CG	29	35
1	158793	+	CG	26	29
1	158812	+	CG	19	34
1	158845	+	CG	21	29
1	158886	+	CG	23	25
1	158946	+	CG	24	29
1	159046	+	CG	19	36
1	159146	+	CG	18	27
1	159246	+	CG	20	29
1	159393	+	CG	16	24
1	159405	+	CG	24	29
1	159419	+	CG	16	28
1	159435	+	CG	20	39
1	159450	+	CG	25	26
1	159466	+	CG	20	22
1	159484	+	CG	17	24
1	159503	+	CG	25	30
1	159542	+	CG	24	32
1	159590	+	CG	15	33
1	159608	+	CG	12	25
1	159623	+	CG	19	28
1	159668	+	CG	25	32
1	159717	+	CG	21	31
1	159767	+	CG	27	32
1	159788	+	CG	14	32
1	159805	+	CG	19	32
1	159851	+	CG	22	34
1	159901	+	CG	27	35
1	159932	+	CG	25	29
1	159982	+	CG	14	22
1	159984	+	CG	19	29
1	160064	+	CG	18	25
1	160164	+	CG	26	37
1	160264	+	CG	19	28
1	160364	+	CG	15	25
1	160420	+	CG	15	27
1	160498	+	CG	19	28
1	160548	+	CG	20	28
1	160609	+	CG	15	25
1	160625	+	CG	5	26
1	160640	+	CG	5	34
1	160689	+	CG	1	22
1	160739	+	CG	5	30
1	160758	+	CG	0	19
1	160777	+	CG	1	21
1	160795	+	CG	3	31
1	160832	+	CG	0	38
1	160882	+	CG	0	25
1	160897	+	CG	0	25
1	160915	+	CG	2	21
1	160939	+	CG	0	32
1	160971	+	CG	3	36
1	161001	+	CG	2	25
1	161033	+	CG	6	26
1	161049	+	CG	2	31
1	161069	+	CG	2	25
1	161099	+	CG	6	37
1	161145	+	CG	0	26
1	161163	+	CG	2	21
1	161196	+	CG	1	26
1	161218	+	CG	2	35
1	161234	+	CG	1	35
1	161249	+	CG	0	35
1	161349	+	CG	5	29
1	161417	+	CG	4	23
1	161517	+	CG	3	31
1	161567	+	CG	1	28
1	161667	+	CG	1	30
1	161762	+	CG	1	26
1	161862	+	CG	0	28
1	161872	+	CG	1	28
1	161884	+	CG	3	34
1	161929	+	CG	8	37
1	161979	+	CG	3	25
1	162000	+	CG	5	28
1	162031	+	CG	10	32
1	162081	+	CG	1	25
1	162118	+	CG	5	25
1	162158	+	CG	4	29
1	162187	+	CG	5	30
1	162211	+	CG	3	34
1	162246	+	CG	3	24
1	162278	+	CG	4	25
1	162318	+	CG	6	31
1	162368	+	CG	6	26
1	162380	+	CG	7	35
1	162453	+	CG	3	23
1	162513	+	CG	1	25
1	162613	+	CG	6	34
1	162713	+	CG	2	30
1	162794	+	CG	6	30
1	162878	+	CG	4	29
1	162904	+	CG	30	37
1	162945	+	CG	26	37
1	162962	+	CG	16	21
1	162979	+	CG	26	37
1	163019	+	CG	21	32
1	163039	+	CG	14	18
1	163089	+	CG	24	27
1	163115	+	CG	29	37
1	163161	+	CG	21	25
1	163182	+	CG	24	31
1	163204	+	CG	20	25
1	163219	+	CG	17	23
1	163243	+	CG	19	27
1	163263	+	CG	19	27
1	163278	+	CG	25	35
1	163307	+	CG	27	32
1	163357	+	CG	25	33
1	163378	+	CG	20	30
1	163405	+	CG	23	36
1	163435	+	CG	16	22
1	163535	+	CG	29	32
1	163611	+	CG	24	29
1	163661	+	CG	27	30
1	163735	+	CG	23	31
1	163794	+	CG	33	39
1	163858	+	CG	22	31
1	163937	+	CG	24	38
1	163959	+	CG	23	28
1	163964	+	CG	24	28
1	163980	+	CG	23	28
1	164008	+	CG	27	31
1	164040	+	CG	20	27
1	164073	+	CG	27	32
1	164119	+	CG	20	27
1	164169	+	CG	20	24
1	164202	+	CG	25	27
1	164232	+	CG	24	32
1	164247	+	CG	19	22
1	164271	+	CG	22	24
1	164321	+	CG	31	39
1	164340	+	CG	28	35
1	164390	+	CG	22	26
1	164406	+	CG	25	30
1	164445	+	CG	21	23
1	164479	+	CG	24	32
1	164499	+	CG	16	21
1	164514	+	CG	13	20
1	164541	+	CG	18	27
1	164637	+	CG	20	25
1	164737	+	CG	20	27
1	164837	+	CG	26	30
1	164888	+	CG	31	34
1	164938	+	CG	25	28
1	165038	+	CG	30	41
1	165058	+	CG	17	20
1	165094	+	CG	26	37
1	165156	+	CG	23	30
1	165172	+	CG	26	32
1	165288	+	CG	30	35
1	165332	+	CG	19	21
1	165490	+	CG	17	27
1	165504	+	CG	26	34
1	165536	+	CG	27	35
1	165563	+	CG	21	38
1	165612	+	CG	18	27
1	165653	+	CG	25	35
1	165703	+	CG	24	35
1	165729	+	CG	16	20
1	165770	+	CG	19	31
1	165820	+	CG	19	31
1	165844	+	CG	16	33
1	165884	+	CG	23	39
1	165934	+	CG	25	39
1	165972	+	CG	10	18
1	165988	+	CG	17	34
1	166034	+	CG	13	23
1	166066	+	CG	12	22
1	166116	+	CG	15	28
1	166216	+	CG	16	31
1	166316	+	CG	16	28
1	166416	+	CG	17	32
1	166504	+	CG	17	28
1	166536	+	CG	24	32
1	166598	+	CG	18	31
1	166616	+	CG	24	29
1	166637	+	CG	23	29
1	166673	+	CG	22	29
1	166693	+	CG	25	30
1	166734	+	CG	34	37
1	166765	+	CG	25	31
1	166813	+	CG	23	27
1	166841	+	CG	28	32
1	166879	+	CG	28	37
1	166894	+	CG	24	29
1	166909	+	CG	27	31
1	166929	+	CG	27	28
1	166964	+	CG	24	28
1	166984	+	CG	30	37
1	167027	+	CG	20	23
1	167050	+	CG	27	29
1	167126	+	CG	22	26
1	167226	+	CG	23	30
1	167303	+	CG	28	28
1	167403	+	CG	21	29
1	167477	+	CG	30	34
1	167529	+	CG	32	37
1	167562	+	CG	26	36
1	167600	+	CG	28	29
1	167650	+	CG	28	31
1	167665	+	CG	32	33
1	167681	+	CG	18	21
1	167712	+	CG	21	22
1	167727	+	CG	25	30
1	167758	+	CG	20	28
1	167808	+	CG	30	32
1	167839	+	CG	29	33
1	167889	+	CG	23	24
1	167925	+	CG	19	25
1	167959	+	CG	21	25
1	168009	+	CG	21	22
1	168101	+	CG	19	25
1	168201	+	CG	30	41
1	168301	+	CG	29	30
1	168395	+	CG	17	25
1	168401	+	CG	21	26
1	168406	+	CG	13	31
1	168421	+	CG	22	35
1	168442	+	CG	22	37
1	168457	+	CG	20	31
1	168507	+	CG	19	34
1	168533	+	CG	14	21
1	168564	+	CG	12	24
1	168579	+	CG	17	30
1	168598	+	CG	26	42
1	168628	+	CG	19	31
1	168643	+	CG	12	26
1	168688	+	CG	22	36
1	168720	+	CG	14	27
1	168744	+	CG	10	24
1	168773	+	CG	21	28
1	168795	+	CG	9	17
1	168810	+	CG	11	23
1	168843	+	CG	18	39
1	168858	+	CG	15	23
1	168863	+	CG	14	21
1	168963	+	CG	19	29
1	169053	+	CG	18	31
1	169153	+	CG	18	36
1	169204	+	CG	15	27
1	169254	+	CG	10	27
1	169288	+	CG	16	32
1	169336	+	CG	20	27
1	169368	+	CG	18	33
1	169600	+	CG	14	28
1	169686	+	CG	11	25
1	169716	+	CG	13	30
1	169724	+	CG	11	23
1	169734	+	CG	24	31
1	169777	+	CG	32	35
1	169799	+	CG	25	30
1	169849	+	CG	21	23
1	169887	+	CG	32	34
1	169920	+	CG	19	26
1	169945	+	CG	28	33
1	169978	+	CG	21	23
1	170028	+	CG	19	23
1	170043	+	CG	30	38
1	170060	+	CG	21	24
1	170110	+	CG	23	31
1	170125	+	CG	27	30
1	170139	+	CG	31	36
1	170239	+	CG	29	32
1	170339	+	CG	29	35
1	170404	+	CG	26	36
1	170504	+	CG	21	33
1	170614	+	CG	18	21
1	170658	+	CG	40	44
1	170766	+	CG	25	28
1	170778	+	CG	19	27
1	170830	+	CG	33	34
1	170928	+	CG	26	30
1	170930	+	CG	20	26
1	170984	+	CG	26	31
1	171029	+	CG	17	23
1	171054	+	CG	22	30
1	171082	+	CG	21	37
1	171110	+	CG	19	35
1	171152	+	CG	20	32
1	171172	+	CG	11	18
1	171196	+	CG	22	32
1	171211	+	CG	17	27
1	171229	+	CG	21	33
1	171256	+	CG	17	26
1	171280	+	CG	20	32
1	171295	+	CG	19	24
1	171334	+	CG	20	27
1	171353	+	CG	15	24
1	171368	+	CG	21	35
1	171404	+	CG	19	24
1	171450	+	CG	23	34
1	171465	+	CG	19	32
1	171507	+	CG	18	26
1	171534	+	CG	20	29
1	171541	+	CG	24	35
1	171592	+	CG	28	38
1	171683	+	CG	23	33
1	171778	+	CG	22	32
1	171878	+	CG	20	31
1	171978	+	CG	13	24
1	172014	+	CG	15	25
1	172020	+	CG	39	48
1	172070	+	CG	22	31
1	172110	+	CG	18	31
1	172129	+	CG	23	32
1	172144	+	CG	26	38
1	172194	+	CG	18	28
1	172221	+	CG	29	33
1	172254	+	CG	30	33
1	172286	+	CG	18	23
1	172326	+	CG	23	30
1	172341	+	CG	21	32
1	172376	+	CG	21	27
1	172397	+	CG	23	27
1	172423	+	CG	17	21
1	172446	+	CG	24	30
1	172466	+	CG	18	32
1	172481	+	CG	18	26
1	172503	+	CG	24	38
1	172540	+	CG	25	39
1	172573	+	CG	19	26
1	172673	+	CG	31	37
1	172723	+	CG	32	38
1	172823	+	CG	22	31
1	172923	+	CG	23	27
1	172975	+	CG	19	26
1	173025	+	CG	22	34
1	173125	+	CG	26	37
1	173195	+	CG	22	37
1	173267	+	CG	22	31
1	173289	+	CG	19	24
1	173299	+	CG	21	32
1	173357	+	CG	27	34
1	173491	+	CG	19	37
1	173529	+	CG	19	27
1	173569	+	CG	15	24
1	173599	+	CG	24	30
1	173630	+	CG	7	32
1	173646	+	CG	8	31
1	173666	+	CG	4	30
1	173704	+	CG	1	24
1	173735	+	CG	5	26
1	173767	+	CG	3	31
1	173789	+	CG	5	23
1	173818	+	CG	1	32
1	173857	+	CG	5	23
1	173875	+	CG	10	36
1	173907	+	CG	6	30
1	173922	+	CG	2	32
1	173972	+	CG	2	28
1	174002	+	CG	4	36
1	174052	+	CG	6	24
1	174066	+	CG	7	32
1	174166	+	CG	9	34
1	174255	+	CG	5	33
1	174332	+	CG	4	32
1	174432	+	CG	5	27
1	174496	+	CG	7	34
1	174498	+	CG	7	29
1	174503	+	CG	20	26
1	174537	+	CG	27	35
1	174579	+	CG	14	27
1	174595	+	CG	35	43
1	174628	+	CG	19	23
1	174678	+	CG	27	39
1	174696	+	CG	24	34
1	174714	+	CG	21	27
1	174748	+	CG	19	33
1	174763	+	CG	23	34
1	174796	+	CG	22	31
1	174824	+	CG	26	30
1	174874	+	CG	17	22
1	174919	+	CG	18	27
1	174957	+	CG	16	23
1	174995	+	CG	20	31
1	175011	+	CG	17	25
1	175014	+	CG	19	27
1	175114	+	CG	24	33
1	175191	+	CG	22	30
1	175241	+	CG	24	30
1	175331	+	CG	19	26
1	175431	+	CG	20	31
1	175517	+	CG	26	33
1	175519	+	CG	14	24
1	175609	+	CG	22	28
1	175703	+	CG	19	25
1	175721	+	CG	23	30
1	175727	+	CG	20	25
1	175871	+	CG	23	31
1	175921	+	CG	25	31
1	175933	+	CG	13	21
1	175964	+	CG	26	32
1	175979	+	CG	20	30
1	176000	+	CG	19	32
1	176029	+	CG	20	32
1	176052	+	CG	23	37
1	176102	+	CG	16	24
1	176152	+	CG	14	25
1	176177	+	CG	23	35
1	176209	+	CG	17	23
1	176224	+	CG	31	45
1	176253	+	CG	17	29
1	176303	+	CG	18	31
1	176325	+	CG	25	35
1	176366	+	CG	19	23
1	176389	+	CG	19	30
1	176404	+	CG	20	28
1	176419	+	CG	27	35
1	176469	+	CG	20	30
1	176478	+	CG	24	29
1	176578	+	CG	23	29
1	176654	+	CG	25	32
1	176723	+	CG	21	30
1	176823	+	CG	19	30
1	176923	+	CG	14	24
1	176977	+	CG	15	23
1	177003	+	CG	15	28
1	177067	+	CG	23	37
1	177091	+	CG	5	30
1	177126	+	CG	3	24
1	177147	+	CG	1	21
1	177197	+	CG	10	38
1	177216	+	CG	3	22
1	177250	+	CG	2	29
1	177268	+	CG	3	32
1	177286	+	CG	2	30
1	177301	+	CG	3	38
1	177336	+	CG	5	25
1	177357	+	CG	2	40
1	177379	+	CG	2	33
1	177416	+	CG	6	34
1	177466	+	CG	0	31
1	177496	+	CG	3	23
1	177523	+	CG	0	36
1	177551	+	CG	0	40
1	177584	+	CG	4	37
1	177618	+	CG	4	27
1	177632	+	CG	1	20
1	177690	+	CG	3	31
1	177740	+	CG	1	35
1	177806	+	CG	1	29
1	177884	+	CG	3	31
1	177934	+	CG	4	26
1	178034	+	CG	2	27
1	178134	+	CG	2	33
1	178222	+	CG	0	25
1	178266	+	CG	2	26
1	178290	+	CG	5	28
1	178305	+	CG	4	31
1	178328	+	CG	2	27
1	178361	+	CG	5	31
1	178403	+	CG	3	34
1	178423	+	CG	1	26
1	178455	+	CG	6	28
1	178479	+	CG	0	20
1	178517	+	CG	0	24
1	178543	+	CG	5	25
1	178581	+	CG	3	32
1	178609	+	CG	3	31
1	178658	+	CG	3	27
1	178706	+	CG	1	21
1	178756	+	CG	0	34
1	178855	+	CG	3	24
1	178926	+	CG	3	29
1	179026	+	CG	2	33
1	179076	+	CG	3	30
1	179082	+	CG	4	29
1	179092	+	CG	3	35
1	179140	+	CG	26	32
1	179167	+	CG	25	30
1	179197	+	CG	15	29
1	179225	+	CG	27	29
1	179275	+	CG	20	27
1	179300	+	CG	24	30
1	179328	+	CG	29	36
1	179378	+	CG	28	32
1	179402	+	CG	34	42
1	179426	+	CG	23	31
1	179471	+	CG	27	35
1	179511	+	CG	25	35
1	179526	+	CG	24	33
1	179541	+	CG	28	33
1	179579	+	CG	17	24
1	179597	+	CG	27	36
1	179633	+	CG	33	36
1	179654	+	CG	24	28
1	179672	+	CG	23	27
1	179772	+	CG	25	29
1	179822	+	CG	26	32
1	179922	+	CG	22	28
1	180022	+	CG	18	21
1	180122	+	CG	31	33
1	180195	+	CG	18	21
1	180223	+	CG	22	29
1	180229	+	CG	20	27
1	180279	+	CG	25	30
1	180303	+	CG	23	32
1	180323	+	CG	20	22
1	180343	+	CG	15	21
1	180389	+	CG	21	29
1	180435	+	CG	28	28
1	180469	+	CG	35	37
1	180491	+	CG	25	30
1	180508	+	CG	26	30
1	180526	+	CG	18	28
1	180555	+	CG	22	26
1	180599	+	CG	18	28
1	180614	+	CG	25	35
1	180644	+	CG	27	29
1	180670	+	CG	20	32
1	180686	+	CG	34	36
1	180688	+	CG	20	26
1	180767	+	CG	25	31
1	180867	+	CG	25	33
1	180917	+	CG	29	35
1	181017	+	CG	21	33
1	181096	+	CG	29	34
1	181240	+	CG	29	35
1	181370	+	CG	11	15
1	181384	+	CG	20	26
1	181502	+	CG	26	28
1	181552	+	CG	16	25
1	181562	+	CG	24	37
1	181567	+	CG	25	30
1	181582	+	CG	25	31
1	181599	+	CG	30	34
1	181636	+	CG	32	32
1	181686	+	CG	35	35
1	181736	+	CG	31	32
1	181756	+	CG	19	20
1	181795	+	CG	27	32
1	181821	+	CG	27	30
1	181845	+	CG	32	36
1	181883	+	CG	20	25
1	181919	+	CG	30	32
1	181934	+	CG	25	29
1	181960	+	CG	27	33
1	181991	+	CG	16	20
1	182025	+	CG	33	34
1	182075	+	CG	24	26
1	182106	+	CG	30	32
1	182114	+	CG	17	21
1	182203	+	CG	32	33
1	182293	+	CG	27	31
1	182393	+	CG	30	34
1	182493	+	CG	28	29
1	182593	+	CG	27	32
1	182607	+	CG	29	32
1	182759	+	CG	27	31
1	182819	+	CG	26	30
1	182885	+	CG	24	27
1	183073	+	CG	27	32
1	183082	+	CG	26	33
1	183125	+	CG	25	35
1	183140	+	CG	38	44
1	183183	+	CG	18	20
1	183229	+	CG	24	26
1	183273	+	CG	20	23
1	183291	+	CG	27	34
1	183316	+	CG	17	22
1	183351	+	CG	25	27
1	183380	+	CG	23	29
1	183403	+	CG	19	30
1	183428	+	CG	23	30
1	183455	+	CG	22	28
1	183505	+	CG	24	29
1	183526	+	CG	18	21
1	183548	+	CG	29	35
1	183598	+	CG	25	29
1	183625	+	CG	27	35
1	183635	+	CG	17	22
1	183735	+	CG	22	27
1	183788	+	CG	16	19
1	183888	+	CG	24	30
1	183988	+	CG	25	29
1	184052	+	CG	23	31
1	184152	+	CG	17	20
1	184168	+	CG	20	26
1	184228	+	CG	19	23
1	184248	+	CG	23	28
1	184258	+	CG	13	17
1	184266	+	CG	21	29
1	184306	+	CG	17	26
1	184350	+	CG	25	34
1	184358	+	CG	23	26
1	184446	+	CG	25	31
1	184488	+	CG	25	31
1	184510	+	CG	38	38
1	184526	+	CG	22	25
1	184568	+	CG	27	29
1	184618	+	CG	31	34
1	184645	+	CG	26	29
1	184685	+	CG	24	26
1	184711	+	CG	30	32
1	184746	+	CG	26	31
1	184796	+	CG	23	26
1	184826	+	CG	32	34
1	184854	+	CG	19	23
1	184884	+	CG	26	29
1	184916	+	CG	33	33
1	184955	+	CG	33	35
1	184998	+	CG	25	27
1	185019	+	CG	21	24
1	185047	+	CG	25	30
1	185056	+	CG	31	37
1	185149	+	CG	22	36
1	185206	+	CG	28	31
1	185306	+	CG	22	29
1	185406	+	CG	22	25
1	185506	+	CG	18	21
1	185573	+	CG	28	35
1	185585	+	CG	20	25
1	185587	+	CG	25	30
1	185623	+	CG	19	29
1	185651	+	CG	21	36
1	185675	+	CG	17	23
1	185693	+	CG	21	37
1	185733	+	CG	20	36
1	185769	+	CG	19	33
1	185800	+	CG	18	25
1	185831	+	CG	20	31
1	185846	+	CG	12	21
1	185896	+	CG	22	29
1	185922	+	CG	18	27
1	185952	+	CG	20	31
1	186002	+	CG	21	30
1	186021	+	CG	15	24
1	186048	+	CG	16	28
1	186078	+	CG	18	30
1	186125	+	CG	20	29
1	186152	+	CG	26	33
1	186175	+	CG	19	27
1	186225	+	CG	28	38
1	186315	+	CG	19	26
1	186411	+	CG	23	33
1	186511	+	CG	21	27
1	186607	+	CG	15	27
1	186707	+	CG	20	35
1	186725	+	CG	15	31
1	186771	+	CG	26	37
1	186793	+	CG	34	35
1	186843	+	CG	25	27
1	186885	+	CG	29	34
1	186909	+	CG	14	16
1	186959	+	CG	24	28
1	186980	+	CG	25	28
1	187011	+	CG	22	32
1	187029	+	CG	23	30
1	187056	+	CG	25	30
1	187085	+	CG	18	22
1	187111	+	CG	22	30
1	187127	+	CG	20	28
1	187151	+	CG	21	28
1	187171	+	CG	30	34
1	187200	+	CG	24	32
1	187230	+	CG	26	34
1	187237	+	CG	18	22
1	187293	+	CG	16	20
1	187393	+	CG	22	28
1	187493	+	CG	27	32
1	187593	+	CG	22	30
1	187660	+	CG	24	32
1	187672	+	CG	24	30
1	187693	+	CG	11	18
1	187709	+	CG	18	28
1	187729	+	CG	21	36
1	187752	+	CG	18	24
1	187797	+	CG	19	30
1	187815	+	CG	21	25
1	187865	+	CG	25	33
1	187915	+	CG	14	21
1	187947	+	CG	14	22
1	187970	+	CG	20	35
1	187989	+	CG	16	28
1	188016	+	CG	18	31
1	188038	+	CG	24	35
1	188077	+	CG	17	29
1	188127	+	CG	18	28
1	188147	+	CG	18	24
1	188162	+	CG	24	29
1	188203	+	CG	22	28
1	188219	+	CG	13	19
1	188235	+	CG	19	29
1	188298	+	CG	18	24
1	188354	+	CG	19	36
1	188454	+	CG	18	32
1	188524	+	CG	24	33
1	188624	+	CG	17	31
1	188710	+	CG	28	35
1	188726	+	CG	28	39
1	188800	+	CG	15	22
1	188823	+	CG	29	29
1	188855	+	CG	31	31
1	188877	+	CG	29	33
1	188912	+	CG	28	31
1	188942	+	CG	21	22
1	188992	+	CG	26	32
1	189020	+	CG	19	20
1	189062	+	CG	32	36
1	189081	+	CG	38	42
1	189112	+	CG	21	27
1	189148	+	CG	24	25
1	189167	+	CG	28	29
1	189201	+	CG	30	30
1	189218	+	CG	26	30
1	189233	+	CG	28	31
1	189266	+	CG	30	37
1	189315	+	CG	18	22
1	189318	+	CG	24	26
1	189418	+	CG	25	28
1	189518	+	CG	37	38
1	189568	+	CG	22	25
1	189661	+	CG	25	26
1	189711	+	CG	28	29
1	189811	+	CG	26	34
1	189829	+	CG	28	29
1	189847	+	CG	23	26
1	189867	+	CG	3	20
1	189917	+	CG	1	25
1	189932	+	CG	6	36
1	189982	+	CG	2	33
1	190007	+	CG	1	34
1	190057	+	CG	2	30
1	190082	+	CG	0	28
1	190104	+	CG	2	29
1	190128	+	CG	1	38
1	190159	+	CG	5	27
1	190174	+	CG	1	18
1	190222	+	CG	5	30
1	190256	+	CG	0	29
1	190271	+	CG	0	35
1	190286	+	CG	3	19
1	190312	+	CG	1	29
1	190331	+	CG	2	27
1	190346	+	CG	2	25
1	190350	+	CG	3	24
1	190450	+	CG	0	26
1	190500	+	CG	3	22
1	190600	+	CG	5	30
1	190691	+	CG	0	33
1	190769	+	CG	4	29
1	190841	+	CG	2	32
1	190853	+	CG	10	18
1	190872	+	CG	19	28
1	190917	+	CG	24	33
1	190947	+	CG	20	32
1	190983	+	CG	18	27
1	191005	+	CG	22	29
1	191046	+	CG	23	35
1	191096	+	CG	21	29
1	191128	+	CG	19	24
1	191145	+	CG	23	32
1	191189	+	CG	30	37
1	191215	+	CG	22	33
1	191260	+	CG	21	35
1	191275	+	CG	26	38
1	191300	+	CG	25	33
1	191316	+	CG	29	31
1	191336	+	CG	19	25
1	191356	+	CG	17	21
1	191406	+	CG	24	33
1	191425	+	CG	15	21
1	191525	+	CG	25	31
1	191625	+	CG	23	28
1	191725	+	CG	20	27
1	191825	+	CG	16	32
1	191925	+	CG	19	29
1	191949	+	CG	18	32
1	191957	+	CG	26	31
1	191976	+	CG	36	40
1	191997	+	CG	18	23
1	192012	+	CG	28	29
1	192029	+	CG	24	27
1	192065	+	CG	24	29
1	192080	+	CG	20	24
1	192114	+	CG	27	30
1	192146	+	CG	19	25
1	192161	+	CG	23	29
1	192203	+	CG	29	37
1	192222	+	CG	28	33
1	192260	+	CG	24	33
1	192310	+	CG	19	24
1	192349	+	CG	28	36
1	192398	+	CG	21	29
1	192446	+	CG	29	37
1	192469	+	CG	23	27
1	192544	+	CG	21	25
1	192594	+	CG	26	31
1	192674	+	CG	26	27
1	192760	+	CG	35	36
1	192860	+	CG	18	22
1	192958	+	CG	25	27
1	193062	+	CG	27	33
1	193088	+	CG	24	31
1	193090	+	CG	23	30
1	193098	+	CG	20	23
1	193266	+	CG	24	25
1	193284	+	CG	29	39
1	193300	+	CG	25	36
1	193402	+	CG	23	27
1	193421	+	CG	23	37
1	193454	+	CG	32	41
1	193474	+	CG	25	31
1	193492	+	CG	12	21
1	193510	+	CG	18	28
1	193525	+	CG	22	29
1	193543	+	CG	22	31
1	193567	+	CG	18	24
1	193593	+	CG	15	22
1	193635	+	CG	22	32
1	193650	+	CG	24	36
1	193666	+	CG	22	34
1	193687	+	CG	18	33
1	193724	+	CG	23	32
1	193744	+	CG	26	36
1	193763	+	CG	19	28
1	193791	+	CG	17	25
1	193841	+	CG	19	35
1	193872	+	CG	18	27
1	193890	+	CG	17	24
1	193907	+	CG	22	31
1	193957	+	CG	32	38
1	194057	+	CG	22	30
1	194157	+	CG	16	22
1	194257	+	CG	31	36
1	194357	+	CG	23	34
1	194405	+	CG	19	26
1	194443	+	CG	12	19
1	194453	+	CG	24	31
1	194494	+	CG	24	30
1	194522	+	CG	26	31
1	194549	+	CG	29	30
1	194593	+	CG	27	30
1	194643	+	CG	23	29
1	194684	+	CG	22	26
1	194716	+	CG	27	32
1	194731	+	CG	24	31
1	194761	+	CG	24	24
1	194780	+	CG	17	21
1	194815	+	CG	28	31
1	194839	+	CG	23	30
1	194889	+	CG	24	32
1	194939	+	CG	25	27
1	194980	+	CG	36	40
1	194991	+	CG	18	23
1	195052	+	CG	21	26
1	195152	+	CG	28	37
1	195244	+	CG	21	26
1	195344	+	CG	23	28
1	195394	+	CG	21	27
1	195444	+	CG	22	25
1	195528	+	CG	26	31
1	195554	+	CG	27	31
1	195562	+	CG	27	33
1	195606	+	CG	20	24
1	195714	+	CG	21	28
1	195716	+	CG	21	25
1	195790	+	CG	22	26
1	195852	+	CG	25	33
1	195906	+	CG	25	29
1	195924	+	CG	23	24
1	195952	+	CG	18	24
1	195965	+	CG	25	27
1	195980	+	CG	32	36
1	196001	+	CG	28	28
1	196051	+	CG	26	28
1	196066	+	CG	18	20
1	196091	+	CG	30	32
1	196110	+	CG	18	21
1	196147	+	CG	32	36
1	196169	+	CG	34	34
1	196202	+	CG	41	42
1	196252	+	CG	26	29
1	196281	+	CG	31	32
1	196302	+	CG	23	25
1	196352	+	CG	28	30
1	196377	+	CG	27	28
1	196417	+	CG	35	36
1	196436	+	CG	18	21
1	196536	+	CG	32	38
1	196636	+	CG	20	23
1	196736	+	CG	25	26
1	196816	+	CG	28	32
1	196910	+	CG	23	27
1	196949	+	CG	23	29
1	196967	+	CG	16	28
1	196988	+	CG	24	31
1	197025	+	CG	21	25
1	197065	+	CG	21	27
1	197083	+	CG	19	27
1	197133	+	CG	22	30
1	197166	+	CG	30	44
1	197205	+	CG	24	36
1	197241	+	CG	20	31
1	197256	+	CG	16	27
1	197306	+	CG	21	32
1	197356	+	CG	20	28
1	197382	+	CG	20	31
1	197432	+	CG	23	28
1	197465	+	CG	17	27
1	197471	+	CG	20	24
1	197560	+	CG	23	29
1	197651	+	CG	24	28
1	197751	+	CG	22	29
1	197851	+	CG	23	34
1	197951	+	CG	32	36
1	197961	+	CG	20	28
1	197999	+	CG	22	29
1	198014	+	CG	17	23
1	198033	+	CG	36	42
1	198072	+	CG	25	31
1	198122	+	CG	27	32
1	198157	+	CG	32	35
1	198183	+	CG	29	34
1	198233	+	CG	20	29
1	198256	+	CG	22	29
1	198276	+	CG	17	22
1	198321	+	CG	13	21
1	198371	+	CG	19	25
1	198386	+	CG	27	34
1	198436	+	CG	23	29
1	198483	+	CG	32	35
1	198528	+	CG	24	28
1	198574	+	CG	20	30
1	198605	+	CG	23	27
1	198705	+	CG	22	35
1	198791	+	CG	21	23
1	198841	+	CG	20	33
1	198899	+	CG	22	28
1	198999	+	CG	19	25
1	199099	+	CG	29	35
1	199162	+	CG	21	26
1	199186	+	CG	22	30
1	199196	+	CG	5	29
1	199246	+	CG	9	30
1	199274	+	CG	5	29
1	199291	+	CG	6	30
1	199338	+	CG	5	21
1	199353	+	CG	2	38
1	199377	+	CG	6	24
1	199421	+	CG	1	14
1	199436	+	CG	2	29
1	199477	+	CG	0	25
1	199503	+	CG	2	26
1	199540	+	CG	4	31
1	199566	+	CG	5	25
1	199581	+	CG	5	32
1	199631	+	CG	6	34
1	199652	+	CG	4	31
1	199683	+	CG	6	30
1	199733	+	CG	9	36
1	199775	+	CG	2	31
1	199825	+	CG	2	26
1	199925	+	CG	5	34
1	199975	+	CG	5	23
1	200075	+	CG	3	28
1	200175	+	CG	5	30
1	200275	+	CG	7	26
1	200321	+	CG	3	32
1	200467	+	CG	3	26
1	200703	+	CG	6	34
1	200711	+	CG	4	29
1	200721	+	CG	4	31
1	200747	+	CG	2	30
1	200756	+	CG	17	26
1	200771	+	CG	17	26
1	200787	+	CG	16	28
1	200837	+	CG	24	34
1	200871	+	CG	20	26
1	200921	+	CG	29	38
1	200971	+	CG	22	28
1	200994	+	CG	20	25
1	201011	+	CG	19	21
1	201061	+	CG	27	32
1	201092	+	CG	16	34
1	201127	+	CG	25	30
1	201156	+	CG	14	23
1	201204	+	CG	25	35
1	201247	+	CG	15	20
1	201268	+	CG	17	30
1	201279	+	CG	16	26
1	201329	+	CG	18	28
1	201429	+	CG	19	27
1	201529	+	CG	22	26
1	201629	+	CG	20	26
1	201721	+	CG	22	27
1	201798	+	CG	21	25
1	201842	+	CG	26	32
1	201874	+	CG	14	25
1	201878	+	CG	18	25
1	201898	+	CG	16	18
1	201940	+	CG	24	28
1	202078	+	CG	24	33
1	202138	+	CG	33	40
1	202232	+	CG	22	29
1	202276	+	CG	24	31
1	202294	+	CG	19	26
1	202332	+	CG	19	22
1	202370	+	CG	20	25
1	202390	+	CG	22	24
1	202410	+	CG	27	34
1	202443	+	CG	21	26
1	202458	+	CG	21	26
1	202495	+	CG	30	32
1	202516	+	CG	22	29
1	202560	+	CG	27	38
1	202581	+	CG	20	25
1	202631	+	CG	28	32
1	202681	+	CG	22	29
1	202706	+	CG	18	31
1	202733	+	CG	26	33
1	202756	+	CG	20	28
1	202795	+	CG	22	28
1	202845	+	CG	21	28
1	202850	+	CG	28	32
1	202900	+	CG	28	32
1	203000	+	CG	24	32
1	203100	+	CG	19	26
1	203190	+	CG	30	35
1	203290	+	CG	22	30
1	203308	+	CG	16	23
1	203384	+	CG	26	36
1	203428	+	CG	29	32
1	203478	+	CG	24	26
1	203495	+	CG	15	19
1	203545	+	CG	25	26
1	203576	+	CG	29	32
1	203594	+	CG	27	32
1	203644	+	CG	34	41
1	203676	+	CG	23	26
1	203713	+	CG	19	23
1	203738	+	CG	21	26
1	203826	+	CG	21	24
1	203849	+	CG	30	30
1	203867	+	CG	23	27
1	203907	+	CG	31	37
1	203924	+	CG	25	32
1	203940	+	CG	17	24
1	204040	+	CG	27	27
1	204140	+	CG	21	24
1	204190	+	CG	33	36
1	204290	+	CG	27	29
1	204373	+	CG	32	33
1	204423	+	CG	26	30
1	204455	+	CG	33	36
1	204468	+	CG	21	30
1	204513	+	CG	20	28
1	204539	+	CG	27	31
1	204562	+	CG	11	15
1	204584	+	CG	22	31
1	204608	+	CG	22	31
1	204658	+	CG	18	26
1	204676	+	CG	22	32
1	204726	+	CG	18	28
1	204750	+	CG	12	21
1	204791	+	CG	17	29
1	204833	+	CG	15	19
1	204883	+	CG	28	40
1	204901	+	CG	14	28
1	204979	+	CG	19	26
1	205050	+	CG	24	33
1	205100	+	CG	20	28
1	205150	+	CG	15	22
1	205200	+	CG	19	29
1	205300	+	CG	18	28
1	205324	+	CG	23	33
1	205333	+	CG	31	35
1	205383	+	CG	21	25
1	205418	+	CG	20	27
1	205468	+	CG	30	33
1	205492	+	CG	19	30
1	205529	+	CG	38	40
1	205549	+	CG	13	18
1	205597	+	CG	26	31
1	205633	+	CG	25	26
1	205650	+	CG	32	33
1	205669	+	CG	25	25
1	205687	+	CG	35	38
1	205727	+	CG	22	25
1	205745	+	CG	22	25
1	205845	+	CG	25	31
1	205945	+	CG	27	27
1	206045	+	CG	25	31
1	206145	+	CG	29	33
1	206207	+	CG	29	34
1	206303	+	CG	25	28
1	206375	+	CG	23	27
1	206387	+	CG	20	23
1	206397	+	CG	22	26
1	206465	+	CG	22	27
1	206539	+	CG	24	27
1	206609	+	CG	20	26
1	206618	+	CG	0	27
1	206653	+	CG	1	19
1	206681	+	CG	0	21
1	206731	+	CG	4	33
1	206746	+	CG	3	38
1	206796	+	CG	3	31
1	206816	+	CG	0	27
1	206856	+	CG	0	30
1	206877	+	CG	1	26
1	206899	+	CG	0	29
1	206931	+	CG	0	30
1	206948	+	CG	0	27
1	206976	+	CG	0	21
1	207009	+	CG	0	37
1	207024	+	CG	1	27
1	207040	+	CG	0	28
1	207060	+	CG	0	31
1	207110	+	CG	0	32
1	207129	+	CG	0	33
1	207145	+	CG	2	34
1	207245	+	CG	0	41
1	207317	+	CG	0	27
1	207382	+	CG	1	28
1	207482	+	CG	1	25
1	207541	+	CG	0	30
1	207641	+	CG	0	28
1	207713	+	CG	3	27
1	207863	+	CG	1	18
1	207911	+	CG	1	31
1	208077	+	CG	3	30
1	208141	+	CG	3	32
1	208173	+	CG	22	34
1	208205	+	CG	18	27
1	208255	+	CG	20	32
1	208287	+	CG	21	27
1	208324	+	CG	12	25
1	208339	+	CG	15	28
1	208360	+	CG	19	25
1	208386	+	CG	22	31
1	208413	+	CG	21	30
1	208435	+	CG	20	29
1	208474	+	CG	15	23
1	208495	+	CG	14	25
1	208516	+	CG	23	29
1	208545	+	CG	22	31
1	208587	+	CG	19	27
1	208604	+	CG	18	30
1	208643	+	CG	15	30
1	208681	+	CG	26	32
1	208704	+	CG	18	27
1	208764	+	CG	21	33
1	208840	+	CG	21	32
1	208935	+	CG	27	36
1	209035	+	CG	16	27
1	209128	+	CG	19	29
1	209228	+	CG	30	34
1	209292	+	CG	18	32
1	209326	+	CG	0	25
1	209368	+	CG	1	29
1	209387	+	CG	2	32
1	209405	+	CG	1	28
1	209432	+	CG	3	30
1	209464	+	CG	0	28
1	209514	+	CG	0	37
1	209541	+	CG	0	34
1	209573	+	CG	5	26
1	209591	+	CG	1	31
1	209633	+	CG	1	37
1	209651	+	CG	2	32
1	209670	+	CG	1	30
1	209685	+	CG	4	31
1	209727	+	CG	6	26
1	209751	+	CG	0	25
1	209783	+	CG	1	23
1	209818	+	CG	1	33
1	209857	+	CG	1	16
1	209918	+	CG	2	34
1	210018	+	CG	0	28
1	210118	+	CG	2	20
1	210216	+	CG	5	26
1	210316	+	CG	2	30
1	210322	+	CG	2	24
1	210404	+	CG	4	32
1	210439	+	CG	19	30
1	210465	+	CG	16	21
1	210480	+	CG	22	29
1	210499	+	CG	24	34
1	210549	+	CG	23	33
1	210590	+	CG	22	38
1	210615	+	CG	21	38
1	210660	+	CG	21	25
1	210675	+	CG	22	27
1	210721	+	CG	11	17
1	210771	+	CG	28	37
1	210792	+	CG	25	30
1	210833	+	CG	18	30
1	210883	+	CG	15	24
1	210898	+	CG	23	27
1	210916	+	CG	23	29
1	210943	+	CG	19	24
1	210985	+	CG	19	31
1	211004	+	CG	20	25
1	211104	+	CG	23	33
1	211203	+	CG	16	28
1	211267	+	CG	21	27
1	211317	+	CG	26	33
1	211417	+	CG	17	21
1	211504	+	CG	26	34
1	211564	+	CG	18	23
1	211578	+	CG	17	26
1	211617	+	CG	29	37
1	211657	+	CG	24	30
1	211701	+	CG	27	37
1	211748	+	CG	27	32
1	211763	+	CG	27	35
1	211812	+	CG	26	40
1	211845	+	CG	24	26
1	211893	+	CG	25	31
1	211943	+	CG	24	31
1	211990	+	CG	24	35
1	212015	+	CG	31	38
1	212056	+	CG	20	30
1	212156	+	CG	17	24
1	212217	+	CG	25	28
1	212271	+	CG	22	28
1	212371	+	CG	14	23
1	212471	+	CG	25	30
1	212561	+	CG	20	32
1	212595	+	CG	29	29
1	212611	+	CG	31	36
1	212650	+	CG	22	23
1	212697	+	CG	27	33
1	212740	+	CG	32	34
1	212790	+	CG	31	33
1	212806	+	CG	25	31
1	212843	+	CG	20	24
1	212893	+	CG	23	24
1	212943	+	CG	16	21
1	212983	+	CG	32	35
1	213033	+	CG	23	29
1	213055	+	CG	31	35
1	213070	+	CG	21	28
1	213102	+	CG	27	27
1	213200	+	CG	30	35
1	213299	+	CG	35	42
1	213399	+	CG	29	36
1	213472	+	CG	22	26
1	213572	+	CG	23	27
1	213640	+	CG	18	28
1	213668	+	CG	21	23
1	213675	+	CG	3	28
1	213700	+	CG	4	28
1	213725	+	CG	4	33
1	213741	+	CG	1	41
1	213782	+	CG	1	22
1	213804	+	CG	6	28
1	213833	+	CG	5	26
1	213883	+	CG	3	31
1	213898	+	CG	6	32
1	213923	+	CG	2	30
1	213959	+	CG	2	20
1	213990	+	CG	3	23
1	214005	+	CG	5	32
1	214031	+	CG	3	32
1	214081	+	CG	4	28
1	214113	+	CG	3	38
1	214135	+	CG	0	18
1	214158	+	CG	0	32
1	214165	+	CG	1	32
1	214265	+	CG	3	36
1	214365	+	CG	2	31
1	214427	+	CG	0	25
1	214527	+	CG	1	27
1	214621	+	CG	6	37
1	214735	+	CG	6	31
1	214795	+	CG	4	29
1	214837	+	CG	3	36
1	214863	+	CG	7	29
1	214873	+	CG	0	30
1	214887	+	CG	4	32
1	215053	+	CG	6	30
1	215117	+	CG	4	33
1	215119	+	CG	8	33
