chr	start	end	coverage	methylation_level
chr1	100005	100006	33	0.9311	good-DMR
chr1	100046	100047	31	0.6946	good-DMR
chr1	100096	100097	35	0.9146	good-DMR
chr1	100123	100124	34	0.8533	good-DMR
chr1	100150	100151	25	0.9341	good-DMR
chr1	100200	100201	34	0.8458	good-DMR
chr1	100244	100245	31	0.8719	good-DMR
chr1	100268	100269	30	0.9326	good-DMR
chr1	100307	100308	37	0.7924	good-DMR
chr1	100331	100332	36	0.9744	good-DMR
chr1	100355	100356	31	0.8858	good-DMR
chr1	100389	100390	24	0.703	good-DMR
chr1	100404	100405	30	0.8222	good-DMR
chr1	100419	100420	29	0.8053	good-DMR
chr1	100442	100443	21	0.9049	good-DMR
chr1	100460	100461	27	0.863	good-DMR
chr1	100495	100496	25	0.8963	good-DMR
chr1	100514	100515	37	0.7604	good-DMR
chr1	100529	100530	32	0.7905	good-DMR
chr1	100629	100630	41	1.0	good-DMR
chr1	100716	100717	36	0.8584	good-DMR
chr1	100816	100817	30	0.9641	good-DMR
chr1	100866	100867	35	0.8186	good-DMR
chr1	100938	100939	27	0.7615	good-DMR
chr1	101038	101039	26	1.0	good-DMR
chr1	101074	101075	28	0.8841	flank-DMR
chr1	101182	101183	31	0.8084	flank-DMR
chr1	101194	101195	34	0.9633	flank-DMR
chr1	101250	101251	31	0.9296	flank-DMR
chr1	101344	101345	23	0.9892	flank-DMR
chr1	101380	101381	26	0.79	flank-DMR
chr1	101386	101387	37	0.0547	good-DMR
chr1	101425	101426	27	0.2141	good-DMR
chr1	101464	101465	22	0.1291	good-DMR
chr1	101481	101482	32	0.0939	good-DMR
chr1	101529	101530	24	0.3244	good-DMR
chr1	101544	101545	31	0.2238	good-DMR
chr1	101594	101595	23	0.1786	good-DMR
chr1	101610	101611	33	0.113	good-DMR
chr1	101637	101638	39	0.0245	good-DMR
chr1	101687	101688	22	0.0464	good-DMR
chr1	101719	101720	29	0.1312	good-DMR
chr1	101764	101765	28	0.1096	good-DMR
chr1	101805	101806	23	0.2042	good-DMR
chr1	101808	101809	29	0.2859	good-DMR
chr1	101908	101909	31	0.0878	good-DMR
chr1	101984	101985	32	0.1614	good-DMR
chr1	102084	102085	33	0.1765	good-DMR
chr1	102134	102135	30	0.1115	good-DMR
chr1	102188	102189	29	0.334	flank-DMR
chr1	102314	102315	26	0.238	flank-DMR
chr1	102356	102357	29	0.0285	flank-DMR
chr1	102456	102457	30	0.1299	flank-DMR
chr1	102472	102473	34	0.0704	flank-DMR
chr1	102478	102479	27	0.0055	flank-DMR
chr1	102498	102499	27	0.1198	flank-DMR
chr1	102504	102505	22	0.138	flank-DMR
chr1	102620	102621	33	0.2313	flank-DMR
chr1	102636	102637	30	0.294	non-DMR
chr1	102684	102685	29	0.1418	non-DMR
chr1	102715	102716	31	0.2034	non-DMR
chr1	102749	102750	29	0.1984	non-DMR
chr1	102799	102800	30	0.2358	non-DMR
chr1	102838	102839	37	0.1666	non-DMR
chr1	102877	102878	22	0.0321	non-DMR
chr1	102927	102928	29	0.1752	non-DMR
chr1	102952	102953	29	0.2266	non-DMR
chr1	102972	102973	31	0.3303	non-DMR
chr1	102990	102991	37	0.0546	non-DMR
chr1	103005	103006	30	0.214	non-DMR
chr1	103055	103056	37	0.0165	non-DMR
chr1	103072	103073	36	0.2965	non-DMR
chr1	103099	103100	33	0.3011	non-DMR
chr1	103103	103104	37	0.2739	non-DMR
chr1	103203	103204	24	0.2255	non-DMR
chr1	103303	103304	27	0.1495	non-DMR
chr1	103403	103404	23	0.4605	non-DMR
chr1	103473	103474	32	0.2196	non-DMR
chr1	103563	103564	37	0.2618	non-DMR
chr1	103597	103598	26	0.112	flank-DMR
chr1	103612	103613	31	0.8016	non-DMR
chr1	103638	103639	20	0.9758	non-DMR
chr1	103653	103654	36	0.7571	non-DMR
chr1	103690	103691	24	0.7114	non-DMR
chr1	103723	103724	30	0.8548	non-DMR
chr1	103757	103758	30	0.8283	non-DMR
chr1	103804	103805	37	0.9304	non-DMR
chr1	103854	103855	24	0.9381	non-DMR
chr1	103879	103880	38	0.8926	non-DMR
chr1	103917	103918	24	0.7471	non-DMR
chr1	103952	103953	19	0.7367	non-DMR
chr1	103988	103989	27	0.8512	non-DMR
chr1	104025	104026	26	0.7985	non-DMR
chr1	104075	104076	27	0.6242	non-DMR
chr1	104151	104152	33	0.6817	non-DMR
chr1	104201	104202	30	0.8061	non-DMR
chr1	104267	104268	28	0.8542	non-DMR
chr1	104367	104368	31	0.8058	non-DMR
chr1	104467	104468	29	0.7029	non-DMR
chr1	104541	104542	32	0.7457	flank-DMR
chr1	104563	104564	32	0.6918	flank-DMR
chr1	104607	104608	23	0.5617	non-DMR
chr1	104629	104630	35	0.7592	non-DMR
chr1	104659	104660	37	0.7125	non-DMR
chr1	104688	104689	31	0.771	non-DMR
chr1	104703	104704	22	0.5803	non-DMR
chr1	104722	104723	36	0.6696	non-DMR
chr1	104745	104746	36	0.7859	non-DMR
chr1	104760	104761	33	0.6807	non-DMR
chr1	104791	104792	34	0.5817	non-DMR
chr1	104817	104818	29	0.6327	non-DMR
chr1	104832	104833	43	0.7359	non-DMR
chr1	104869	104870	24	0.811	non-DMR
chr1	104912	104913	27	0.5495	non-DMR
chr1	104946	104947	29	0.4926	non-DMR
chr1	104972	104973	31	0.5425	non-DMR
chr1	105012	105013	35	0.5356	non-DMR
chr1	105054	105055	27	0.7316	non-DMR
chr1	105089	105090	28	0.8158	non-DMR
chr1	105109	105110	24	0.6728	non-DMR
chr1	105143	105144	32	0.6659	non-DMR
chr1	105158	105159	30	0.6383	non-DMR
chr1	105228	105229	38	0.748	non-DMR
chr1	105328	105329	25	0.7089	non-DMR
chr1	105401	105402	28	0.5466	non-DMR
chr1	105501	105502	31	0.5736	non-DMR
chr1	105568	105569	28	0.844	non-DMR
chr1	105668	105669	32	0.5878	non-DMR
chr1	105676	105677	26	0.7515	flank-DMR
chr1	105762	105763	27	0.6465	flank-DMR
chr1	105768	105769	31	0.7153	good-DMR
chr1	105810	105811	29	0.8126	good-DMR
chr1	105839	105840	37	0.6531	good-DMR
chr1	105883	105884	30	0.5798	good-DMR
chr1	105924	105925	31	0.6593	good-DMR
chr1	105951	105952	30	0.8577	good-DMR
chr1	105966	105967	39	0.4917	good-DMR
chr1	105989	105990	27	0.7838	good-DMR
chr1	106039	106040	37	0.6918	good-DMR
chr1	106075	106076	32	0.7	good-DMR
chr1	106097	106098	29	0.6336	good-DMR
chr1	106131	106132	27	0.5813	good-DMR
chr1	106173	106174	38	0.7435	good-DMR
chr1	106195	106196	36	0.8281	good-DMR
chr1	106235	106236	34	0.6715	good-DMR
chr1	106335	106336	24	0.6722	good-DMR
chr1	106387	106388	20	0.765	good-DMR
chr1	106487	106488	25	0.7313	good-DMR
chr1	106565	106566	35	0.7603	good-DMR
chr1	106655	106656	24	0.7964	good-DMR
chr1	106679	106680	32	0.6524	flank-DMR
chr1	106735	106736	29	0.7274	flank-DMR
chr1	106787	106788	33	0.7981	flank-DMR
chr1	106915	106916	33	0.783	flank-DMR
chr1	106975	106976	40	0.5596	flank-DMR
chr1	106977	106978	37	0.7951	flank-DMR
chr1	106987	106988	31	0.713	flank-DMR
chr1	107013	107014	29	0.7232	flank-DMR
chr1	107061	107062	29	0.5896	flank-DMR
chr1	107149	107150	34	0.7592	flank-DMR
chr1	107168	107169	21	0.668	non-DMR
chr1	107190	107191	23	0.8011	non-DMR
chr1	107231	107232	23	0.8359	non-DMR
chr1	107281	107282	32	0.751	non-DMR
chr1	107301	107302	22	0.8347	non-DMR
chr1	107335	107336	33	0.6969	non-DMR
chr1	107385	107386	22	0.8522	non-DMR
chr1	107400	107401	27	0.8078	non-DMR
chr1	107445	107446	26	0.9201	non-DMR
chr1	107462	107463	16	0.8505	non-DMR
chr1	107495	107496	34	0.7965	non-DMR
chr1	107545	107546	29	0.7492	non-DMR
chr1	107560	107561	29	0.7931	non-DMR
chr1	107604	107605	35	0.8187	non-DMR
chr1	107654	107655	25	0.7992	non-DMR
chr1	107677	107678	24	0.9051	non-DMR
chr1	107717	107718	26	0.8286	non-DMR
chr1	107767	107768	29	0.7023	non-DMR
chr1	107773	107774	38	0.7523	non-DMR
chr1	107873	107874	33	0.8463	non-DMR
chr1	107973	107974	35	0.7463	non-DMR
chr1	108073	108074	28	0.7253	non-DMR
chr1	108173	108174	26	0.7766	non-DMR
chr1	108228	108229	27	0.8616	non-DMR
chr1	108328	108329	26	0.8325	non-DMR
chr1	108408	108409	33	0.838	flank-DMR
chr1	108416	108417	34	0.7222	flank-DMR
chr1	108431	108432	30	0.7988	non-DMR
chr1	108468	108469	18	0.8671	non-DMR
chr1	108500	108501	21	0.6867	non-DMR
chr1	108534	108535	27	0.7111	non-DMR
chr1	108584	108585	34	0.8568	non-DMR
chr1	108622	108623	27	0.7919	non-DMR
chr1	108672	108673	27	0.6851	non-DMR
chr1	108696	108697	28	0.726	non-DMR
chr1	108711	108712	37	0.8502	non-DMR
chr1	108732	108733	25	0.6582	non-DMR
chr1	108755	108756	31	0.8045	non-DMR
chr1	108805	108806	33	0.8744	non-DMR
chr1	108848	108849	27	0.7235	non-DMR
chr1	108870	108871	28	0.783	non-DMR
chr1	108915	108916	36	0.8705	non-DMR
chr1	108943	108944	31	0.7795	non-DMR
chr1	108993	108994	28	0.7098	non-DMR
chr1	108995	108996	25	0.8552	non-DMR
chr1	109045	109046	38	0.7061	non-DMR
chr1	109134	109135	24	0.8688	non-DMR
chr1	109216	109217	30	0.7773	non-DMR
chr1	109266	109267	25	0.8532	non-DMR
chr1	109366	109367	34	0.6215	non-DMR
chr1	109466	109467	27	0.7586	non-DMR
chr1	109517	109518	34	0.9434	non-DMR
chr1	109599	109600	20	0.7989	flank-DMR
chr1	109601	109602	35	0.8787	flank-DMR
chr1	109613	109614	32	0.9058	non-DMR
chr1	109636	109637	32	0.7484	non-DMR
chr1	109668	109669	18	0.9003	non-DMR
chr1	109697	109698	26	0.7855	non-DMR
chr1	109747	109748	32	0.804	non-DMR
chr1	109773	109774	29	0.8442	non-DMR
chr1	109805	109806	27	0.9421	non-DMR
chr1	109820	109821	26	1.0	non-DMR
chr1	109855	109856	28	0.8167	non-DMR
chr1	109875	109876	30	0.9545	non-DMR
chr1	109890	109891	34	0.9621	non-DMR
chr1	109940	109941	44	0.9935	non-DMR
chr1	109969	109970	26	0.9266	non-DMR
chr1	109984	109985	28	0.8173	non-DMR
chr1	110004	110005	23	1.0	non-DMR
chr1	110034	110035	34	0.7518	non-DMR
chr1	110065	110066	26	0.9698	non-DMR
chr1	110088	110089	35	0.8094	non-DMR
chr1	110103	110104	33	0.8126	non-DMR
chr1	110126	110127	29	1.0	non-DMR
chr1	110127	110128	27	0.7717	non-DMR
chr1	110227	110228	30	0.7298	non-DMR
chr1	110296	110297	33	0.7707	non-DMR
chr1	110396	110397	26	0.7799	non-DMR
chr1	110446	110447	30	0.767	non-DMR
chr1	110508	110509	24	0.8587	non-DMR
chr1	110608	110609	35	0.8762	non-DMR
chr1	110666	110667	31	0.8197	flank-DMR
chr1	110716	110717	31	0.8755	non-DMR
chr1	110741	110742	26	0.7787	non-DMR
chr1	110768	110769	37	1.0	non-DMR
chr1	110788	110789	29	0.9022	non-DMR
chr1	110810	110811	33	0.7737	non-DMR
chr1	110860	110861	30	0.822	non-DMR
chr1	110908	110909	25	0.7923	non-DMR
chr1	110923	110924	29	0.672	non-DMR
chr1	110973	110974	30	1.0	non-DMR
chr1	111023	111024	27	0.7727	non-DMR
chr1	111049	111050	25	0.6283	non-DMR
chr1	111084	111085	28	0.8865	non-DMR
chr1	111114	111115	28	0.8403	non-DMR
chr1	111164	111165	32	0.814	non-DMR
chr1	111184	111185	31	0.8075	non-DMR
chr1	111216	111217	35	0.9108	non-DMR
chr1	111240	111241	23	0.8769	non-DMR
chr1	111255	111256	38	0.7804	non-DMR
chr1	111305	111306	29	0.6598	non-DMR
chr1	111318	111319	29	0.8533	non-DMR
chr1	111418	111419	23	0.8252	non-DMR
chr1	111468	111469	27	0.9459	non-DMR
chr1	111547	111548	32	0.8481	non-DMR
chr1	111647	111648	26	1.0	non-DMR
chr1	111708	111709	31	0.874	non-DMR
chr1	111808	111809	25	0.9166	non-DMR
chr1	111893	111894	26	0.8286	non-DMR
chr1	111931	111932	34	0.7939	flank-DMR
chr1	111971	111972	27	0.9585	flank-DMR
chr1	111995	111996	28	0.1402	non-DMR
chr1	112029	112030	35	0.0	non-DMR
chr1	112067	112068	29	0.0626	non-DMR
chr1	112103	112104	32	0.0486	non-DMR
chr1	112128	112129	32	0.0192	non-DMR
chr1	112170	112171	25	0.1722	non-DMR
chr1	112186	112187	34	0.0536	non-DMR
chr1	112233	112234	34	0.0439	non-DMR
chr1	112257	112258	24	0.1047	non-DMR
chr1	112292	112293	30	0.0205	non-DMR
chr1	112317	112318	36	0.0	non-DMR
chr1	112367	112368	26	0.0345	non-DMR
chr1	112404	112405	15	0.0972	non-DMR
chr1	112435	112436	33	0.1525	non-DMR
chr1	112535	112536	37	0.1923	non-DMR
chr1	112622	112623	32	0.1667	non-DMR
chr1	112722	112723	30	0.0	non-DMR
chr1	112822	112823	23	0.044	non-DMR
chr1	112920	112921	33	0.1145	flank-DMR
chr1	112928	112929	28	0.1248	good-DMR
chr1	112978	112979	32	0.1553	good-DMR
chr1	113006	113007	31	0.1373	good-DMR
chr1	113021	113022	28	0.0061	good-DMR
chr1	113045	113046	29	0.3043	good-DMR
chr1	113081	113082	23	0.1652	good-DMR
chr1	113104	113105	32	0.1497	good-DMR
chr1	113134	113135	29	0.147	good-DMR
chr1	113177	113178	34	0.2361	good-DMR
chr1	113204	113205	23	0.237	good-DMR
chr1	113223	113224	33	0.0793	good-DMR
chr1	113249	113250	28	0.0992	good-DMR
chr1	113299	113300	21	0.0647	good-DMR
chr1	113349	113350	32	0.0808	good-DMR
chr1	113364	113365	22	0.2519	good-DMR
chr1	113414	113415	41	0.0653	good-DMR
chr1	113448	113449	26	0.134	good-DMR
chr1	113461	113462	37	0.0774	good-DMR
chr1	113533	113534	33	0.0775	good-DMR
chr1	113583	113584	28	0.1015	good-DMR
chr1	113683	113684	28	0.0329	good-DMR
chr1	113740	113741	27	0.0767	good-DMR
chr1	113790	113791	21	0.1138	good-DMR
chr1	113840	113841	36	0.2765	good-DMR
chr1	113940	113941	34	0.1383	good-DMR
chr1	113960	113961	20	0.226	flank-DMR
chr1	114012	114013	22	0.0596	flank-DMR
chr1	114032	114033	34	0.1817	flank-DMR
chr1	114086	114087	25	0.0297	flank-DMR
chr1	114096	114097	31	0.2758	flank-DMR
chr1	114116	114117	37	0.0	flank-DMR
chr1	114216	114217	30	0.1458	flank-DMR
chr1	114298	114299	27	0.0292	flank-DMR
chr1	114404	114405	25	0.1389	flank-DMR
chr1	114437	114438	26	0.6134	non-DMR
chr1	114452	114453	33	0.8564	non-DMR
chr1	114496	114497	34	0.7895	non-DMR
chr1	114524	114525	28	0.7466	non-DMR
chr1	114553	114554	24	0.68	non-DMR
chr1	114603	114604	22	0.608	non-DMR
chr1	114618	114619	33	0.7258	non-DMR
chr1	114635	114636	25	0.7447	non-DMR
chr1	114670	114671	35	0.6774	non-DMR
chr1	114685	114686	26	0.7012	non-DMR
chr1	114707	114708	37	0.6295	non-DMR
chr1	114756	114757	40	0.6846	non-DMR
chr1	114784	114785	27	0.7317	non-DMR
chr1	114799	114800	35	0.7427	non-DMR
chr1	114832	114833	25	0.7141	non-DMR
chr1	114857	114858	32	0.7147	non-DMR
chr1	114878	114879	31	0.743	non-DMR
chr1	114928	114929	27	0.6009	non-DMR
chr1	114951	114952	28	0.6848	non-DMR
chr1	115035	115036	23	0.7553	non-DMR
chr1	115135	115136	33	0.7089	non-DMR
chr1	115219	115220	27	0.6768	non-DMR
chr1	115292	115293	26	0.6512	non-DMR
chr1	115392	115393	27	0.6794	non-DMR
chr1	115462	115463	29	0.8164	flank-DMR
chr1	115464	115465	24	0.7195	flank-DMR
chr1	115491	115492	36	0.59	non-DMR
chr1	115528	115529	32	0.4823	non-DMR
chr1	115563	115564	36	0.3854	non-DMR
chr1	115582	115583	30	0.3391	non-DMR
chr1	115602	115603	20	0.7058	non-DMR
chr1	115652	115653	21	0.4586	non-DMR
chr1	115692	115693	35	0.5423	non-DMR
chr1	115739	115740	26	0.4146	non-DMR
chr1	115772	115773	32	0.5491	non-DMR
chr1	115809	115810	26	0.4278	non-DMR
chr1	115837	115838	27	0.6426	non-DMR
chr1	115867	115868	36	0.55	non-DMR
chr1	115891	115892	34	0.6044	non-DMR
chr1	115941	115942	33	0.4804	non-DMR
chr1	115962	115963	31	0.3807	non-DMR
chr1	115997	115998	29	0.6368	non-DMR
chr1	116025	116026	34	0.5514	non-DMR
chr1	116059	116060	32	0.5202	non-DMR
chr1	116159	116160	30	0.6312	non-DMR
chr1	116259	116260	28	0.6758	non-DMR
chr1	116359	116360	27	0.5418	non-DMR
chr1	116414	116415	26	0.4572	non-DMR
chr1	116514	116515	28	0.4173	non-DMR
chr1	116608	116609	43	0.6271	non-DMR
chr1	116626	116627	29	0.6071	flank-DMR
chr1	116676	116677	31	0.6972	non-DMR
chr1	116726	116727	20	0.6241	non-DMR
chr1	116744	116745	35	0.5971	non-DMR
chr1	116764	116765	35	0.6162	non-DMR
chr1	116814	116815	32	0.7123	non-DMR
chr1	116832	116833	34	0.6017	non-DMR
chr1	116855	116856	30	0.5564	non-DMR
chr1	116905	116906	27	0.5693	non-DMR
chr1	116955	116956	32	0.6083	non-DMR
chr1	116970	116971	31	0.6791	non-DMR
chr1	117014	117015	33	0.7292	non-DMR
chr1	117041	117042	29	0.6343	non-DMR
chr1	117069	117070	35	0.7615	non-DMR
chr1	117119	117120	32	0.7419	non-DMR
chr1	117144	117145	38	0.5291	non-DMR
chr1	117167	117168	24	0.6032	non-DMR
chr1	117193	117194	31	0.7565	non-DMR
chr1	117202	117203	27	0.7632	non-DMR
chr1	117302	117303	27	0.6502	non-DMR
chr1	117402	117403	29	0.8154	non-DMR
chr1	117502	117503	23	0.7283	non-DMR
chr1	117601	117602	25	0.8092	non-DMR
chr1	117701	117702	31	0.6429	non-DMR
chr1	117745	117746	29	0.7527	flank-DMR
chr1	117750	117751	31	0.7873	good-DMR
chr1	117765	117766	30	0.6489	good-DMR
chr1	117809	117810	26	0.767	good-DMR
chr1	117846	117847	36	0.786	good-DMR
chr1	117891	117892	27	0.7742	good-DMR
chr1	117932	117933	28	0.7341	good-DMR
chr1	117965	117966	29	0.7951	good-DMR
chr1	118009	118010	27	0.91	good-DMR
chr1	118033	118034	36	0.7153	good-DMR
chr1	118073	118074	35	0.7894	good-DMR
chr1	118096	118097	27	0.7309	good-DMR
chr1	118137	118138	30	0.7194	good-DMR
chr1	118164	118165	30	0.7984	good-DMR
chr1	118202	118203	33	0.7462	good-DMR
chr1	118209	118210	32	0.7356	good-DMR
chr1	118294	118295	24	0.7696	good-DMR
chr1	118381	118382	21	0.815	good-DMR
chr1	118431	118432	24	0.7014	good-DMR
chr1	118531	118532	31	0.8847	good-DMR
chr1	118631	118632	29	0.8532	good-DMR
chr1	118633	118634	30	0.7809	flank-DMR
chr1	118717	118718	25	0.8161	flank-DMR
chr1	118803	118804	32	0.7811	flank-DMR
chr1	118807	118808	23	0.7473	flank-DMR
chr1	119041	119042	35	0.7837	flank-DMR
chr1	119053	119054	33	0.0017	non-DMR
chr1	119068	119069	36	0.1887	non-DMR
chr1	119092	119093	32	0.1057	non-DMR
chr1	119110	119111	37	0.1069	non-DMR
chr1	119160	119161	31	0.1051	non-DMR
chr1	119206	119207	26	0.0	non-DMR
chr1	119224	119225	25	0.0593	non-DMR
chr1	119263	119264	29	0.2171	non-DMR
chr1	119280	119281	22	0.0313	non-DMR
chr1	119295	119296	21	0.0071	non-DMR
chr1	119316	119317	31	0.1858	non-DMR
chr1	119344	119345	30	0.1635	non-DMR
chr1	119380	119381	25	0.0937	non-DMR
chr1	119426	119427	38	0.0	non-DMR
chr1	119451	119452	29	0.0175	non-DMR
chr1	119493	119494	22	0.0	non-DMR
chr1	119508	119509	31	0.0942	non-DMR
chr1	119546	119547	37	0.0744	non-DMR
chr1	119596	119597	21	0.0731	non-DMR
chr1	119670	119671	23	0.0407	non-DMR
chr1	119736	119737	32	0.1127	non-DMR
chr1	119786	119787	32	0.1131	non-DMR
chr1	119886	119887	33	0.0	non-DMR
chr1	119986	119987	35	0.1682	non-DMR
chr1	120036	120037	28	0.1246	non-DMR
chr1	120046	120047	29	0.1848	flank-DMR
chr1	120088	120089	31	0.0999	flank-DMR
chr1	120134	120135	34	0.8401	non-DMR
chr1	120184	120185	34	0.77	non-DMR
chr1	120225	120226	22	0.8368	non-DMR
chr1	120256	120257	33	0.8004	non-DMR
chr1	120284	120285	28	0.7811	non-DMR
chr1	120333	120334	27	0.6997	non-DMR
chr1	120355	120356	31	0.6401	non-DMR
chr1	120370	120371	38	0.6841	non-DMR
chr1	120401	120402	24	0.7952	non-DMR
chr1	120451	120452	33	0.8334	non-DMR
chr1	120501	120502	30	0.7829	non-DMR
chr1	120529	120530	24	0.7929	non-DMR
chr1	120560	120561	31	0.7166	non-DMR
chr1	120599	120600	31	0.631	non-DMR
chr1	120615	120616	23	0.7398	non-DMR
chr1	120715	120716	27	0.6916	non-DMR
chr1	120810	120811	24	0.7833	non-DMR
chr1	120910	120911	38	0.8071	non-DMR
chr1	121010	121011	20	0.7521	non-DMR
chr1	121060	121061	29	0.7574	flank-DMR
chr1	121084	121085	35	0.8371	flank-DMR
chr1	121125	121126	27	0.5564	non-DMR
chr1	121158	121159	29	0.469	non-DMR
chr1	121205	121206	25	0.571	non-DMR
chr1	121221	121222	25	0.723	non-DMR
chr1	121248	121249	32	0.6413	non-DMR
chr1	121274	121275	30	0.7118	non-DMR
chr1	121306	121307	31	0.543	non-DMR
chr1	121356	121357	29	0.744	non-DMR
chr1	121378	121379	27	0.5906	non-DMR
chr1	121419	121420	34	0.5176	non-DMR
chr1	121469	121470	32	0.4214	non-DMR
chr1	121489	121490	28	0.7615	non-DMR
chr1	121521	121522	31	0.4128	non-DMR
chr1	121553	121554	38	0.4588	non-DMR
chr1	121569	121570	30	0.6328	non-DMR
chr1	121609	121610	22	0.7382	non-DMR
chr1	121709	121710	22	0.6186	non-DMR
chr1	121776	121777	25	0.7447	non-DMR
chr1	121860	121861	36	0.4237	non-DMR
chr1	121910	121911	22	0.684	non-DMR
chr1	122010	122011	33	0.6325	non-DMR
chr1	122064	122065	30	0.739	flank-DMR
chr1	122089	122090	23	0.031	non-DMR
chr1	122134	122135	28	0.0998	non-DMR
chr1	122154	122155	34	0.2735	non-DMR
chr1	122185	122186	24	0.0948	non-DMR
chr1	122203	122204	27	0.1069	non-DMR
chr1	122229	122230	36	0.2475	non-DMR
chr1	122253	122254	32	0.1929	non-DMR
chr1	122282	122283	25	0.2085	non-DMR
chr1	122332	122333	29	0.2599	non-DMR
chr1	122382	122383	22	0.1233	non-DMR
chr1	122410	122411	30	0.146	non-DMR
chr1	122437	122438	22	0.0799	non-DMR
chr1	122458	122459	23	0.22	non-DMR
chr1	122476	122477	28	0.2357	non-DMR
chr1	122504	122505	25	0.0585	non-DMR
chr1	122531	122532	33	0.0252	non-DMR
chr1	122581	122582	25	0.1592	non-DMR
chr1	122681	122682	22	0.139	non-DMR
chr1	122781	122782	33	0.0994	non-DMR
chr1	122831	122832	34	0.2251	non-DMR
chr1	122931	122932	15	0.2578	non-DMR
chr1	122965	122966	26	0.2284	flank-DMR
chr1	122967	122968	32	0.0538	flank-DMR
chr1	122972	122973	31	0.0	good-DMR
chr1	122987	122988	34	0.1858	good-DMR
chr1	123020	123021	27	0.0802	good-DMR
chr1	123062	123063	31	0.2496	good-DMR
chr1	123097	123098	32	0.0923	good-DMR
chr1	123118	123119	35	0.2074	good-DMR
chr1	123140	123141	40	0.1771	good-DMR
chr1	123190	123191	32	0.0069	good-DMR
chr1	123226	123227	41	0.0964	good-DMR
chr1	123241	123242	34	0.1177	good-DMR
chr1	123264	123265	32	0.0	good-DMR
chr1	123291	123292	35	0.1281	good-DMR
chr1	123307	123308	27	0.0	good-DMR
chr1	123335	123336	37	0.0888	good-DMR
chr1	123358	123359	33	0.0017	good-DMR
chr1	123391	123392	28	0.1657	good-DMR
chr1	123417	123418	28	0.1619	good-DMR
chr1	123438	123439	29	0.1734	good-DMR
chr1	123463	123464	29	0.0855	good-DMR
chr1	123490	123491	38	0.1582	good-DMR
chr1	123590	123591	31	0.1931	good-DMR
chr1	123678	123679	24	0.1489	good-DMR
chr1	123778	123779	31	0.0561	good-DMR
chr1	123878	123879	29	0.0467	good-DMR
chr1	123929	123930	30	0.1903	good-DMR
chr1	123963	123964	26	0.1087	flank-DMR
chr1	123967	123968	26	0.0795	flank-DMR
chr1	124047	124048	30	0.1754	flank-DMR
chr1	124195	124196	24	0.0353	flank-DMR
chr1	124263	124264	23	0.0856	flank-DMR
chr1	124373	124374	25	0.0808	flank-DMR
chr1	124415	124416	36	0.0415	flank-DMR
chr1	124435	124436	24	0.7161	non-DMR
chr1	124458	124459	33	0.7567	non-DMR
chr1	124489	124490	26	0.5709	non-DMR
chr1	124512	124513	39	0.7809	non-DMR
chr1	124545	124546	36	0.6601	non-DMR
chr1	124576	124577	27	0.5792	non-DMR
chr1	124596	124597	40	0.5968	non-DMR
chr1	124641	124642	34	0.7655	non-DMR
chr1	124656	124657	22	0.5874	non-DMR
chr1	124706	124707	27	0.5684	non-DMR
chr1	124741	124742	34	0.6445	non-DMR
chr1	124781	124782	33	0.6191	non-DMR
chr1	124796	124797	30	0.7114	non-DMR
chr1	124825	124826	38	0.6222	non-DMR
chr1	124875	124876	23	0.6046	non-DMR
chr1	124903	124904	34	0.6663	non-DMR
chr1	124935	124936	33	0.7295	non-DMR
chr1	124952	124953	23	0.7875	non-DMR
chr1	124967	124968	23	0.7967	non-DMR
chr1	124969	124970	33	0.7146	non-DMR
chr1	125036	125037	29	0.7249	non-DMR
chr1	125108	125109	26	0.5979	non-DMR
chr1	125208	125209	29	0.6273	non-DMR
chr1	125308	125309	36	0.5779	non-DMR
chr1	125408	125409	35	0.5526	non-DMR
chr1	125462	125463	23	0.598	flank-DMR
chr1	125496	125497	23	0.8803	non-DMR
chr1	125519	125520	35	0.7918	non-DMR
chr1	125535	125536	31	0.753	non-DMR
chr1	125560	125561	25	0.8295	non-DMR
chr1	125604	125605	25	0.7509	non-DMR
chr1	125648	125649	27	0.7808	non-DMR
chr1	125672	125673	33	0.7324	non-DMR
chr1	125692	125693	31	0.6498	non-DMR
chr1	125710	125711	40	0.8012	non-DMR
chr1	125738	125739	28	0.834	non-DMR
chr1	125770	125771	32	0.7724	non-DMR
chr1	125820	125821	24	0.5958	non-DMR
chr1	125852	125853	36	0.7124	non-DMR
chr1	125893	125894	32	0.7717	non-DMR
chr1	125913	125914	24	0.8766	non-DMR
chr1	125944	125945	31	0.7062	non-DMR
chr1	125976	125977	31	0.623	non-DMR
chr1	126004	126005	35	0.6896	non-DMR
chr1	126022	126023	33	0.6154	non-DMR
chr1	126122	126123	30	0.6894	non-DMR
chr1	126222	126223	36	0.7817	non-DMR
chr1	126322	126323	26	0.6515	non-DMR
chr1	126372	126373	30	0.6613	non-DMR
chr1	126472	126473	29	0.6735	non-DMR
chr1	126522	126523	36	0.6665	non-DMR
chr1	126544	126545	23	0.745	flank-DMR
chr1	126606	126607	31	0.9221	flank-DMR
chr1	126645	126646	20	0.741	non-DMR
chr1	126679	126680	33	0.5412	non-DMR
chr1	126702	126703	30	0.6492	non-DMR
chr1	126745	126746	22	0.4721	non-DMR
chr1	126760	126761	34	0.6846	non-DMR
chr1	126810	126811	34	0.7744	non-DMR
chr1	126826	126827	13	0.5066	non-DMR
chr1	126844	126845	24	0.5746	non-DMR
chr1	126881	126882	20	0.6219	non-DMR
chr1	126920	126921	33	0.7787	non-DMR
chr1	126970	126971	29	0.6859	non-DMR
chr1	127005	127006	34	0.7899	non-DMR
chr1	127034	127035	24	0.5868	non-DMR
chr1	127067	127068	31	0.5221	non-DMR
chr1	127117	127118	32	0.7991	non-DMR
chr1	127125	127126	21	0.6632	non-DMR
chr1	127215	127216	27	0.6633	non-DMR
chr1	127315	127316	31	0.6589	non-DMR
chr1	127411	127412	34	0.7172	non-DMR
chr1	127506	127507	28	0.8245	non-DMR
chr1	127524	127525	34	0.5046	flank-DMR
chr1	127533	127534	31	0.4682	good-DMR
chr1	127574	127575	25	0.524	good-DMR
chr1	127624	127625	28	0.4794	good-DMR
chr1	127653	127654	28	0.4677	good-DMR
chr1	127670	127671	32	0.5989	good-DMR
chr1	127720	127721	28	0.6848	good-DMR
chr1	127762	127763	28	0.6206	good-DMR
chr1	127779	127780	32	0.6589	good-DMR
chr1	127807	127808	33	0.6025	good-DMR
chr1	127845	127846	20	0.5899	good-DMR
chr1	127866	127867	31	0.714	good-DMR
chr1	127882	127883	26	0.638	good-DMR
chr1	127927	127928	25	0.6538	good-DMR
chr1	127942	127943	27	0.6373	good-DMR
chr1	127965	127966	27	0.513	good-DMR
chr1	127988	127989	30	0.5579	good-DMR
chr1	128006	128007	24	0.768	good-DMR
chr1	128031	128032	29	0.6361	good-DMR
chr1	128058	128059	33	0.6173	good-DMR
chr1	128073	128074	32	0.7152	good-DMR
chr1	128107	128108	25	0.6054	good-DMR
chr1	128108	128109	25	0.7157	good-DMR
chr1	128208	128209	38	0.5822	good-DMR
chr1	128305	128306	36	0.5267	good-DMR
chr1	128355	128356	26	0.5657	good-DMR
chr1	128455	128456	33	0.6283	good-DMR
chr1	128555	128556	34	0.6046	good-DMR
chr1	128655	128656	34	0.562	good-DMR
chr1	128659	128660	32	0.6501	flank-DMR
chr1	128753	128754	22	0.4601	flank-DMR
chr1	128771	128772	32	0.7162	flank-DMR
chr1	128791	128792	30	0.5311	flank-DMR
chr1	128875	128876	36	0.5355	flank-DMR
chr1	128919	128920	32	0.5302	flank-DMR
chr1	128951	128952	33	0.5697	flank-DMR
chr1	129137	129138	31	0.5734	flank-DMR
chr1	129187	129188	29	0.5582	inconsistent-DMR
chr1	129205	129206	30	0.713	inconsistent-DMR
chr1	129254	129255	39	0.4602	inconsistent-DMR
chr1	129271	129272	31	0.4197	inconsistent-DMR
chr1	129305	129306	30	0.4351	inconsistent-DMR
chr1	129325	129326	26	0.771	inconsistent-DMR
chr1	129351	129352	30	0.5895	inconsistent-DMR
chr1	129366	129367	29	0.668	inconsistent-DMR
chr1	129394	129395	31	0.4143	inconsistent-DMR
chr1	129436	129437	39	0.4817	inconsistent-DMR
chr1	129486	129487	36	0.4334	inconsistent-DMR
chr1	129515	129516	34	0.8045	inconsistent-DMR
chr1	129531	129532	33	0.686	inconsistent-DMR
chr1	129576	129577	31	0.6531	inconsistent-DMR
chr1	129612	129613	36	0.6545	inconsistent-DMR
chr1	129640	129641	26	0.4381	inconsistent-DMR
chr1	129663	129664	30	0.7413	inconsistent-DMR
chr1	129671	129672	33	0.7515	inconsistent-DMR
chr1	129771	129772	35	0.7986	inconsistent-DMR
chr1	129871	129872	22	0.598	inconsistent-DMR
chr1	129931	129932	23	0.5609	inconsistent-DMR
chr1	129998	129999	28	0.395	inconsistent-DMR
chr1	130085	130086	28	0.6652	inconsistent-DMR
chr1	130135	130136	25	0.43	inconsistent-DMR
chr1	130233	130234	32	0.8119	flank-DMR
chr1	130266	130267	34	0.6414	non-DMR
chr1	130288	130289	23	0.6337	non-DMR
chr1	130336	130337	28	0.5402	non-DMR
chr1	130364	130365	26	0.5274	non-DMR
chr1	130387	130388	26	0.4088	non-DMR
chr1	130437	130438	32	0.6816	non-DMR
chr1	130452	130453	31	0.557	non-DMR
chr1	130502	130503	31	0.3957	non-DMR
chr1	130552	130553	28	0.5322	non-DMR
chr1	130571	130572	19	0.5906	non-DMR
chr1	130593	130594	32	0.3672	non-DMR
chr1	130610	130611	37	0.6333	non-DMR
chr1	130656	130657	29	0.6318	non-DMR
chr1	130678	130679	32	0.7196	non-DMR
chr1	130706	130707	36	0.6223	non-DMR
chr1	130747	130748	32	0.4852	non-DMR
chr1	130762	130763	28	0.6439	non-DMR
chr1	130770	130771	31	0.5663	non-DMR
chr1	130870	130871	27	0.5161	non-DMR
chr1	130949	130950	34	0.5054	non-DMR
chr1	131004	131005	25	0.4415	non-DMR
chr1	131104	131105	16	0.4733	non-DMR
chr1	131197	131198	28	0.3986	non-DMR
chr1	131255	131256	36	0.5003	non-DMR
chr1	131281	131282	18	0.5311	flank-DMR
chr1	131319	131320	24	0.5648	flank-DMR
chr1	131334	131335	27	0.301	notable-DMR
chr1	131384	131385	23	0.3281	notable-DMR
chr1	131412	131413	28	1.0	notable-DMR
chr1	131428	131429	33	1.0	notable-DMR
chr1	131473	131474	33	0.184	notable-DMR
chr1	131488	131489	22	0.345	notable-DMR
chr1	131505	131506	28	0.3299	notable-DMR
chr1	131535	131536	33	1.0	notable-DMR
chr1	131565	131566	23	0.312	notable-DMR
chr1	131598	131599	38	0.792	notable-DMR
chr1	131648	131649	27	1.0	notable-DMR
chr1	131679	131680	36	0.3335	notable-DMR
chr1	131701	131702	34	0.972	notable-DMR
chr1	131723	131724	34	1.0	notable-DMR
chr1	131747	131748	25	0.8568	notable-DMR
chr1	131763	131764	38	0.6672	notable-DMR
chr1	131803	131804	26	0.8591	notable-DMR
chr1	131805	131806	22	0.7024	notable-DMR
chr1	131905	131906	21	1.0	notable-DMR
chr1	132005	132006	21	1.0	notable-DMR
chr1	132105	132106	26	0.361	notable-DMR
chr1	132155	132156	30	0.8532	notable-DMR
chr1	132239	132240	30	0.8721	notable-DMR
chr1	132277	132278	33	0.343	flank-DMR
chr1	132331	132332	30	0.334	flank-DMR
chr1	132345	132346	35	0.9148	non-DMR
chr1	132395	132396	31	0.8936	non-DMR
chr1	132445	132446	27	0.8208	non-DMR
chr1	132478	132479	32	0.7768	non-DMR
chr1	132502	132503	26	0.819	non-DMR
chr1	132552	132553	23	0.7804	non-DMR
chr1	132567	132568	32	0.8754	non-DMR
chr1	132617	132618	27	0.9369	non-DMR
chr1	132667	132668	31	0.8297	non-DMR
chr1	132707	132708	26	0.8244	non-DMR
chr1	132724	132725	28	0.7386	non-DMR
chr1	132774	132775	28	1.0	non-DMR
chr1	132788	132789	21	0.8072	non-DMR
chr1	132880	132881	37	0.8293	non-DMR
chr1	132936	132937	34	0.8408	non-DMR
chr1	132986	132987	33	0.8987	non-DMR
chr1	133086	133087	24	0.961	non-DMR
chr1	133182	133183	29	0.8039	non-DMR
chr1	133196	133197	38	0.9137	flank-DMR
chr1	133242	133243	30	0.9061	flank-DMR
chr1	133250	133251	32	0.7807	good-DMR
chr1	133280	133281	34	0.8805	good-DMR
chr1	133295	133296	25	0.8428	good-DMR
chr1	133335	133336	25	0.8849	good-DMR
chr1	133384	133385	37	0.7797	good-DMR
chr1	133409	133410	24	0.9989	good-DMR
chr1	133429	133430	27	0.8007	good-DMR
chr1	133479	133480	29	1.0	good-DMR
chr1	133511	133512	31	0.9799	good-DMR
chr1	133540	133541	30	0.937	good-DMR
chr1	133569	133570	33	0.8582	good-DMR
chr1	133619	133620	37	0.7888	good-DMR
chr1	133653	133654	36	0.9304	good-DMR
chr1	133690	133691	40	0.7078	good-DMR
chr1	133718	133719	35	0.8338	good-DMR
chr1	133734	133735	34	0.8254	good-DMR
chr1	133817	133818	25	0.8497	good-DMR
chr1	133917	133918	28	0.7464	good-DMR
chr1	133968	133969	20	0.8945	good-DMR
chr1	134068	134069	29	0.8835	good-DMR
chr1	134148	134149	31	0.8563	good-DMR
chr1	134164	134165	25	0.8019	flank-DMR
chr1	134186	134187	35	0.8396	flank-DMR
chr1	134284	134285	26	0.8229	flank-DMR
chr1	134306	134307	28	0.7721	flank-DMR
chr1	134418	134419	34	0.7347	flank-DMR
chr1	134454	134455	29	0.8331	flank-DMR
chr1	134538	134539	36	0.9101	flank-DMR
chr1	134594	134595	24	0.8256	flank-DMR
chr1	134612	134613	29	0.6675	flank-DMR
chr1	134622	134623	24	0.0	sub-DMR
chr1	134637	134638	35	0.1177	sub-DMR
chr1	134672	134673	36	0.0101	sub-DMR
chr1	134687	134688	31	0.0409	sub-DMR
chr1	134702	134703	29	0.0098	sub-DMR
chr1	134719	134720	33	0.1465	sub-DMR
chr1	134750	134751	31	0.0449	sub-DMR
chr1	134783	134784	26	0.0977	sub-DMR
chr1	134833	134834	17	0.0	sub-DMR
chr1	134849	134850	31	0.0823	sub-DMR
chr1	134870	134871	29	0.0	sub-DMR
chr1	134920	134921	37	0.0915	sub-DMR
chr1	134959	134960	29	0.1229	sub-DMR
chr1	134994	134995	36	0.0373	sub-DMR
chr1	135023	135024	28	0.0407	sub-DMR
chr1	135060	135061	36	0.1033	sub-DMR
chr1	135090	135091	25	0.0907	sub-DMR
chr1	135122	135123	25	0.0854	sub-DMR
chr1	135160	135161	28	0.2158	sub-DMR
chr1	135169	135170	23	0.0196	sub-DMR
chr1	135269	135270	32	0.0	sub-DMR
chr1	135319	135320	38	0.0685	sub-DMR
chr1	135419	135420	36	0.0974	sub-DMR
chr1	135493	135494	20	0.0822	sub-DMR
chr1	135593	135594	33	0.1042	sub-DMR
chr1	135643	135644	27	0.1151	sub-DMR
chr1	135793	135794	22	0.146	flank-DMR
chr1	135809	135810	26	0.1102	flank-DMR
chr1	135819	135820	30	0.0323	flank-DMR
chr1	135973	135974	21	0.1125	flank-DMR
chr1	136047	136048	29	0.114	flank-DMR
chr1	136057	136058	35	0.7718	good-DMR
chr1	136079	136080	25	0.8592	good-DMR
chr1	136113	136114	23	0.8955	good-DMR
chr1	136146	136147	27	0.8962	good-DMR
chr1	136178	136179	40	0.8346	good-DMR
chr1	136199	136200	31	0.8182	good-DMR
chr1	136214	136215	31	0.7936	good-DMR
chr1	136234	136235	34	0.8643	good-DMR
chr1	136279	136280	29	0.8838	good-DMR
chr1	136329	136330	36	0.7222	good-DMR
chr1	136368	136369	25	0.8878	good-DMR
chr1	136393	136394	32	0.8364	good-DMR
chr1	136438	136439	36	0.9739	good-DMR
chr1	136453	136454	35	0.8652	good-DMR
chr1	136483	136484	33	0.972	good-DMR
chr1	136505	136506	27	0.9168	good-DMR
chr1	136531	136532	27	0.8036	good-DMR
chr1	136554	136555	28	0.9278	good-DMR
chr1	136571	136572	20	0.9407	good-DMR
chr1	136621	136622	23	0.8444	good-DMR
chr1	136643	136644	33	0.8905	good-DMR
chr1	136665	136666	27	0.7551	good-DMR
chr1	136693	136694	34	0.9621	good-DMR
chr1	136793	136794	31	0.8774	good-DMR
chr1	136893	136894	29	0.8668	good-DMR
chr1	136993	136994	18	0.9538	good-DMR
chr1	137093	137094	30	0.8621	good-DMR
chr1	137143	137144	28	0.7474	good-DMR
chr1	137243	137244	27	0.6912	good-DMR
chr1	137306	137307	35	0.7557	good-DMR
chr1	137320	137321	38	0.6213	flank-DMR
chr1	137406	137407	29	0.7324	flank-DMR
chr1	137408	137409	33	0.846	flank-DMR
chr1	137456	137457	35	0.9318	flank-DMR
chr1	137664	137665	38	0.8206	flank-DMR
chr1	137718	137719	21	0.9243	flank-DMR
chr1	137798	137799	35	0.6171	flank-DMR
chr1	137831	137832	26	0.6409	non-DMR
chr1	137881	137882	28	0.8012	non-DMR
chr1	137931	137932	29	0.6807	non-DMR
chr1	137981	137982	35	0.7022	non-DMR
chr1	138010	138011	30	0.7538	non-DMR
chr1	138034	138035	27	0.6104	non-DMR
chr1	138067	138068	33	0.674	non-DMR
chr1	138113	138114	26	0.749	non-DMR
chr1	138163	138164	38	0.6916	non-DMR
chr1	138185	138186	33	0.7577	non-DMR
chr1	138235	138236	29	0.5096	non-DMR
chr1	138268	138269	30	0.6331	non-DMR
chr1	138368	138369	22	0.5948	non-DMR
chr1	138468	138469	25	0.6769	non-DMR
chr1	138568	138569	33	0.6798	non-DMR
chr1	138668	138669	30	0.6266	non-DMR
chr1	138686	138687	30	0.7831	flank-DMR
chr1	138736	138737	25	0.867	flank-DMR
chr1	138760	138761	30	0.772	non-DMR
chr1	138775	138776	35	0.4527	non-DMR
chr1	138803	138804	41	0.6578	non-DMR
chr1	138853	138854	28	0.6483	non-DMR
chr1	138903	138904	30	0.6149	non-DMR
chr1	138933	138934	29	0.5532	non-DMR
chr1	138951	138952	27	0.6606	non-DMR
chr1	138966	138967	27	0.7405	non-DMR
chr1	139013	139014	25	0.7138	non-DMR
chr1	139036	139037	24	0.7373	non-DMR
chr1	139077	139078	26	0.721	non-DMR
chr1	139127	139128	25	0.676	non-DMR
chr1	139147	139148	29	0.6938	non-DMR
chr1	139172	139173	30	0.6252	non-DMR
chr1	139222	139223	26	0.5701	non-DMR
chr1	139249	139250	36	0.5733	non-DMR
chr1	139289	139290	33	0.6457	non-DMR
chr1	139297	139298	25	0.6311	non-DMR
chr1	139347	139348	29	0.728	non-DMR
chr1	139447	139448	42	0.6061	non-DMR
chr1	139547	139548	36	0.6161	non-DMR
chr1	139647	139648	27	0.706	non-DMR
chr1	139809	139810	23	0.5748	flank-DMR
chr1	139831	139832	24	0.7114	flank-DMR
chr1	139855	139856	28	0.8772	non-DMR
chr1	139905	139906	28	0.8168	non-DMR
chr1	139923	139924	23	0.6023	non-DMR
chr1	139952	139953	22	0.7382	non-DMR
chr1	139975	139976	29	0.7271	non-DMR
chr1	139999	140000	30	0.7578	non-DMR
chr1	140035	140036	32	0.8417	non-DMR
chr1	140056	140057	42	0.7629	non-DMR
chr1	140104	140105	30	0.8444	non-DMR
chr1	140145	140146	24	0.7668	non-DMR
chr1	140195	140196	34	0.9752	non-DMR
chr1	140245	140246	28	0.6319	non-DMR
chr1	140264	140265	24	0.7358	non-DMR
chr1	140288	140289	21	0.6472	non-DMR
chr1	140317	140318	29	0.6902	non-DMR
chr1	140332	140333	25	0.9458	non-DMR
chr1	140344	140345	33	0.7524	non-DMR
chr1	140444	140445	32	0.7714	non-DMR
chr1	140543	140544	30	0.9085	non-DMR
chr1	140637	140638	21	0.8442	non-DMR
chr1	140704	140705	27	0.7318	non-DMR
chr1	140785	140786	24	0.9315	non-DMR
chr1	140815	140816	32	0.7987	flank-DMR
chr1	140821	140822	35	0.0997	good-DMR
chr1	140860	140861	22	0.159	good-DMR
chr1	140890	140891	32	0.0926	good-DMR
chr1	140915	140916	29	0.0898	good-DMR
chr1	140965	140966	32	0.0	good-DMR
chr1	140991	140992	35	0.0415	good-DMR
chr1	141041	141042	26	0.0395	good-DMR
chr1	141071	141072	40	0.0988	good-DMR
chr1	141091	141092	33	0.1273	good-DMR
chr1	141106	141107	27	0.0515	good-DMR
chr1	141156	141157	31	0.1249	good-DMR
chr1	141204	141205	38	0.0449	good-DMR
chr1	141249	141250	29	0.0626	good-DMR
chr1	141299	141300	25	0.1215	good-DMR
chr1	141345	141346	35	0.0123	good-DMR
chr1	141395	141396	26	0.0244	good-DMR
chr1	141445	141446	16	0.1023	good-DMR
chr1	141529	141530	31	0.211	good-DMR
chr1	141629	141630	26	0.0184	good-DMR
chr1	141729	141730	40	0.0528	good-DMR
chr1	141829	141830	34	0.0	good-DMR
chr1	141897	141898	31	0.1369	flank-DMR
chr1	141951	141952	30	0.013	flank-DMR
chr1	142019	142020	25	0.1184	flank-DMR
chr1	142123	142124	22	0.2266	flank-DMR
chr1	142157	142158	35	0.0246	flank-DMR
chr1	142203	142204	23	0.6409	non-DMR
chr1	142229	142230	33	0.6154	non-DMR
chr1	142244	142245	32	0.8223	non-DMR
chr1	142272	142273	28	0.8429	non-DMR
chr1	142315	142316	38	0.7559	non-DMR
chr1	142365	142366	26	0.6441	non-DMR
chr1	142380	142381	30	0.5935	non-DMR
chr1	142399	142400	24	0.7918	non-DMR
chr1	142428	142429	24	0.7363	non-DMR
chr1	142478	142479	20	0.6823	non-DMR
chr1	142493	142494	36	0.6812	non-DMR
chr1	142509	142510	31	0.8666	non-DMR
chr1	142531	142532	31	0.6734	non-DMR
chr1	142546	142547	34	0.6448	non-DMR
chr1	142561	142562	24	0.6861	non-DMR
chr1	142611	142612	28	0.8873	non-DMR
chr1	142635	142636	24	0.6652	non-DMR
chr1	142655	142656	38	0.6167	non-DMR
chr1	142670	142671	35	0.593	non-DMR
chr1	142697	142698	37	0.6851	non-DMR
chr1	142718	142719	30	0.6607	non-DMR
chr1	142726	142727	25	0.5332	non-DMR
chr1	142776	142777	29	0.6228	non-DMR
chr1	142865	142866	34	0.8266	non-DMR
chr1	142951	142952	23	0.677	non-DMR
chr1	143051	143052	32	0.7648	non-DMR
chr1	143131	143132	32	0.753	non-DMR
chr1	143231	143232	32	0.7649	non-DMR
chr1	143243	143244	23	0.453	flank-DMR
chr1	143253	143254	30	0.0173	good-DMR
chr1	143295	143296	27	0.1583	good-DMR
chr1	143323	143324	40	0.3205	good-DMR
chr1	143341	143342	30	0.069	good-DMR
chr1	143358	143359	31	0.1125	good-DMR
chr1	143393	143394	32	0.1235	good-DMR
chr1	143440	143441	33	0.2322	good-DMR
chr1	143472	143473	27	0.0743	good-DMR
chr1	143509	143510	31	0.1921	good-DMR
chr1	143551	143552	41	0.1072	good-DMR
chr1	143575	143576	20	0.2037	good-DMR
chr1	143613	143614	39	0.0764	good-DMR
chr1	143652	143653	30	0.0	good-DMR
chr1	143669	143670	29	0.1025	good-DMR
chr1	143702	143703	35	0.1173	good-DMR
chr1	143739	143740	23	0.1579	good-DMR
chr1	143772	143773	19	0.2405	good-DMR
chr1	143872	143873	31	0.0838	good-DMR
chr1	143972	143973	34	0.1522	good-DMR
chr1	144072	144073	37	0.1513	good-DMR
chr1	144172	144173	26	0.0545	good-DMR
chr1	144272	144273	19	0.1977	good-DMR
chr1	144282	144283	28	0.2164	flank-DMR
chr1	144326	144327	31	0.2335	flank-DMR
chr1	144386	144387	36	0.1751	flank-DMR
chr1	144436	144437	27	0.0408	flank-DMR
chr1	144518	144519	30	0.1332	flank-DMR
chr1	144734	144735	27	0.1845	flank-DMR
chr1	144742	144743	20	0.1944	flank-DMR
chr1	144768	144769	24	0.2788	flank-DMR
chr1	144773	144774	29	0.8766	sub-DMR
chr1	144802	144803	27	0.9186	sub-DMR
chr1	144827	144828	29	0.9644	sub-DMR
chr1	144877	144878	28	0.9502	sub-DMR
chr1	144894	144895	28	0.8636	sub-DMR
chr1	144944	144945	33	0.8625	sub-DMR
chr1	144994	144995	29	0.7287	sub-DMR
chr1	145012	145013	33	0.945	sub-DMR
chr1	145027	145028	34	0.7704	sub-DMR
chr1	145062	145063	31	0.9105	sub-DMR
chr1	145093	145094	29	0.8365	sub-DMR
chr1	145143	145144	27	1.0	sub-DMR
chr1	145160	145161	24	0.8656	sub-DMR
chr1	145194	145195	25	0.9101	sub-DMR
chr1	145231	145232	37	0.795	sub-DMR
chr1	145263	145264	20	0.9039	sub-DMR
chr1	145288	145289	29	0.9558	sub-DMR
chr1	145302	145303	33	0.7436	sub-DMR
chr1	145402	145403	24	0.8841	sub-DMR
chr1	145452	145453	39	0.8688	sub-DMR
chr1	145552	145553	27	1.0	sub-DMR
chr1	145626	145627	29	0.7604	sub-DMR
chr1	145676	145677	24	0.9046	sub-DMR
chr1	145728	145729	25	0.8885	sub-DMR
chr1	145820	145821	23	0.764	sub-DMR
chr1	145930	145931	24	0.8192	flank-DMR
chr1	145976	145977	23	0.9175	flank-DMR
chr1	146104	146105	36	0.8803	flank-DMR
chr1	146164	146165	21	0.8749	flank-DMR
chr1	146210	146211	19	0.96	flank-DMR
chr1	146264	146265	31	0.8891	flank-DMR
chr1	146295	146296	25	0.767	non-DMR
chr1	146322	146323	26	0.7465	non-DMR
chr1	146347	146348	35	0.8336	non-DMR
chr1	146385	146386	20	0.4972	non-DMR
chr1	146408	146409	29	0.6744	non-DMR
chr1	146442	146443	30	0.7301	non-DMR
chr1	146471	146472	29	0.858	non-DMR
chr1	146487	146488	34	0.8378	non-DMR
chr1	146537	146538	36	0.8091	non-DMR
chr1	146562	146563	26	0.89	non-DMR
chr1	146599	146600	28	0.8283	non-DMR
chr1	146619	146620	26	0.8462	non-DMR
chr1	146634	146635	23	0.8679	non-DMR
chr1	146684	146685	31	0.736	non-DMR
chr1	146714	146715	34	0.549	non-DMR
chr1	146747	146748	26	0.8764	non-DMR
chr1	146778	146779	28	0.6479	non-DMR
chr1	146827	146828	26	0.7012	non-DMR
chr1	146927	146928	25	0.7131	non-DMR
chr1	147027	147028	35	0.6584	non-DMR
chr1	147097	147098	35	0.7382	non-DMR
chr1	147186	147187	37	0.8358	non-DMR
chr1	147286	147287	29	0.7297	non-DMR
chr1	147370	147371	18	0.7545	flank-DMR
chr1	147409	147410	39	0.6916	non-DMR
chr1	147435	147436	31	0.7929	non-DMR
chr1	147452	147453	24	0.8086	non-DMR
chr1	147480	147481	27	0.9112	non-DMR
chr1	147500	147501	22	0.8146	non-DMR
chr1	147518	147519	24	0.7238	non-DMR
chr1	147568	147569	24	0.915	non-DMR
chr1	147610	147611	31	0.803	non-DMR
chr1	147629	147630	38	0.7594	non-DMR
chr1	147677	147678	29	0.9466	non-DMR
chr1	147712	147713	28	0.8156	non-DMR
chr1	147738	147739	26	0.8436	non-DMR
chr1	147788	147789	34	0.9355	non-DMR
chr1	147823	147824	31	0.7726	non-DMR
chr1	147873	147874	26	0.6718	non-DMR
chr1	147881	147882	26	0.8313	non-DMR
chr1	147981	147982	39	0.8339	non-DMR
chr1	148033	148034	14	0.8438	non-DMR
chr1	148105	148106	31	0.9023	non-DMR
chr1	148205	148206	36	1.0	non-DMR
chr1	148305	148306	29	0.6497	non-DMR
chr1	148333	148334	33	0.8494	flank-DMR
chr1	148389	148390	27	0.7152	flank-DMR
chr1	148399	148400	34	0.572	notable-DMR
chr1	148435	148436	27	0.482	notable-DMR
chr1	148520	148521	35	1.0	notable-DMR
chr1	148552	148553	37	0.7517	notable-DMR
chr1	148567	148568	30	0.548	notable-DMR
chr1	148617	148618	33	1.0	notable-DMR
chr1	148666	148667	33	1.0	notable-DMR
chr1	148700	148701	29	1.0	notable-DMR
chr1	148727	148728	34	1.0	notable-DMR
chr1	148749	148750	29	0.6845	notable-DMR
chr1	148793	148794	36	0.9959	notable-DMR
chr1	148808	148809	29	0.7077	notable-DMR
chr1	148844	148845	29	0.6727	notable-DMR
chr1	148855	148856	25	0.663	notable-DMR
chr1	148905	148906	33	0.8684	notable-DMR
chr1	149005	149006	30	0.8756	notable-DMR
chr1	149105	149106	25	1.0	notable-DMR
chr1	149205	149206	31	1.0	notable-DMR
chr1	149305	149306	32	0.8529	notable-DMR
chr1	149361	149362	27	0.5	flank-DMR
chr1	149391	149392	20	1.0	flank-DMR
chr1	149416	149417	24	0.6186	non-DMR
chr1	149466	149467	29	0.7764	non-DMR
chr1	149481	149482	30	0.6334	non-DMR
chr1	149501	149502	24	0.5638	non-DMR
chr1	149532	149533	40	0.568	non-DMR
chr1	149556	149557	28	0.578	non-DMR
chr1	149571	149572	32	0.7804	non-DMR
chr1	149602	149603	30	0.6883	non-DMR
chr1	149617	149618	27	0.6262	non-DMR
chr1	149667	149668	26	0.7807	non-DMR
chr1	149714	149715	32	0.6626	non-DMR
chr1	149733	149734	31	0.7275	non-DMR
chr1	149759	149760	34	0.7026	non-DMR
chr1	149774	149775	27	0.5015	non-DMR
chr1	149824	149825	30	0.7422	non-DMR
chr1	149856	149857	26	0.6397	non-DMR
chr1	149871	149872	24	0.5595	non-DMR
chr1	149896	149897	38	0.5429	non-DMR
chr1	149917	149918	27	0.6258	non-DMR
chr1	150017	150018	27	0.7046	non-DMR
chr1	150117	150118	19	0.7595	non-DMR
chr1	150217	150218	33	0.6645	non-DMR
chr1	150267	150268	32	0.7641	non-DMR
chr1	150367	150368	37	0.5251	non-DMR
chr1	150427	150428	28	0.7993	flank-DMR
chr1	150451	150452	32	0.5856	flank-DMR
chr1	150457	150458	29	0.602	good-DMR
chr1	150481	150482	33	0.684	good-DMR
chr1	150521	150522	29	0.7939	good-DMR
chr1	150550	150551	24	0.8406	good-DMR
chr1	150600	150601	40	0.8315	good-DMR
chr1	150615	150616	33	0.7934	good-DMR
chr1	150631	150632	30	0.9016	good-DMR
chr1	150665	150666	30	0.7579	good-DMR
chr1	150680	150681	32	0.6095	good-DMR
chr1	150695	150696	29	0.7914	good-DMR
chr1	150710	150711	16	0.6675	good-DMR
chr1	150741	150742	29	0.6591	good-DMR
chr1	150764	150765	31	0.6335	good-DMR
chr1	150779	150780	35	0.719	good-DMR
chr1	150811	150812	33	0.6388	good-DMR
chr1	150855	150856	29	0.7504	good-DMR
chr1	150870	150871	33	0.656	good-DMR
chr1	150898	150899	31	0.754	good-DMR
chr1	150931	150932	35	0.8297	good-DMR
chr1	150971	150972	24	0.7007	good-DMR
chr1	150986	150987	30	0.7834	good-DMR
chr1	151004	151005	32	0.7328	good-DMR
chr1	151032	151033	26	0.8134	good-DMR
chr1	151061	151062	35	0.8332	good-DMR
chr1	151099	151100	24	0.7882	good-DMR
chr1	151199	151200	22	0.8219	good-DMR
chr1	151276	151277	23	0.716	good-DMR
chr1	151356	151357	21	0.839	good-DMR
chr1	151439	151440	28	0.8656	good-DMR
chr1	151489	151490	29	0.7644	good-DMR
chr1	151572	151573	36	0.7206	good-DMR
chr1	151672	151673	21	0.7408	good-DMR
chr1	151722	151723	25	0.8203	good-DMR
chr1	151734	151735	26	0.7791	flank-DMR
chr1	151814	151815	36	0.9761	flank-DMR
chr1	151874	151875	25	0.7633	flank-DMR
chr1	151900	151901	27	0.7879	flank-DMR
chr1	151922	151923	28	0.8302	flank-DMR
chr1	151942	151943	24	0.746	flank-DMR
chr1	151950	151951	29	0.7511	flank-DMR
chr1	151962	151963	39	0.6482	flank-DMR
chr1	152104	152105	27	0.8394	flank-DMR
chr1	152124	152125	32	0.7734	flank-DMR
chr1	152158	152159	33	0.0888	non-DMR
chr1	152181	152182	31	0.1038	non-DMR
chr1	152202	152203	35	0.0676	non-DMR
chr1	152229	152230	22	0.153	non-DMR
chr1	152262	152263	33	0.092	non-DMR
chr1	152306	152307	34	0.1004	non-DMR
chr1	152323	152324	33	0.0814	non-DMR
chr1	152352	152353	24	0.0682	non-DMR
chr1	152402	152403	34	0.0	non-DMR
chr1	152427	152428	29	0.0	non-DMR
chr1	152457	152458	39	0.0535	non-DMR
chr1	152476	152477	28	0.0	non-DMR
chr1	152518	152519	28	0.0	non-DMR
chr1	152539	152540	35	0.0256	non-DMR
chr1	152589	152590	27	0.0986	non-DMR
chr1	152612	152613	20	0.1329	non-DMR
chr1	152617	152618	28	0.024	non-DMR
chr1	152717	152718	32	0.0958	non-DMR
chr1	152817	152818	32	0.0384	non-DMR
chr1	152867	152868	37	0.0195	non-DMR
chr1	152967	152968	34	0.0995	non-DMR
chr1	153067	153068	30	0.0279	non-DMR
chr1	153099	153100	35	0.1042	flank-DMR
chr1	153112	153113	30	0.0337	non-DMR
chr1	153139	153140	33	0.2197	non-DMR
chr1	153162	153163	26	0.0517	non-DMR
chr1	153208	153209	36	0.0753	non-DMR
chr1	153240	153241	25	0.0814	non-DMR
chr1	153256	153257	30	0.0575	non-DMR
chr1	153289	153290	26	0.1425	non-DMR
chr1	153313	153314	24	0.0	non-DMR
chr1	153337	153338	26	0.0	non-DMR
chr1	153379	153380	31	0.1577	non-DMR
chr1	153405	153406	22	0.1083	non-DMR
chr1	153437	153438	30	0.0	non-DMR
chr1	153478	153479	28	0.2655	non-DMR
chr1	153508	153509	19	0.1753	non-DMR
chr1	153523	153524	32	0.0	non-DMR
chr1	153573	153574	32	0.0993	non-DMR
chr1	153588	153589	29	0.0364	non-DMR
chr1	153602	153603	28	0.052	non-DMR
chr1	153681	153682	32	0.053	non-DMR
chr1	153778	153779	29	0.155	non-DMR
chr1	153828	153829	23	0.1233	non-DMR
chr1	153928	153929	27	0.055	non-DMR
chr1	154028	154029	29	0.0316	non-DMR
chr1	154058	154059	30	0.0741	flank-DMR
chr1	154063	154064	33	0.1738	good-DMR
chr1	154086	154087	38	0.0	good-DMR
chr1	154128	154129	24	0.2177	good-DMR
chr1	154178	154179	30	0.095	good-DMR
chr1	154198	154199	23	0.1212	good-DMR
chr1	154213	154214	31	0.2453	good-DMR
chr1	154244	154245	31	0.0687	good-DMR
chr1	154282	154283	30	0.2269	good-DMR
chr1	154301	154302	31	0.1395	good-DMR
chr1	154329	154330	23	0.0939	good-DMR
chr1	154349	154350	36	0.2602	good-DMR
chr1	154364	154365	26	0.1922	good-DMR
chr1	154398	154399	23	0.2157	good-DMR
chr1	154428	154429	23	0.1942	good-DMR
chr1	154445	154446	23	0.224	good-DMR
chr1	154464	154465	31	0.2515	good-DMR
chr1	154489	154490	28	0.0399	good-DMR
chr1	154517	154518	37	0.1341	good-DMR
chr1	154532	154533	29	0.1891	good-DMR
chr1	154538	154539	21	0.1915	good-DMR
chr1	154638	154639	27	0.0997	good-DMR
chr1	154738	154739	38	0.2857	good-DMR
chr1	154818	154819	35	0.0956	good-DMR
chr1	154918	154919	19	0.1818	good-DMR
chr1	155006	155007	25	0.0867	good-DMR
chr1	155170	155171	31	0.1663	flank-DMR
chr1	155178	155179	26	0.116	flank-DMR
chr1	155190	155191	33	0.268	flank-DMR
chr1	155196	155197	19	0.1229	flank-DMR
chr1	155214	155215	28	0.1124	flank-DMR
chr1	155239	155240	38	0.7372	non-DMR
chr1	155281	155282	31	0.8535	non-DMR
chr1	155309	155310	31	0.7305	non-DMR
chr1	155359	155360	35	0.9419	non-DMR
chr1	155374	155375	39	0.7742	non-DMR
chr1	155389	155390	26	0.8038	non-DMR
chr1	155431	155432	27	0.8145	non-DMR
chr1	155446	155447	21	0.6519	non-DMR
chr1	155479	155480	25	0.9627	non-DMR
chr1	155503	155504	30	0.7236	non-DMR
chr1	155553	155554	30	0.918	non-DMR
chr1	155584	155585	27	0.9181	non-DMR
chr1	155607	155608	30	0.8719	non-DMR
chr1	155657	155658	29	0.7409	non-DMR
chr1	155698	155699	32	0.9938	non-DMR
chr1	155715	155716	27	0.8247	non-DMR
chr1	155727	155728	37	0.8106	non-DMR
chr1	155827	155828	29	0.8093	non-DMR
chr1	155927	155928	35	0.7553	non-DMR
chr1	156027	156028	25	0.7134	non-DMR
chr1	156127	156128	33	0.8993	non-DMR
chr1	156133	156134	30	0.8388	flank-DMR
chr1	156171	156172	24	0.8667	flank-DMR
chr1	156218	156219	27	0.7711	non-DMR
chr1	156248	156249	29	0.8403	non-DMR
chr1	156271	156272	23	0.6702	non-DMR
chr1	156287	156288	27	0.7896	non-DMR
chr1	156334	156335	34	0.5749	non-DMR
chr1	156384	156385	26	0.7149	non-DMR
chr1	156401	156402	28	0.8342	non-DMR
chr1	156451	156452	17	0.6476	non-DMR
chr1	156485	156486	21	0.6356	non-DMR
chr1	156530	156531	26	0.7301	non-DMR
chr1	156580	156581	36	0.7231	non-DMR
chr1	156596	156597	30	0.8194	non-DMR
chr1	156614	156615	25	0.7545	non-DMR
chr1	156641	156642	22	0.8082	non-DMR
chr1	156661	156662	38	0.619	non-DMR
chr1	156682	156683	26	0.6301	non-DMR
chr1	156724	156725	23	0.5202	non-DMR
chr1	156824	156825	27	0.5589	non-DMR
chr1	156924	156925	31	0.7257	non-DMR
chr1	157024	157025	30	0.867	non-DMR
chr1	157095	157096	31	0.7693	non-DMR
chr1	157195	157196	29	0.753	non-DMR
chr1	157227	157228	28	0.5905	flank-DMR
chr1	157251	157252	19	0.7786	flank-DMR
chr1	157281	157282	28	0.8311	non-DMR
chr1	157319	157320	29	0.5638	non-DMR
chr1	157338	157339	35	0.8284	non-DMR
chr1	157354	157355	36	0.6949	non-DMR
chr1	157383	157384	37	0.6723	non-DMR
chr1	157410	157411	36	0.7247	non-DMR
chr1	157447	157448	35	0.7179	non-DMR
chr1	157462	157463	34	0.7497	non-DMR
chr1	157489	157490	32	0.6999	non-DMR
chr1	157508	157509	29	0.8249	non-DMR
chr1	157558	157559	22	0.6149	non-DMR
chr1	157595	157596	33	0.7263	non-DMR
chr1	157618	157619	31	0.8154	non-DMR
chr1	157668	157669	31	0.6759	non-DMR
chr1	157692	157693	36	0.7343	non-DMR
chr1	157720	157721	26	0.9388	non-DMR
chr1	157754	157755	30	0.5784	non-DMR
chr1	157801	157802	28	0.8951	non-DMR
chr1	157831	157832	26	0.7202	non-DMR
chr1	157847	157848	25	0.6481	non-DMR
chr1	157926	157927	34	0.6724	non-DMR
chr1	157982	157983	34	0.5905	non-DMR
chr1	158082	158083	27	0.6578	non-DMR
chr1	158165	158166	40	0.8588	non-DMR
chr1	158265	158266	29	0.8082	non-DMR
chr1	158365	158366	30	0.9054	non-DMR
chr1	158419	158420	34	0.8499	flank-DMR
chr1	158433	158434	33	0.8407	inconsistent-DMR
chr1	158448	158449	31	0.6759	inconsistent-DMR
chr1	158464	158465	23	0.6007	inconsistent-DMR
chr1	158489	158490	20	0.8435	inconsistent-DMR
chr1	158539	158540	39	0.8169	inconsistent-DMR
chr1	158570	158571	28	0.6894	inconsistent-DMR
chr1	158611	158612	26	0.8298	inconsistent-DMR
chr1	158640	158641	30	0.6016	inconsistent-DMR
chr1	158661	158662	27	0.6885	inconsistent-DMR
chr1	158686	158687	23	0.7421	inconsistent-DMR
chr1	158707	158708	34	0.5499	inconsistent-DMR
chr1	158724	158725	22	0.7431	inconsistent-DMR
chr1	158767	158768	35	0.8466	inconsistent-DMR
chr1	158793	158794	29	0.8995	inconsistent-DMR
chr1	158812	158813	34	0.5712	inconsistent-DMR
chr1	158845	158846	29	0.7578	inconsistent-DMR
chr1	158886	158887	25	0.9205	inconsistent-DMR
chr1	158946	158947	29	0.8428	inconsistent-DMR
chr1	159046	159047	36	0.5521	inconsistent-DMR
chr1	159146	159147	27	0.6815	inconsistent-DMR
chr1	159246	159247	29	0.6902	inconsistent-DMR
chr1	159393	159394	24	0.6862	flank-DMR
chr1	159405	159406	29	0.8457	flank-DMR
chr1	159419	159420	28	0.5997	inconsistent-DMR
chr1	159435	159436	39	0.5374	inconsistent-DMR
chr1	159450	159451	26	0.9617	inconsistent-DMR
chr1	159466	159467	22	0.9542	inconsistent-DMR
chr1	159484	159485	24	0.7117	inconsistent-DMR
chr1	159503	159504	30	0.8553	inconsistent-DMR
chr1	159542	159543	32	0.7585	inconsistent-DMR
chr1	159590	159591	33	0.4712	inconsistent-DMR
chr1	159608	159609	25	0.498	inconsistent-DMR
chr1	159623	159624	28	0.6816	inconsistent-DMR
chr1	159668	159669	32	0.798	inconsistent-DMR
chr1	159717	159718	31	0.7036	inconsistent-DMR
chr1	159767	159768	32	0.8685	inconsistent-DMR
chr1	159788	159789	32	0.4589	inconsistent-DMR
chr1	159805	159806	32	0.6174	inconsistent-DMR
chr1	159851	159852	34	0.6736	inconsistent-DMR
chr1	159901	159902	35	0.7806	inconsistent-DMR
chr1	159932	159933	29	0.8914	inconsistent-DMR
chr1	159982	159983	22	0.6711	inconsistent-DMR
chr1	159984	159985	29	0.6889	inconsistent-DMR
chr1	160064	160065	25	0.7206	inconsistent-DMR
chr1	160164	160165	37	0.7055	inconsistent-DMR
chr1	160264	160265	28	0.7068	inconsistent-DMR
chr1	160364	160365	25	0.6082	inconsistent-DMR
chr1	160420	160421	27	0.5813	inconsistent-DMR
chr1	160498	160499	28	0.6943	inconsistent-DMR
chr1	160548	160549	28	0.7429	inconsistent-DMR
chr1	160609	160610	25	0.6115	flank-DMR
chr1	160625	160626	26	0.2139	non-DMR
chr1	160640	160641	34	0.1639	non-DMR
chr1	160689	160690	22	0.0511	non-DMR
chr1	160739	160740	30	0.1871	non-DMR
chr1	160758	160759	19	0.0356	non-DMR
chr1	160777	160778	21	0.0768	non-DMR
chr1	160795	160796	31	0.1133	non-DMR
chr1	160832	160833	38	0.0	non-DMR
chr1	160882	160883	25	0.0364	non-DMR
chr1	160897	160898	25	0.0	non-DMR
chr1	160915	160916	21	0.1261	non-DMR
chr1	160939	160940	32	0.0	non-DMR
chr1	160971	160972	36	0.1042	non-DMR
chr1	161001	161002	25	0.0851	non-DMR
chr1	161033	161034	26	0.2514	non-DMR
chr1	161049	161050	31	0.0893	non-DMR
chr1	161069	161070	25	0.0808	non-DMR
chr1	161099	161100	37	0.1695	non-DMR
chr1	161145	161146	26	0.0	non-DMR
chr1	161163	161164	21	0.0971	non-DMR
chr1	161196	161197	26	0.061	non-DMR
chr1	161218	161219	35	0.0618	non-DMR
chr1	161234	161235	35	0.0396	non-DMR
chr1	161249	161250	35	0.0	non-DMR
chr1	161349	161350	29	0.1729	non-DMR
chr1	161417	161418	23	0.2036	non-DMR
chr1	161517	161518	31	0.1103	non-DMR
chr1	161567	161568	28	0.0473	non-DMR
chr1	161667	161668	30	0.0426	non-DMR
chr1	161762	161763	26	0.0473	non-DMR
chr1	161862	161863	28	0.0191	non-DMR
chr1	161872	161873	28	0.048	flank-DMR
chr1	161884	161885	34	0.0943	flank-DMR
chr1	161929	161930	37	0.2351	non-DMR
chr1	161979	161980	25	0.1256	non-DMR
chr1	162000	162001	28	0.1818	non-DMR
chr1	162031	162032	32	0.3403	non-DMR
chr1	162081	162082	25	0.0768	non-DMR
chr1	162118	162119	25	0.227	non-DMR
chr1	162158	162159	29	0.1543	non-DMR
chr1	162187	162188	30	0.1852	non-DMR
chr1	162211	162212	34	0.1135	non-DMR
chr1	162246	162247	24	0.1575	non-DMR
chr1	162278	162279	25	0.1842	non-DMR
chr1	162318	162319	31	0.2203	non-DMR
chr1	162368	162369	26	0.2536	non-DMR
chr1	162380	162381	35	0.2203	non-DMR
chr1	162453	162454	23	0.1456	non-DMR
chr1	162513	162514	25	0.064	non-DMR
chr1	162613	162614	34	0.2048	non-DMR
chr1	162713	162714	30	0.0956	non-DMR
chr1	162794	162795	30	0.2094	non-DMR
chr1	162878	162879	29	0.161	flank-DMR
chr1	162904	162905	37	0.8195	non-DMR
chr1	162945	162946	37	0.7203	non-DMR
chr1	162962	162963	21	0.778	non-DMR
chr1	162979	162980	37	0.7205	non-DMR
chr1	163019	163020	32	0.6617	non-DMR
chr1	163039	163040	18	0.7923	non-DMR
chr1	163089	163090	27	0.9185	non-DMR
chr1	163115	163116	37	0.8089	non-DMR
chr1	163161	163162	25	0.8658	non-DMR
chr1	163182	163183	31	0.8044	non-DMR
chr1	163204	163205	25	0.815	non-DMR
chr1	163219	163220	23	0.7689	non-DMR
chr1	163243	163244	27	0.7119	non-DMR
chr1	163263	163264	27	0.7308	non-DMR
chr1	163278	163279	35	0.7179	non-DMR
chr1	163307	163308	32	0.8606	non-DMR
chr1	163357	163358	33	0.7783	non-DMR
chr1	163378	163379	30	0.675	non-DMR
chr1	163405	163406	36	0.664	non-DMR
chr1	163435	163436	22	0.7404	non-DMR
chr1	163535	163536	32	0.9161	non-DMR
chr1	163611	163612	29	0.8517	non-DMR
chr1	163661	163662	30	0.9156	non-DMR
chr1	163735	163736	31	0.7486	non-DMR
chr1	163794	163795	39	0.8659	non-DMR
chr1	163858	163859	31	0.7365	non-DMR
chr1	163937	163938	38	0.6461	non-DMR
chr1	163959	163960	28	0.8481	flank-DMR
chr1	163964	163965	28	0.8584	good-DMR
chr1	163980	163981	28	0.8319	good-DMR
chr1	164008	164009	31	0.8742	good-DMR
chr1	164040	164041	27	0.7706	good-DMR
chr1	164073	164074	32	0.8502	good-DMR
chr1	164119	164120	27	0.7705	good-DMR
chr1	164169	164170	24	0.8341	good-DMR
chr1	164202	164203	27	0.9291	good-DMR
chr1	164232	164233	32	0.7734	good-DMR
chr1	164247	164248	22	0.8705	good-DMR
chr1	164271	164272	24	0.9232	good-DMR
chr1	164321	164322	39	0.7966	good-DMR
chr1	164340	164341	35	0.8091	good-DMR
chr1	164390	164391	26	0.8658	good-DMR
chr1	164406	164407	30	0.8664	good-DMR
chr1	164445	164446	23	0.9215	good-DMR
chr1	164479	164480	32	0.7614	good-DMR
chr1	164499	164500	21	0.7819	good-DMR
chr1	164514	164515	20	0.6572	good-DMR
chr1	164541	164542	27	0.6669	good-DMR
chr1	164637	164638	25	0.8028	good-DMR
chr1	164737	164738	27	0.7454	good-DMR
chr1	164837	164838	30	0.8675	good-DMR
chr1	164888	164889	34	0.9271	good-DMR
chr1	164938	164939	28	0.9031	good-DMR
chr1	165038	165039	41	0.7393	good-DMR
chr1	165058	165059	20	0.8938	flank-DMR
chr1	165094	165095	37	0.7083	flank-DMR
chr1	165156	165157	30	0.7981	flank-DMR
chr1	165172	165173	32	0.8396	flank-DMR
chr1	165288	165289	35	0.8655	flank-DMR
chr1	165332	165333	21	0.9162	flank-DMR
chr1	165490	165491	27	0.6499	flank-DMR
chr1	165504	165505	34	0.769	flank-DMR
chr1	165536	165537	35	0.7956	flank-DMR
chr1	165563	165564	38	0.5617	non-DMR
chr1	165612	165613	27	0.7026	non-DMR
chr1	165653	165654	35	0.7195	non-DMR
chr1	165703	165704	35	0.699	non-DMR
chr1	165729	165730	20	0.809	non-DMR
chr1	165770	165771	31	0.6177	non-DMR
chr1	165820	165821	31	0.6389	non-DMR
chr1	165844	165845	33	0.5083	non-DMR
chr1	165884	165885	39	0.6075	non-DMR
chr1	165934	165935	39	0.6592	non-DMR
chr1	165972	165973	18	0.5655	non-DMR
chr1	165988	165989	34	0.5091	non-DMR
chr1	166034	166035	23	0.5732	non-DMR
chr1	166066	166067	22	0.5879	non-DMR
chr1	166116	166117	28	0.5601	non-DMR
chr1	166216	166217	31	0.5203	non-DMR
chr1	166316	166317	28	0.5718	non-DMR
chr1	166416	166417	32	0.5609	non-DMR
chr1	166504	166505	28	0.6303	non-DMR
chr1	166536	166537	32	0.7676	flank-DMR
chr1	166598	166599	31	0.604	flank-DMR
chr1	166616	166617	29	0.8407	non-DMR
chr1	166637	166638	29	0.8268	non-DMR
chr1	166673	166674	29	0.7607	non-DMR
chr1	166693	166694	30	0.8388	non-DMR
chr1	166734	166735	37	0.9228	non-DMR
chr1	166765	166766	31	0.8335	non-DMR
chr1	166813	166814	27	0.8653	non-DMR
chr1	166841	166842	32	0.8843	non-DMR
chr1	166879	166880	37	0.7684	non-DMR
chr1	166894	166895	29	0.8527	non-DMR
chr1	166909	166910	31	0.8779	non-DMR
chr1	166929	166930	28	0.9944	non-DMR
chr1	166964	166965	28	0.8707	non-DMR
chr1	166984	166985	37	0.823	non-DMR
chr1	167027	167028	23	0.9118	non-DMR
chr1	167050	167051	29	0.959	non-DMR
chr1	167126	167127	26	0.8709	non-DMR
chr1	167226	167227	30	0.79	non-DMR
chr1	167303	167304	28	1.0	non-DMR
chr1	167403	167404	29	0.732	non-DMR
chr1	167477	167478	34	0.8922	non-DMR
chr1	167529	167530	37	0.8819	flank-DMR
chr1	167562	167563	36	0.7319	non-DMR
chr1	167600	167601	29	0.9692	non-DMR
chr1	167650	167651	31	0.9216	non-DMR
chr1	167665	167666	33	0.9856	non-DMR
chr1	167681	167682	21	0.8738	non-DMR
chr1	167712	167713	22	0.9948	non-DMR
chr1	167727	167728	30	0.859	non-DMR
chr1	167758	167759	28	0.7458	non-DMR
chr1	167808	167809	32	0.9421	non-DMR
chr1	167839	167840	33	0.8861	non-DMR
chr1	167889	167890	24	0.9666	non-DMR
chr1	167925	167926	25	0.7891	non-DMR
chr1	167959	167960	25	0.8765	non-DMR
chr1	168009	168010	22	0.9634	non-DMR
chr1	168101	168102	25	0.774	non-DMR
chr1	168201	168202	41	0.7394	non-DMR
chr1	168301	168302	30	0.9732	non-DMR
chr1	168395	168396	25	0.6821	flank-DMR
chr1	168401	168402	26	0.8204	flank-DMR
chr1	168406	168407	31	0.4225	good-DMR
chr1	168421	168422	35	0.6364	good-DMR
chr1	168442	168443	37	0.5967	good-DMR
chr1	168457	168458	31	0.6716	good-DMR
chr1	168507	168508	34	0.575	good-DMR
chr1	168533	168534	21	0.6918	good-DMR
chr1	168564	168565	24	0.5124	good-DMR
chr1	168579	168580	30	0.5908	good-DMR
chr1	168598	168599	42	0.6347	good-DMR
chr1	168628	168629	31	0.6199	good-DMR
chr1	168643	168644	26	0.4974	good-DMR
chr1	168688	168689	36	0.6338	good-DMR
chr1	168720	168721	27	0.5393	good-DMR
chr1	168744	168745	24	0.4439	good-DMR
chr1	168773	168774	28	0.7839	good-DMR
chr1	168795	168796	17	0.5653	good-DMR
chr1	168810	168811	23	0.5136	good-DMR
chr1	168843	168844	39	0.4795	good-DMR
chr1	168858	168859	23	0.6581	good-DMR
chr1	168863	168864	21	0.695	good-DMR
chr1	168963	168964	29	0.6765	good-DMR
chr1	169053	169054	31	0.6055	good-DMR
chr1	169153	169154	36	0.5199	good-DMR
chr1	169204	169205	27	0.5603	good-DMR
chr1	169254	169255	27	0.3717	good-DMR
chr1	169288	169289	32	0.5161	flank-DMR
chr1	169336	169337	27	0.7523	flank-DMR
chr1	169368	169369	33	0.5707	flank-DMR
chr1	169600	169601	28	0.5095	flank-DMR
chr1	169686	169687	25	0.4505	flank-DMR
chr1	169716	169717	30	0.4444	flank-DMR
chr1	169724	169725	23	0.5149	flank-DMR
chr1	169734	169735	31	0.7896	good-DMR
chr1	169777	169778	35	0.9201	good-DMR
chr1	169799	169800	30	0.8463	good-DMR
chr1	169849	169850	23	0.916	good-DMR
chr1	169887	169888	34	0.959	good-DMR
chr1	169920	169921	26	0.7488	good-DMR
chr1	169945	169946	33	0.8766	good-DMR
chr1	169978	169979	23	0.9404	good-DMR
chr1	170028	170029	23	0.8534	good-DMR
chr1	170043	170044	38	0.8136	good-DMR
chr1	170060	170061	24	0.8924	good-DMR
chr1	170110	170111	31	0.7631	good-DMR
chr1	170125	170126	30	0.9129	good-DMR
chr1	170139	170140	36	0.862	good-DMR
chr1	170239	170240	32	0.9371	good-DMR
chr1	170339	170340	35	0.8435	good-DMR
chr1	170404	170405	36	0.7495	good-DMR
chr1	170504	170505	33	0.6399	good-DMR
chr1	170614	170615	21	0.8796	flank-DMR
chr1	170658	170659	44	0.916	flank-DMR
chr1	170766	170767	28	0.8941	flank-DMR
chr1	170778	170779	27	0.7298	flank-DMR
chr1	170830	170831	34	0.9777	flank-DMR
chr1	170928	170929	30	0.8796	flank-DMR
chr1	170930	170931	26	0.7779	flank-DMR
chr1	170984	170985	31	0.8502	flank-DMR
chr1	171029	171030	23	0.7395	non-DMR
chr1	171054	171055	30	0.7335	non-DMR
chr1	171082	171083	37	0.5717	non-DMR
chr1	171110	171111	35	0.5446	non-DMR
chr1	171152	171153	32	0.6445	non-DMR
chr1	171172	171173	18	0.6629	non-DMR
chr1	171196	171197	32	0.6935	non-DMR
chr1	171211	171212	27	0.6434	non-DMR
chr1	171229	171230	33	0.6627	non-DMR
chr1	171256	171257	26	0.6694	non-DMR
chr1	171280	171281	32	0.6504	non-DMR
chr1	171295	171296	24	0.8158	non-DMR
chr1	171334	171335	27	0.7629	non-DMR
chr1	171353	171354	24	0.639	non-DMR
chr1	171368	171369	35	0.6111	non-DMR
chr1	171404	171405	24	0.8003	non-DMR
chr1	171450	171451	34	0.6782	non-DMR
chr1	171465	171466	32	0.5944	non-DMR
chr1	171507	171508	26	0.7055	non-DMR
chr1	171534	171535	29	0.706	non-DMR
chr1	171541	171542	35	0.6946	non-DMR
chr1	171592	171593	38	0.7598	non-DMR
chr1	171683	171684	33	0.7138	non-DMR
chr1	171778	171779	32	0.6927	non-DMR
chr1	171878	171879	31	0.651	non-DMR
chr1	171978	171979	24	0.5453	non-DMR
chr1	172014	172015	25	0.6024	flank-DMR
chr1	172020	172021	48	0.8234	sub-DMR
chr1	172070	172071	31	0.7186	sub-DMR
chr1	172110	172111	31	0.5873	sub-DMR
chr1	172129	172130	32	0.7397	sub-DMR
chr1	172144	172145	38	0.6845	sub-DMR
chr1	172194	172195	28	0.6612	sub-DMR
chr1	172221	172222	33	0.8894	sub-DMR
chr1	172254	172255	33	0.9105	sub-DMR
chr1	172286	172287	23	0.7889	sub-DMR
chr1	172326	172327	30	0.7942	sub-DMR
chr1	172341	172342	32	0.6699	sub-DMR
chr1	172376	172377	27	0.8117	sub-DMR
chr1	172397	172398	27	0.8736	sub-DMR
chr1	172423	172424	21	0.8377	sub-DMR
chr1	172446	172447	30	0.8189	sub-DMR
chr1	172466	172467	32	0.5906	sub-DMR
chr1	172481	172482	26	0.7181	sub-DMR
chr1	172503	172504	38	0.6577	sub-DMR
chr1	172540	172541	39	0.666	sub-DMR
chr1	172573	172574	26	0.75	sub-DMR
chr1	172673	172674	37	0.8615	sub-DMR
chr1	172723	172724	38	0.8651	sub-DMR
chr1	172823	172824	31	0.7312	sub-DMR
chr1	172923	172924	27	0.8799	sub-DMR
chr1	172975	172976	26	0.7342	sub-DMR
chr1	173025	173026	34	0.6645	sub-DMR
chr1	173125	173126	37	0.7168	sub-DMR
chr1	173195	173196	37	0.6058	flank-DMR
chr1	173267	173268	31	0.741	flank-DMR
chr1	173289	173290	24	0.802	flank-DMR
chr1	173299	173300	32	0.6656	flank-DMR
chr1	173357	173358	34	0.7947	flank-DMR
chr1	173491	173492	37	0.539	flank-DMR
chr1	173529	173530	27	0.7234	flank-DMR
chr1	173569	173570	24	0.6366	flank-DMR
chr1	173599	173600	30	0.8174	flank-DMR
chr1	173630	173631	32	0.2203	non-DMR
chr1	173646	173647	31	0.29	non-DMR
chr1	173666	173667	30	0.1585	non-DMR
chr1	173704	173705	24	0.0795	non-DMR
chr1	173735	173736	26	0.2126	non-DMR
chr1	173767	173768	31	0.1043	non-DMR
chr1	173789	173790	23	0.2212	non-DMR
chr1	173818	173819	32	0.061	non-DMR
chr1	173857	173858	23	0.2551	non-DMR
chr1	173875	173876	36	0.292	non-DMR
chr1	173907	173908	30	0.2085	non-DMR
chr1	173922	173923	32	0.0884	non-DMR
chr1	173972	173973	28	0.0755	non-DMR
chr1	174002	174003	36	0.1381	non-DMR
chr1	174052	174053	24	0.2791	non-DMR
chr1	174066	174067	32	0.2421	non-DMR
chr1	174166	174167	34	0.2675	non-DMR
chr1	174255	174256	33	0.1717	non-DMR
chr1	174332	174333	32	0.1395	non-DMR
chr1	174432	174433	27	0.1951	non-DMR
chr1	174496	174497	34	0.2063	flank-DMR
chr1	174498	174499	29	0.2728	flank-DMR
chr1	174503	174504	26	0.8069	good-DMR
chr1	174537	174538	35	0.7969	good-DMR
chr1	174579	174580	27	0.5479	good-DMR
chr1	174595	174596	43	0.815	good-DMR
chr1	174628	174629	23	0.85	good-DMR
chr1	174678	174679	39	0.695	good-DMR
chr1	174696	174697	34	0.7152	good-DMR
chr1	174714	174715	27	0.81	good-DMR
chr1	174748	174749	33	0.5889	good-DMR
chr1	174763	174764	34	0.704	good-DMR
chr1	174796	174797	31	0.739	good-DMR
chr1	174824	174825	30	0.8996	good-DMR
chr1	174874	174875	22	0.7806	good-DMR
chr1	174919	174920	27	0.7019	good-DMR
chr1	174957	174958	23	0.701	good-DMR
chr1	174995	174996	31	0.6592	good-DMR
chr1	175011	175012	25	0.7019	good-DMR
chr1	175014	175015	27	0.7172	good-DMR
chr1	175114	175115	33	0.7341	good-DMR
chr1	175191	175192	30	0.7588	good-DMR
chr1	175241	175242	30	0.814	good-DMR
chr1	175331	175332	26	0.7574	good-DMR
chr1	175431	175432	31	0.6459	good-DMR
chr1	175517	175518	33	0.7894	flank-DMR
chr1	175519	175520	24	0.5999	flank-DMR
chr1	175609	175610	28	0.7862	flank-DMR
chr1	175703	175704	25	0.7815	flank-DMR
chr1	175721	175722	30	0.7782	flank-DMR
chr1	175727	175728	25	0.8331	flank-DMR
chr1	175871	175872	31	0.7596	flank-DMR
chr1	175921	175922	31	0.8297	flank-DMR
chr1	175933	175934	21	0.6543	non-DMR
chr1	175964	175965	32	0.8321	non-DMR
chr1	175979	175980	30	0.6703	non-DMR
chr1	176000	176001	32	0.6117	non-DMR
chr1	176029	176030	32	0.652	non-DMR
chr1	176052	176053	37	0.6309	non-DMR
chr1	176102	176103	24	0.703	non-DMR
chr1	176152	176153	25	0.5713	non-DMR
chr1	176177	176178	35	0.6688	non-DMR
chr1	176209	176210	23	0.7811	non-DMR
chr1	176224	176225	45	0.7073	non-DMR
chr1	176253	176254	29	0.6013	non-DMR
chr1	176303	176304	31	0.5816	non-DMR
chr1	176325	176326	35	0.7292	non-DMR
chr1	176366	176367	23	0.8621	non-DMR
chr1	176389	176390	30	0.6381	non-DMR
chr1	176404	176405	28	0.7314	non-DMR
chr1	176419	176420	35	0.7995	non-DMR
chr1	176469	176470	30	0.6679	non-DMR
chr1	176478	176479	29	0.8299	non-DMR
chr1	176578	176579	29	0.8204	non-DMR
chr1	176654	176655	32	0.8058	non-DMR
chr1	176723	176724	30	0.7065	non-DMR
chr1	176823	176824	30	0.6658	non-DMR
chr1	176923	176924	24	0.5879	non-DMR
chr1	176977	176978	23	0.6734	non-DMR
chr1	177003	177004	28	0.5606	flank-DMR
chr1	177067	177068	37	0.6296	flank-DMR
chr1	177091	177092	30	0.1679	non-DMR
chr1	177126	177127	24	0.1377	non-DMR
chr1	177147	177148	21	0.0545	non-DMR
chr1	177197	177198	38	0.2764	non-DMR
chr1	177216	177217	22	0.1408	non-DMR
chr1	177250	177251	29	0.0714	non-DMR
chr1	177268	177269	32	0.0945	non-DMR
chr1	177286	177287	30	0.0687	non-DMR
chr1	177301	177302	38	0.0859	non-DMR
chr1	177336	177337	25	0.2121	non-DMR
chr1	177357	177358	40	0.0598	non-DMR
chr1	177379	177380	33	0.0833	non-DMR
chr1	177416	177417	34	0.1857	non-DMR
chr1	177466	177467	31	0.0	non-DMR
chr1	177496	177497	23	0.1394	non-DMR
chr1	177523	177524	36	0.0084	non-DMR
chr1	177551	177552	40	0.0	non-DMR
chr1	177584	177585	37	0.1285	non-DMR
chr1	177618	177619	27	0.1768	non-DMR
chr1	177632	177633	20	0.0833	non-DMR
chr1	177690	177691	31	0.1075	non-DMR
chr1	177740	177741	35	0.029	non-DMR
chr1	177806	177807	29	0.0516	non-DMR
chr1	177884	177885	31	0.1216	non-DMR
chr1	177934	177935	26	0.1822	non-DMR
chr1	178034	178035	27	0.0847	non-DMR
chr1	178134	178135	33	0.0894	non-DMR
chr1	178222	178223	25	0.0	flank-DMR
chr1	178266	178267	26	0.112	non-DMR
chr1	178290	178291	28	0.1962	non-DMR
chr1	178305	178306	31	0.1418	non-DMR
chr1	178328	178329	27	0.1052	non-DMR
chr1	178361	178362	31	0.1639	non-DMR
chr1	178403	178404	34	0.0988	non-DMR
chr1	178423	178424	26	0.0461	non-DMR
chr1	178455	178456	28	0.2178	non-DMR
chr1	178479	178480	20	0.0	non-DMR
chr1	178517	178518	24	0.0331	non-DMR
chr1	178543	178544	25	0.2099	non-DMR
chr1	178581	178582	32	0.1099	non-DMR
chr1	178609	178610	31	0.1275	non-DMR
chr1	178658	178659	27	0.1167	non-DMR
chr1	178706	178707	21	0.09	non-DMR
chr1	178756	178757	34	0.0	non-DMR
chr1	178855	178856	24	0.1252	non-DMR
chr1	178926	178927	29	0.1047	non-DMR
chr1	179026	179027	33	0.0758	non-DMR
chr1	179076	179077	30	0.1213	non-DMR
chr1	179082	179083	29	0.1652	flank-DMR
chr1	179092	179093	35	0.0961	flank-DMR
chr1	179140	179141	32	0.8257	non-DMR
chr1	179167	179168	30	0.8354	non-DMR
chr1	179197	179198	29	0.5497	non-DMR
chr1	179225	179226	29	0.9561	non-DMR
chr1	179275	179276	27	0.7688	non-DMR
chr1	179300	179301	30	0.8205	non-DMR
chr1	179328	179329	36	0.8188	non-DMR
chr1	179378	179379	32	0.8783	non-DMR
chr1	179402	179403	42	0.8288	non-DMR
chr1	179426	179427	31	0.7608	non-DMR
chr1	179471	179472	35	0.7807	non-DMR
chr1	179511	179512	35	0.728	non-DMR
chr1	179526	179527	33	0.7525	non-DMR
chr1	179541	179542	33	0.8687	non-DMR
chr1	179579	179580	24	0.7291	non-DMR
chr1	179597	179598	36	0.7725	non-DMR
chr1	179633	179634	36	0.9428	non-DMR
chr1	179654	179655	28	0.8866	non-DMR
chr1	179672	179673	27	0.8794	non-DMR
chr1	179772	179773	29	0.8867	non-DMR
chr1	179822	179823	32	0.8324	non-DMR
chr1	179922	179923	28	0.8155	non-DMR
chr1	180022	180023	21	0.8962	non-DMR
chr1	180122	180123	33	0.9674	non-DMR
chr1	180195	180196	21	0.8961	non-DMR
chr1	180223	180224	29	0.7903	flank-DMR
chr1	180229	180230	27	0.7722	good-DMR
chr1	180279	180280	30	0.8641	good-DMR
chr1	180303	180304	32	0.7439	good-DMR
chr1	180323	180324	22	0.9203	good-DMR
chr1	180343	180344	21	0.7145	good-DMR
chr1	180389	180390	29	0.7468	good-DMR
chr1	180435	180436	28	1.0	good-DMR
chr1	180469	180470	37	0.9639	good-DMR
chr1	180491	180492	30	0.8356	good-DMR
chr1	180508	180509	30	0.8669	good-DMR
chr1	180526	180527	28	0.6544	good-DMR
chr1	180555	180556	26	0.8844	good-DMR
chr1	180599	180600	28	0.6446	good-DMR
chr1	180614	180615	35	0.7352	good-DMR
chr1	180644	180645	29	0.9403	good-DMR
chr1	180670	180671	32	0.6421	good-DMR
chr1	180686	180687	36	0.9663	good-DMR
chr1	180688	180689	26	0.7927	good-DMR
chr1	180767	180768	31	0.8222	good-DMR
chr1	180867	180868	33	0.7847	good-DMR
chr1	180917	180918	35	0.831	good-DMR
chr1	181017	181018	33	0.643	good-DMR
chr1	181096	181097	34	0.8677	good-DMR
chr1	181240	181241	35	0.8387	flank-DMR
chr1	181370	181371	15	0.7933	flank-DMR
chr1	181384	181385	26	0.7977	flank-DMR
chr1	181502	181503	28	0.9376	flank-DMR
chr1	181552	181553	25	0.6635	flank-DMR
chr1	181562	181563	37	0.6684	flank-DMR
chr1	181567	181568	30	0.8388	good-DMR
chr1	181582	181583	31	0.8273	good-DMR
chr1	181599	181600	34	0.8929	good-DMR
chr1	181636	181637	32	1.0	good-DMR
chr1	181686	181687	35	1.0	good-DMR
chr1	181736	181737	32	0.9759	good-DMR
chr1	181756	181757	20	0.9962	good-DMR
chr1	181795	181796	32	0.848	good-DMR
chr1	181821	181822	30	0.9276	good-DMR
chr1	181845	181846	36	0.9138	good-DMR
chr1	181883	181884	25	0.8123	good-DMR
chr1	181919	181920	32	0.9644	good-DMR
chr1	181934	181935	29	0.8886	good-DMR
chr1	181960	181961	33	0.8471	good-DMR
chr1	181991	181992	20	0.8396	good-DMR
chr1	182025	182026	34	0.9862	good-DMR
chr1	182075	182076	26	0.9592	good-DMR
chr1	182106	182107	32	0.9682	good-DMR
chr1	182114	182115	21	0.8234	good-DMR
chr1	182203	182204	33	0.9947	good-DMR
chr1	182293	182294	31	0.8837	good-DMR
chr1	182393	182394	34	0.9051	good-DMR
chr1	182493	182494	29	0.9776	good-DMR
chr1	182593	182594	32	0.8599	good-DMR
chr1	182607	182608	32	0.912	flank-DMR
chr1	182759	182760	31	0.8749	flank-DMR
chr1	182819	182820	30	0.8842	flank-DMR
chr1	182885	182886	27	0.8974	flank-DMR
chr1	183073	183074	32	0.8731	flank-DMR
chr1	183082	183083	33	0.8045	good-DMR
chr1	183125	183126	35	0.7353	good-DMR
chr1	183140	183141	44	0.8863	good-DMR
chr1	183183	183184	20	0.9095	good-DMR
chr1	183229	183230	26	0.9459	good-DMR
chr1	183273	183274	23	0.9074	good-DMR
chr1	183291	183292	34	0.7997	good-DMR
chr1	183316	183317	22	0.795	good-DMR
chr1	183351	183352	27	0.9332	good-DMR
chr1	183380	183381	29	0.8138	good-DMR
chr1	183403	183404	30	0.6524	good-DMR
chr1	183428	183429	30	0.7864	good-DMR
chr1	183455	183456	28	0.7993	good-DMR
chr1	183505	183506	29	0.8278	good-DMR
chr1	183526	183527	21	0.8701	good-DMR
chr1	183548	183549	35	0.8414	good-DMR
chr1	183598	183599	29	0.8816	good-DMR
chr1	183625	183626	35	0.7759	good-DMR
chr1	183635	183636	22	0.7918	good-DMR
chr1	183735	183736	27	0.8518	good-DMR
chr1	183788	183789	19	0.8749	good-DMR
chr1	183888	183889	30	0.8253	good-DMR
chr1	183988	183989	29	0.8958	good-DMR
chr1	184052	184053	31	0.7549	good-DMR
chr1	184152	184153	20	0.891	good-DMR
chr1	184168	184169	26	0.7736	flank-DMR
chr1	184228	184229	23	0.8681	flank-DMR
chr1	184248	184249	28	0.828	flank-DMR
chr1	184258	184259	17	0.8195	flank-DMR
chr1	184266	184267	29	0.7361	flank-DMR
chr1	184306	184307	26	0.6809	flank-DMR
chr1	184350	184351	34	0.7591	flank-DMR
chr1	184358	184359	26	0.8971	flank-DMR
chr1	184446	184447	31	0.8338	flank-DMR
chr1	184488	184489	31	0.8293	flank-DMR
chr1	184510	184511	38	1.0	non-DMR
chr1	184526	184527	25	0.9088	non-DMR
chr1	184568	184569	29	0.956	non-DMR
chr1	184618	184619	34	0.9239	non-DMR
chr1	184645	184646	29	0.9146	non-DMR
chr1	184685	184686	26	0.949	non-DMR
chr1	184711	184712	32	0.9556	non-DMR
chr1	184746	184747	31	0.8707	non-DMR
chr1	184796	184797	26	0.8912	non-DMR
chr1	184826	184827	34	0.9611	non-DMR
chr1	184854	184855	23	0.8659	non-DMR
chr1	184884	184885	29	0.9175	non-DMR
chr1	184916	184917	33	1.0	non-DMR
chr1	184955	184956	35	0.9508	non-DMR
chr1	184998	184999	27	0.9432	non-DMR
chr1	185019	185020	24	0.9088	non-DMR
chr1	185047	185048	30	0.8468	non-DMR
chr1	185056	185057	37	0.8594	non-DMR
chr1	185149	185150	36	0.6335	non-DMR
chr1	185206	185207	31	0.9061	non-DMR
chr1	185306	185307	29	0.7777	non-DMR
chr1	185406	185407	25	0.9141	non-DMR
chr1	185506	185507	21	0.8985	non-DMR
chr1	185573	185574	35	0.8108	non-DMR
chr1	185585	185586	25	0.8136	flank-DMR
chr1	185587	185588	30	0.8589	flank-DMR
chr1	185623	185624	29	0.6606	non-DMR
chr1	185651	185652	36	0.6097	non-DMR
chr1	185675	185676	23	0.7698	non-DMR
chr1	185693	185694	37	0.5778	non-DMR
chr1	185733	185734	36	0.5648	non-DMR
chr1	185769	185770	33	0.5944	non-DMR
chr1	185800	185801	25	0.7582	non-DMR
chr1	185831	185832	31	0.651	non-DMR
chr1	185846	185847	21	0.6034	non-DMR
chr1	185896	185897	29	0.7708	non-DMR
chr1	185922	185923	27	0.676	non-DMR
chr1	185952	185953	31	0.6611	non-DMR
chr1	186002	186003	30	0.7181	non-DMR
chr1	186021	186022	24	0.636	non-DMR
chr1	186048	186049	28	0.5984	non-DMR
chr1	186078	186079	30	0.6009	non-DMR
chr1	186125	186126	29	0.6908	non-DMR
chr1	186152	186153	33	0.8012	non-DMR
chr1	186175	186176	27	0.7071	non-DMR
chr1	186225	186226	38	0.7374	non-DMR
chr1	186315	186316	26	0.7442	non-DMR
chr1	186411	186412	33	0.7008	non-DMR
chr1	186511	186512	27	0.81	non-DMR
chr1	186607	186608	27	0.578	non-DMR
chr1	186707	186708	35	0.5901	non-DMR
chr1	186725	186726	31	0.5113	flank-DMR
chr1	186771	186772	37	0.7075	flank-DMR
chr1	186793	186794	35	0.9844	non-DMR
chr1	186843	186844	27	0.931	non-DMR
chr1	186885	186886	34	0.8609	non-DMR
chr1	186909	186910	16	0.8865	non-DMR
chr1	186959	186960	28	0.8584	non-DMR
chr1	186980	186981	28	0.9135	non-DMR
chr1	187011	187012	32	0.7037	non-DMR
chr1	187029	187030	30	0.7699	non-DMR
chr1	187056	187057	30	0.8424	non-DMR
chr1	187085	187086	22	0.8213	non-DMR
chr1	187111	187112	30	0.7648	non-DMR
chr1	187127	187128	28	0.7153	non-DMR
chr1	187151	187152	28	0.7518	non-DMR
chr1	187171	187172	34	0.9109	non-DMR
chr1	187200	187201	32	0.7505	non-DMR
chr1	187230	187231	34	0.7858	non-DMR
chr1	187237	187238	22	0.8434	non-DMR
chr1	187293	187294	20	0.8458	non-DMR
chr1	187393	187394	28	0.8137	non-DMR
chr1	187493	187494	32	0.8638	non-DMR
chr1	187593	187594	30	0.7622	non-DMR
chr1	187660	187661	32	0.7737	non-DMR
chr1	187672	187673	30	0.8133	flank-DMR
chr1	187693	187694	18	0.6632	non-DMR
chr1	187709	187710	28	0.6619	non-DMR
chr1	187729	187730	36	0.5883	non-DMR
chr1	187752	187753	24	0.7584	non-DMR
chr1	187797	187798	30	0.6408	non-DMR
chr1	187815	187816	25	0.8639	non-DMR
chr1	187865	187866	33	0.7804	non-DMR
chr1	187915	187916	21	0.6718	non-DMR
chr1	187947	187948	22	0.6495	non-DMR
chr1	187970	187971	35	0.5861	non-DMR
chr1	187989	187990	28	0.6029	non-DMR
chr1	188016	188017	31	0.5886	non-DMR
chr1	188038	188039	35	0.6895	non-DMR
chr1	188077	188078	29	0.6204	non-DMR
chr1	188127	188128	28	0.6442	non-DMR
chr1	188147	188148	24	0.7515	non-DMR
chr1	188162	188163	29	0.8378	non-DMR
chr1	188203	188204	28	0.794	non-DMR
chr1	188219	188220	19	0.701	non-DMR
chr1	188235	188236	29	0.6694	non-DMR
chr1	188298	188299	24	0.7646	non-DMR
chr1	188354	188355	36	0.5458	non-DMR
chr1	188454	188455	32	0.563	non-DMR
chr1	188524	188525	33	0.7452	non-DMR
chr1	188624	188625	31	0.5609	non-DMR
chr1	188710	188711	35	0.8235	non-DMR
chr1	188726	188727	39	0.7368	flank-DMR
chr1	188800	188801	22	0.6851	flank-DMR
chr1	188823	188824	29	1.0	non-DMR
chr1	188855	188856	31	1.0	non-DMR
chr1	188877	188878	33	0.9079	non-DMR
chr1	188912	188913	31	0.9107	non-DMR
chr1	188942	188943	22	0.9632	non-DMR
chr1	188992	188993	32	0.8423	non-DMR
chr1	189020	189021	20	0.9603	non-DMR
chr1	189062	189063	36	0.9124	non-DMR
chr1	189081	189082	42	0.9052	non-DMR
chr1	189112	189113	27	0.7938	non-DMR
chr1	189148	189149	25	0.9735	non-DMR
chr1	189167	189168	29	0.9802	non-DMR
chr1	189201	189202	30	1.0	non-DMR
chr1	189218	189219	30	0.8765	non-DMR
chr1	189233	189234	31	0.9166	non-DMR
chr1	189266	189267	37	0.8268	non-DMR
chr1	189315	189316	22	0.8501	non-DMR
chr1	189318	189319	26	0.9314	non-DMR
chr1	189418	189419	28	0.9235	non-DMR
chr1	189518	189519	38	0.9866	non-DMR
chr1	189568	189569	25	0.8939	non-DMR
chr1	189661	189662	26	0.9751	non-DMR
chr1	189711	189712	29	0.9714	non-DMR
chr1	189811	189812	34	0.7697	non-DMR
chr1	189829	189830	29	0.9795	flank-DMR
chr1	189847	189848	26	0.9005	flank-DMR
chr1	189867	189868	20	0.1837	non-DMR
chr1	189917	189918	25	0.0418	non-DMR
chr1	189932	189933	36	0.1775	non-DMR
chr1	189982	189983	33	0.077	non-DMR
chr1	190007	190008	34	0.0486	non-DMR
chr1	190057	190058	30	0.0761	non-DMR
chr1	190082	190083	28	0.0	non-DMR
chr1	190104	190105	29	0.0752	non-DMR
chr1	190128	190129	38	0.027	non-DMR
chr1	190159	190160	27	0.2013	non-DMR
chr1	190174	190175	18	0.0723	non-DMR
chr1	190222	190223	30	0.1912	non-DMR
chr1	190256	190257	29	0.0	non-DMR
chr1	190271	190272	35	0.0	non-DMR
chr1	190286	190287	19	0.1796	non-DMR
chr1	190312	190313	29	0.0547	non-DMR
chr1	190331	190332	27	0.0998	non-DMR
chr1	190346	190347	25	0.0962	non-DMR
chr1	190350	190351	24	0.1301	non-DMR
chr1	190450	190451	26	0.0164	non-DMR
chr1	190500	190501	22	0.1596	non-DMR
chr1	190600	190601	30	0.1713	non-DMR
chr1	190691	190692	33	0.0	non-DMR
chr1	190769	190770	29	0.1637	non-DMR
chr1	190841	190842	32	0.0719	flank-DMR
chr1	190853	190854	18	0.5634	non-DMR
chr1	190872	190873	28	0.6911	non-DMR
chr1	190917	190918	33	0.7552	non-DMR
chr1	190947	190948	32	0.645	non-DMR
chr1	190983	190984	27	0.6834	non-DMR
chr1	191005	191006	29	0.7675	non-DMR
chr1	191046	191047	35	0.6698	non-DMR
chr1	191096	191097	29	0.734	non-DMR
chr1	191128	191129	24	0.8219	non-DMR
chr1	191145	191146	32	0.7369	non-DMR
chr1	191189	191190	37	0.8319	non-DMR
chr1	191215	191216	33	0.6728	non-DMR
chr1	191260	191261	35	0.6198	non-DMR
chr1	191275	191276	38	0.6977	non-DMR
chr1	191300	191301	33	0.7737	non-DMR
chr1	191316	191317	31	0.96	non-DMR
chr1	191336	191337	25	0.7756	non-DMR
chr1	191356	191357	21	0.8267	non-DMR
chr1	191406	191407	33	0.7288	non-DMR
chr1	191425	191426	21	0.7472	non-DMR
chr1	191525	191526	31	0.8212	non-DMR
chr1	191625	191626	28	0.8506	non-DMR
chr1	191725	191726	27	0.756	non-DMR
chr1	191825	191826	32	0.5055	non-DMR
chr1	191925	191926	29	0.6599	non-DMR
chr1	191949	191950	32	0.5646	flank-DMR
chr1	191957	191958	31	0.8508	good-DMR
chr1	191976	191977	40	0.9026	good-DMR
chr1	191997	191998	23	0.8189	good-DMR
chr1	192012	192013	29	0.9722	good-DMR
chr1	192029	192030	27	0.9009	good-DMR
chr1	192065	192066	29	0.8586	good-DMR
chr1	192080	192081	24	0.869	good-DMR
chr1	192114	192115	30	0.9196	good-DMR
chr1	192146	192147	25	0.7611	good-DMR
chr1	192161	192162	29	0.8254	good-DMR
chr1	192203	192204	37	0.8074	good-DMR
chr1	192222	192223	33	0.8753	good-DMR
chr1	192260	192261	33	0.7393	good-DMR
chr1	192310	192311	24	0.7968	good-DMR
chr1	192349	192350	36	0.7993	good-DMR
chr1	192398	192399	29	0.7473	good-DMR
chr1	192446	192447	37	0.7971	good-DMR
chr1	192469	192470	27	0.8617	good-DMR
chr1	192544	192545	25	0.8499	good-DMR
chr1	192594	192595	31	0.8462	good-DMR
chr1	192674	192675	27	0.9709	good-DMR
chr1	192760	192761	36	0.981	good-DMR
chr1	192860	192861	22	0.8395	good-DMR
chr1	192958	192959	27	0.9546	good-DMR
chr1	193062	193063	33	0.8216	flank-DMR
chr1	193088	193089	31	0.7854	flank-DMR
chr1	193090	193091	30	0.7737	flank-DMR
chr1	193098	193099	23	0.8929	flank-DMR
chr1	193266	193267	25	0.9721	flank-DMR
chr1	193284	193285	39	0.7579	flank-DMR
chr1	193300	193301	36	0.7128	flank-DMR
chr1	193402	193403	27	0.8659	flank-DMR
chr1	193421	193422	37	0.6463	non-DMR
chr1	193454	193455	41	0.8012	non-DMR
chr1	193474	193475	31	0.8306	non-DMR
chr1	193492	193493	21	0.5912	non-DMR
chr1	193510	193511	28	0.6559	non-DMR
chr1	193525	193526	29	0.7688	non-DMR
chr1	193543	193544	31	0.7375	non-DMR
chr1	193567	193568	24	0.7783	non-DMR
chr1	193593	193594	22	0.6917	non-DMR
chr1	193635	193636	32	0.6976	non-DMR
chr1	193650	193651	36	0.6798	non-DMR
chr1	193666	193667	34	0.6726	non-DMR
chr1	193687	193688	33	0.573	non-DMR
chr1	193724	193725	32	0.7281	non-DMR
chr1	193744	193745	36	0.7272	non-DMR
chr1	193763	193764	28	0.7059	non-DMR
chr1	193791	193792	25	0.7049	non-DMR
chr1	193841	193842	35	0.5683	non-DMR
chr1	193872	193873	27	0.6875	non-DMR
chr1	193890	193891	24	0.7151	non-DMR
chr1	193907	193908	31	0.7338	non-DMR
chr1	193957	193958	38	0.8645	non-DMR
chr1	194057	194058	30	0.7528	non-DMR
chr1	194157	194158	22	0.7491	non-DMR
chr1	194257	194258	36	0.8654	non-DMR
chr1	194357	194358	34	0.6794	non-DMR
chr1	194405	194406	26	0.7443	flank-DMR
chr1	194443	194444	19	0.6828	flank-DMR
chr1	194453	194454	31	0.806	good-DMR
chr1	194494	194495	30	0.8309	good-DMR
chr1	194522	194523	31	0.8426	good-DMR
chr1	194549	194550	30	0.9878	good-DMR
chr1	194593	194594	30	0.9029	good-DMR
chr1	194643	194644	29	0.8081	good-DMR
chr1	194684	194685	26	0.8698	good-DMR
chr1	194716	194717	32	0.8742	good-DMR
chr1	194731	194732	31	0.7999	good-DMR
chr1	194761	194762	24	1.0	good-DMR
chr1	194780	194781	21	0.8547	good-DMR
chr1	194815	194816	31	0.9146	good-DMR
chr1	194839	194840	30	0.7667	good-DMR
chr1	194889	194890	32	0.7551	good-DMR
chr1	194939	194940	27	0.9397	good-DMR
chr1	194980	194981	40	0.9078	good-DMR
chr1	194991	194992	23	0.7922	good-DMR
chr1	195052	195053	26	0.8172	good-DMR
chr1	195152	195153	37	0.7725	good-DMR
chr1	195244	195245	26	0.8332	good-DMR
chr1	195344	195345	28	0.8454	good-DMR
chr1	195394	195395	27	0.784	good-DMR
chr1	195444	195445	25	0.8927	good-DMR
chr1	195528	195529	31	0.8456	good-DMR
chr1	195554	195555	31	0.8771	flank-DMR
chr1	195562	195563	33	0.8217	flank-DMR
chr1	195606	195607	24	0.8565	flank-DMR
chr1	195714	195715	28	0.7746	flank-DMR
chr1	195716	195717	25	0.8781	flank-DMR
chr1	195790	195791	26	0.8832	flank-DMR
chr1	195852	195853	33	0.7767	flank-DMR
chr1	195906	195907	29	0.8883	flank-DMR
chr1	195924	195925	24	0.9936	flank-DMR
chr1	195952	195953	24	0.7721	flank-DMR
chr1	195965	195966	27	0.9616	non-DMR
chr1	195980	195981	36	0.9056	non-DMR
chr1	196001	196002	28	1.0	non-DMR
chr1	196051	196052	28	0.9507	non-DMR
chr1	196066	196067	20	0.938	non-DMR
chr1	196091	196092	32	0.95	non-DMR
chr1	196110	196111	21	0.8689	non-DMR
chr1	196147	196148	36	0.9044	non-DMR
chr1	196169	196170	34	1.0	non-DMR
chr1	196202	196203	42	0.9779	non-DMR
chr1	196252	196253	29	0.8993	non-DMR
chr1	196281	196282	32	0.9797	non-DMR
chr1	196302	196303	25	0.9496	non-DMR
chr1	196352	196353	30	0.9408	non-DMR
chr1	196377	196378	28	0.9686	non-DMR
chr1	196417	196418	36	0.9732	non-DMR
chr1	196436	196437	21	0.888	non-DMR
chr1	196536	196537	38	0.8523	non-DMR
chr1	196636	196637	23	0.9106	non-DMR
chr1	196736	196737	26	0.9686	non-DMR
chr1	196816	196817	32	0.8926	non-DMR
chr1	196910	196911	27	0.8734	flank-DMR
chr1	196949	196950	29	0.7981	non-DMR
chr1	196967	196968	28	0.5941	non-DMR
chr1	196988	196989	31	0.8057	non-DMR
chr1	197025	197026	25	0.8441	non-DMR
chr1	197065	197066	27	0.7896	non-DMR
chr1	197083	197084	27	0.7146	non-DMR
chr1	197133	197134	30	0.7608	non-DMR
chr1	197166	197167	44	0.7021	non-DMR
chr1	197205	197206	36	0.677	non-DMR
chr1	197241	197242	31	0.6594	non-DMR
chr1	197256	197257	27	0.6288	non-DMR
chr1	197306	197307	32	0.6779	non-DMR
chr1	197356	197357	28	0.7408	non-DMR
chr1	197382	197383	31	0.672	non-DMR
chr1	197432	197433	28	0.835	non-DMR
chr1	197465	197466	27	0.6582	non-DMR
chr1	197471	197472	24	0.8474	non-DMR
chr1	197560	197561	29	0.8173	non-DMR
chr1	197651	197652	28	0.8921	non-DMR
chr1	197751	197752	29	0.7871	non-DMR
chr1	197851	197852	34	0.6811	non-DMR
chr1	197951	197952	36	0.9046	non-DMR
chr1	197961	197962	28	0.7232	flank-DMR
chr1	197999	198000	29	0.7725	non-DMR
chr1	198014	198015	23	0.7717	non-DMR
chr1	198033	198034	42	0.8609	non-DMR
chr1	198072	198073	31	0.8224	non-DMR
chr1	198122	198123	32	0.8572	non-DMR
chr1	198157	198158	35	0.9382	non-DMR
chr1	198183	198184	34	0.8668	non-DMR
chr1	198233	198234	29	0.7104	non-DMR
chr1	198256	198257	29	0.7859	non-DMR
chr1	198276	198277	22	0.7796	non-DMR
chr1	198321	198322	21	0.6571	non-DMR
chr1	198371	198372	25	0.7718	non-DMR
chr1	198386	198387	34	0.8055	non-DMR
chr1	198436	198437	29	0.8271	non-DMR
chr1	198483	198484	35	0.9266	non-DMR
chr1	198528	198529	28	0.885	non-DMR
chr1	198574	198575	30	0.6756	non-DMR
chr1	198605	198606	27	0.8599	non-DMR
chr1	198705	198706	35	0.6545	non-DMR
chr1	198791	198792	23	0.9222	non-DMR
chr1	198841	198842	33	0.6205	non-DMR
chr1	198899	198900	28	0.7985	non-DMR
chr1	198999	199000	25	0.7971	non-DMR
chr1	199099	199100	35	0.8514	non-DMR
chr1	199162	199163	26	0.8198	non-DMR
chr1	199186	199187	30	0.7574	flank-DMR
chr1	199196	199197	29	0.1828	good-DMR
chr1	199246	199247	30	0.3028	good-DMR
chr1	199274	199275	29	0.1788	good-DMR
chr1	199291	199292	30	0.2117	good-DMR
chr1	199338	199339	21	0.245	good-DMR
chr1	199353	199354	38	0.0743	good-DMR
chr1	199377	199378	24	0.252	good-DMR
chr1	199421	199422	14	0.0722	good-DMR
chr1	199436	199437	29	0.0976	good-DMR
chr1	199477	199478	25	0.0	good-DMR
chr1	199503	199504	26	0.114	good-DMR
chr1	199540	199541	31	0.1501	good-DMR
chr1	199566	199567	25	0.2256	good-DMR
chr1	199581	199582	32	0.1785	good-DMR
chr1	199631	199632	34	0.1846	good-DMR
chr1	199652	199653	31	0.1438	good-DMR
chr1	199683	199684	30	0.203	good-DMR
chr1	199733	199734	36	0.2736	good-DMR
chr1	199775	199776	31	0.0903	good-DMR
chr1	199825	199826	26	0.0866	good-DMR
chr1	199925	199926	34	0.1713	good-DMR
chr1	199975	199976	23	0.2471	good-DMR
chr1	200075	200076	28	0.1125	good-DMR
chr1	200175	200176	30	0.1737	good-DMR
chr1	200275	200276	26	0.2925	good-DMR
chr1	200321	200322	32	0.1019	flank-DMR
chr1	200467	200468	26	0.1377	flank-DMR
chr1	200703	200704	34	0.2025	flank-DMR
chr1	200711	200712	29	0.1482	flank-DMR
chr1	200721	200722	31	0.1299	flank-DMR
chr1	200747	200748	30	0.0808	flank-DMR
chr1	200756	200757	26	0.6781	good-DMR
chr1	200771	200772	26	0.6662	good-DMR
chr1	200787	200788	28	0.5923	good-DMR
chr1	200837	200838	34	0.7227	good-DMR
chr1	200871	200872	26	0.7856	good-DMR
chr1	200921	200922	38	0.7826	good-DMR
chr1	200971	200972	28	0.8013	good-DMR
chr1	200994	200995	25	0.8213	good-DMR
chr1	201011	201012	21	0.9337	good-DMR
chr1	201061	201062	32	0.8741	good-DMR
chr1	201092	201093	34	0.4789	good-DMR
chr1	201127	201128	30	0.8556	good-DMR
chr1	201156	201157	23	0.6478	good-DMR
chr1	201204	201205	35	0.7234	good-DMR
chr1	201247	201248	20	0.7601	good-DMR
chr1	201268	201269	30	0.588	good-DMR
chr1	201279	201280	26	0.6471	good-DMR
chr1	201329	201330	28	0.6686	good-DMR
chr1	201429	201430	27	0.7228	good-DMR
chr1	201529	201530	26	0.8544	good-DMR
chr1	201629	201630	26	0.7814	good-DMR
chr1	201721	201722	27	0.8312	good-DMR
chr1	201798	201799	25	0.8503	good-DMR
chr1	201842	201843	32	0.831	flank-DMR
chr1	201874	201875	25	0.582	flank-DMR
chr1	201878	201879	25	0.7549	flank-DMR
chr1	201898	201899	18	0.9051	flank-DMR
chr1	201940	201941	28	0.8884	flank-DMR
chr1	202078	202079	33	0.7485	flank-DMR
chr1	202138	202139	40	0.8425	flank-DMR
chr1	202232	202233	29	0.7915	flank-DMR
chr1	202276	202277	31	0.7785	flank-DMR
chr1	202294	202295	26	0.7646	flank-DMR
chr1	202332	202333	22	0.9003	non-DMR
chr1	202370	202371	25	0.8323	non-DMR
chr1	202390	202391	24	0.9254	non-DMR
chr1	202410	202411	34	0.806	non-DMR
chr1	202443	202444	26	0.8337	non-DMR
chr1	202458	202459	26	0.8375	non-DMR
chr1	202495	202496	32	0.9618	non-DMR
chr1	202516	202517	29	0.7807	non-DMR
chr1	202560	202561	38	0.7327	non-DMR
chr1	202581	202582	25	0.8025	non-DMR
chr1	202631	202632	32	0.8794	non-DMR
chr1	202681	202682	29	0.7756	non-DMR
chr1	202706	202707	31	0.6081	non-DMR
chr1	202733	202734	33	0.7972	non-DMR
chr1	202756	202757	28	0.7482	non-DMR
chr1	202795	202796	28	0.7919	non-DMR
chr1	202845	202846	28	0.7549	non-DMR
chr1	202850	202851	32	0.8798	non-DMR
chr1	202900	202901	32	0.8805	non-DMR
chr1	203000	203001	32	0.7536	non-DMR
chr1	203100	203101	26	0.7385	non-DMR
chr1	203190	203191	35	0.8678	non-DMR
chr1	203290	203291	30	0.7537	non-DMR
chr1	203308	203309	23	0.7382	flank-DMR
chr1	203384	203385	36	0.7384	flank-DMR
chr1	203428	203429	32	0.9199	non-DMR
chr1	203478	203479	26	0.9246	non-DMR
chr1	203495	203496	19	0.7968	non-DMR
chr1	203545	203546	26	0.9617	non-DMR
chr1	203576	203577	32	0.9171	non-DMR
chr1	203594	203595	32	0.8722	non-DMR
chr1	203644	203645	41	0.8374	non-DMR
chr1	203676	203677	26	0.8956	non-DMR
chr1	203713	203714	23	0.8308	non-DMR
chr1	203738	203739	26	0.8278	non-DMR
chr1	203826	203827	24	0.8969	non-DMR
chr1	203849	203850	30	1.0	non-DMR
chr1	203867	203868	27	0.8613	non-DMR
chr1	203907	203908	37	0.8446	non-DMR
chr1	203924	203925	32	0.8015	non-DMR
chr1	203940	203941	24	0.7133	non-DMR
chr1	204040	204041	27	1.0	non-DMR
chr1	204140	204141	24	0.9145	non-DMR
chr1	204190	204191	36	0.9288	non-DMR
chr1	204290	204291	29	0.961	non-DMR
chr1	204373	204374	33	0.983	non-DMR
chr1	204423	204424	30	0.898	non-DMR
chr1	204455	204456	36	0.9205	flank-DMR
chr1	204468	204469	30	0.7041	non-DMR
chr1	204513	204514	28	0.7434	non-DMR
chr1	204539	204540	31	0.8788	non-DMR
chr1	204562	204563	15	0.7682	non-DMR
chr1	204584	204585	31	0.7409	non-DMR
chr1	204608	204609	31	0.738	non-DMR
chr1	204658	204659	26	0.72	non-DMR
chr1	204676	204677	32	0.6936	non-DMR
chr1	204726	204727	28	0.664	non-DMR
chr1	204750	204751	21	0.6015	non-DMR
chr1	204791	204792	29	0.6078	non-DMR
chr1	204833	204834	19	0.7987	non-DMR
chr1	204883	204884	40	0.7096	non-DMR
chr1	204901	204902	28	0.5237	non-DMR
chr1	204979	204980	26	0.7526	non-DMR
chr1	205050	205051	33	0.735	non-DMR
chr1	205100	205101	28	0.7411	non-DMR
chr1	205150	205151	22	0.7236	non-DMR
chr1	205200	205201	29	0.6651	non-DMR
chr1	205300	205301	28	0.6762	non-DMR
chr1	205324	205325	33	0.6986	flank-DMR
chr1	205333	205334	35	0.8884	sub-DMR
chr1	205383	205384	25	0.8707	sub-DMR
chr1	205418	205419	27	0.7542	sub-DMR
chr1	205468	205469	33	0.9318	sub-DMR
chr1	205492	205493	30	0.652	sub-DMR
chr1	205529	205530	40	0.9576	sub-DMR
chr1	205549	205550	18	0.7493	sub-DMR
chr1	205597	205598	31	0.8684	sub-DMR
chr1	205633	205634	26	0.9838	sub-DMR
chr1	205650	205651	33	0.9787	sub-DMR
chr1	205669	205670	25	1.0	sub-DMR
chr1	205687	205688	38	0.932	sub-DMR
chr1	205727	205728	25	0.9052	sub-DMR
chr1	205745	205746	25	0.8936	sub-DMR
chr1	205845	205846	31	0.8384	sub-DMR
chr1	205945	205946	27	1.0	sub-DMR
chr1	206045	206046	31	0.8358	sub-DMR
chr1	206145	206146	33	0.8917	sub-DMR
chr1	206207	206208	34	0.8713	flank-DMR
chr1	206303	206304	28	0.9107	flank-DMR
chr1	206375	206376	27	0.8645	flank-DMR
chr1	206387	206388	23	0.9005	flank-DMR
chr1	206397	206398	26	0.8669	flank-DMR
chr1	206465	206466	27	0.8292	flank-DMR
chr1	206539	206540	27	0.9086	flank-DMR
chr1	206609	206610	26	0.7931	flank-DMR
chr1	206618	206619	27	0.0	good-DMR
chr1	206653	206654	19	0.0663	good-DMR
chr1	206681	206682	21	0.0129	good-DMR
chr1	206731	206732	33	0.1365	good-DMR
chr1	206746	206747	38	0.0876	good-DMR
chr1	206796	206797	31	0.1059	good-DMR
chr1	206816	206817	27	0.0	good-DMR
chr1	206856	206857	30	0.0	good-DMR
chr1	206877	206878	26	0.0695	good-DMR
chr1	206899	206900	29	0.0128	good-DMR
chr1	206931	206932	30	0.0253	good-DMR
chr1	206948	206949	27	0.0288	good-DMR
chr1	206976	206977	21	0.0445	good-DMR
chr1	207009	207010	37	0.0096	good-DMR
chr1	207024	207025	27	0.0669	good-DMR
chr1	207040	207041	28	0.01	good-DMR
chr1	207060	207061	31	0.0162	good-DMR
chr1	207110	207111	32	0.0	good-DMR
chr1	207129	207130	33	0.0	good-DMR
chr1	207145	207146	34	0.0736	good-DMR
chr1	207245	207246	41	0.0	good-DMR
chr1	207317	207318	27	0.0	good-DMR
chr1	207382	207383	28	0.0563	good-DMR
chr1	207482	207483	25	0.0411	good-DMR
chr1	207541	207542	30	0.0106	good-DMR
chr1	207641	207642	28	0.0	good-DMR
chr1	207713	207714	27	0.1156	flank-DMR
chr1	207863	207864	18	0.1026	flank-DMR
chr1	207911	207912	31	0.0555	flank-DMR
chr1	208077	208078	30	0.1231	flank-DMR
chr1	208141	208142	32	0.1191	flank-DMR
chr1	208173	208174	34	0.6538	non-DMR
chr1	208205	208206	27	0.6668	non-DMR
chr1	208255	208256	32	0.6409	non-DMR
chr1	208287	208288	27	0.8146	non-DMR
chr1	208324	208325	25	0.5023	non-DMR
chr1	208339	208340	28	0.5575	non-DMR
chr1	208360	208361	25	0.7933	non-DMR
chr1	208386	208387	31	0.728	non-DMR
chr1	208413	208414	30	0.729	non-DMR
chr1	208435	208436	29	0.711	non-DMR
chr1	208474	208475	23	0.6903	non-DMR
chr1	208495	208496	25	0.5838	non-DMR
chr1	208516	208517	29	0.8043	non-DMR
chr1	208545	208546	31	0.737	non-DMR
chr1	208587	208588	27	0.7139	non-DMR
chr1	208604	208605	30	0.6278	non-DMR
chr1	208643	208644	30	0.5043	non-DMR
chr1	208681	208682	32	0.8237	non-DMR
chr1	208704	208705	27	0.6945	non-DMR
chr1	208764	208765	33	0.6368	non-DMR
chr1	208840	208841	32	0.6835	non-DMR
chr1	208935	208936	36	0.7517	non-DMR
chr1	209035	209036	27	0.6245	non-DMR
chr1	209128	209129	29	0.6597	non-DMR
chr1	209228	209229	34	0.8857	non-DMR
chr1	209292	209293	32	0.5745	flank-DMR
chr1	209326	209327	25	0.0	non-DMR
chr1	209368	209369	29	0.0584	non-DMR
chr1	209387	209388	32	0.0766	non-DMR
chr1	209405	209406	28	0.0598	non-DMR
chr1	209432	209433	30	0.117	non-DMR
chr1	209464	209465	28	0.0287	non-DMR
chr1	209514	209515	37	0.0	non-DMR
chr1	209541	209542	34	0.0086	non-DMR
chr1	209573	209574	26	0.1979	non-DMR
chr1	209591	209592	31	0.0534	non-DMR
chr1	209633	209634	37	0.0389	non-DMR
chr1	209651	209652	32	0.0934	non-DMR
chr1	209670	209671	30	0.0341	non-DMR
chr1	209685	209686	31	0.14	non-DMR
chr1	209727	209728	26	0.2397	non-DMR
chr1	209751	209752	25	0.0168	non-DMR
chr1	209783	209784	23	0.0634	non-DMR
chr1	209818	209819	33	0.0418	non-DMR
chr1	209857	209858	16	0.064	non-DMR
chr1	209918	209919	34	0.0773	non-DMR
chr1	210018	210019	28	0.0252	non-DMR
chr1	210118	210119	20	0.1211	non-DMR
chr1	210216	210217	26	0.2226	non-DMR
chr1	210316	210317	30	0.0927	non-DMR
chr1	210322	210323	24	0.1021	flank-DMR
chr1	210404	210405	32	0.1485	flank-DMR
chr1	210439	210440	30	0.6647	non-DMR
chr1	210465	210466	21	0.7962	non-DMR
chr1	210480	210481	29	0.7681	non-DMR
chr1	210499	210500	34	0.7069	non-DMR
chr1	210549	210550	33	0.7272	non-DMR
chr1	210590	210591	38	0.5992	non-DMR
chr1	210615	210616	38	0.5741	non-DMR
chr1	210660	210661	25	0.8647	non-DMR
chr1	210675	210676	27	0.825	non-DMR
chr1	210721	210722	17	0.6798	non-DMR
chr1	210771	210772	37	0.7774	non-DMR
chr1	210792	210793	30	0.8524	non-DMR
chr1	210833	210834	30	0.6092	non-DMR
chr1	210883	210884	24	0.664	non-DMR
chr1	210898	210899	27	0.8751	non-DMR
chr1	210916	210917	29	0.8169	non-DMR
chr1	210943	210944	24	0.8286	non-DMR
chr1	210985	210986	31	0.6262	non-DMR
chr1	211004	211005	25	0.8113	non-DMR
chr1	211104	211105	33	0.7038	non-DMR
chr1	211203	211204	28	0.5784	non-DMR
chr1	211267	211268	27	0.7989	non-DMR
chr1	211317	211318	33	0.813	non-DMR
chr1	211417	211418	21	0.8286	non-DMR
chr1	211504	211505	34	0.7813	non-DMR
chr1	211564	211565	23	0.8078	flank-DMR
chr1	211578	211579	26	0.6724	flank-DMR
chr1	211617	211618	37	0.788	non-DMR
chr1	211657	211658	30	0.8307	non-DMR
chr1	211701	211702	37	0.7397	non-DMR
chr1	211748	211749	32	0.8447	non-DMR
chr1	211763	211764	35	0.7892	non-DMR
chr1	211812	211813	40	0.6566	non-DMR
chr1	211845	211846	26	0.9405	non-DMR
chr1	211893	211894	31	0.8167	non-DMR
chr1	211943	211944	31	0.7943	non-DMR
chr1	211990	211991	35	0.71	non-DMR
chr1	212015	212016	38	0.8391	non-DMR
chr1	212056	212057	30	0.6757	non-DMR
chr1	212156	212157	24	0.7155	non-DMR
chr1	212217	212218	28	0.9111	non-DMR
chr1	212271	212272	28	0.7884	non-DMR
chr1	212371	212372	23	0.6503	non-DMR
chr1	212471	212472	30	0.8576	non-DMR
chr1	212561	212562	32	0.6317	flank-DMR
chr1	212595	212596	29	1.0	non-DMR
chr1	212611	212612	36	0.8832	non-DMR
chr1	212650	212651	23	0.968	non-DMR
chr1	212697	212698	33	0.8337	non-DMR
chr1	212740	212741	34	0.9643	non-DMR
chr1	212790	212791	33	0.9508	non-DMR
chr1	212806	212807	31	0.814	non-DMR
chr1	212843	212844	24	0.8409	non-DMR
chr1	212893	212894	24	0.9671	non-DMR
chr1	212943	212944	21	0.7973	non-DMR
chr1	212983	212984	35	0.9333	non-DMR
chr1	213033	213034	29	0.801	non-DMR
chr1	213055	213056	35	0.9099	non-DMR
chr1	213070	213071	28	0.7674	non-DMR
chr1	213102	213103	27	1.0	non-DMR
chr1	213200	213201	35	0.8745	non-DMR
chr1	213299	213300	42	0.8486	non-DMR
chr1	213399	213400	36	0.8153	non-DMR
chr1	213472	213473	26	0.8603	non-DMR
chr1	213572	213573	27	0.8568	non-DMR
chr1	213640	213641	28	0.6535	flank-DMR
chr1	213668	213669	23	0.9167	flank-DMR
chr1	213675	213676	28	0.1116	sub-DMR
chr1	213700	213701	28	0.1469	sub-DMR
chr1	213725	213726	33	0.1215	sub-DMR
chr1	213741	213742	41	0.0481	sub-DMR
chr1	213782	213783	22	0.0725	sub-DMR
chr1	213804	213805	28	0.2305	sub-DMR
chr1	213833	213834	26	0.2107	sub-DMR
chr1	213883	213884	31	0.1237	sub-DMR
chr1	213898	213899	32	0.2055	sub-DMR
chr1	213923	213924	30	0.0877	sub-DMR
chr1	213959	213960	20	0.1016	sub-DMR
chr1	213990	213991	23	0.155	sub-DMR
chr1	214005	214006	32	0.1574	sub-DMR
chr1	214031	214032	32	0.0944	sub-DMR
chr1	214081	214082	28	0.1603	sub-DMR
chr1	214113	214114	38	0.09	sub-DMR
chr1	214135	214136	18	0.0519	sub-DMR
chr1	214158	214159	32	0.0152	sub-DMR
chr1	214165	214166	32	0.0467	sub-DMR
chr1	214265	214266	36	0.1097	sub-DMR
chr1	214365	214366	31	0.0752	sub-DMR
chr1	214427	214428	25	0.0	sub-DMR
chr1	214527	214528	27	0.0652	sub-DMR
chr1	214621	214622	37	0.1774	sub-DMR
chr1	214735	214736	31	0.2189	flank-DMR
chr1	214795	214796	29	0.1613	flank-DMR
chr1	214837	214838	36	0.1036	flank-DMR
chr1	214863	214864	29	0.2459	flank-DMR
chr1	214873	214874	30	0.0204	flank-DMR
chr1	214887	214888	32	0.1275	flank-DMR
chr1	215053	215054	30	0.2123	flank-DMR
chr1	215117	215118	33	0.1393	flank-DMR
chr1	215119	215120	33	0.2429	flank-DMR
