chr1	100005	100006	27	0.5772	good-DMR
chr1	100046	100047	25	0.461	good-DMR
chr1	100096	100097	22	0.6724	good-DMR
chr1	100123	100124	30	0.4629	good-DMR
chr1	100150	100151	29	0.6241	good-DMR
chr1	100200	100201	32	0.6792	good-DMR
chr1	100244	100245	34	0.593	good-DMR
chr1	100268	100269	26	0.692	good-DMR
chr1	100307	100308	27	0.5006	good-DMR
chr1	100331	100332	41	0.6555	good-DMR
chr1	100355	100356	26	0.5244	good-DMR
chr1	100389	100390	34	0.4626	good-DMR
chr1	100404	100405	30	0.7044	good-DMR
chr1	100419	100420	25	0.617	good-DMR
chr1	100442	100443	37	0.4972	good-DMR
chr1	100460	100461	25	0.5938	good-DMR
chr1	100495	100496	29	0.6256	good-DMR
chr1	100514	100515	24	0.4363	good-DMR
chr1	100529	100530	26	0.5515	good-DMR
chr1	100629	100630	31	0.7475	good-DMR
chr1	100716	100717	35	0.6037	good-DMR
chr1	100816	100817	25	0.7138	good-DMR
chr1	100866	100867	41	0.6297	good-DMR
chr1	100938	100939	27	0.6301	good-DMR
chr1	101038	101039	28	0.6566	good-DMR
chr1	101074	101075	36	0.9095	flank-DMR
chr1	101182	101183	20	0.9951	flank-DMR
chr1	101194	101195	30	0.9494	flank-DMR
chr1	101250	101251	28	0.7731	flank-DMR
chr1	101344	101345	27	0.9227	flank-DMR
chr1	101380	101381	28	0.7883	flank-DMR
chr1	101386	101387	29	0.3308	good-DMR
chr1	101425	101426	24	0.261	good-DMR
chr1	101464	101465	37	0.4017	good-DMR
chr1	101481	101482	25	0.2553	good-DMR
chr1	101529	101530	26	0.4358	good-DMR
chr1	101544	101545	38	0.5515	good-DMR
chr1	101594	101595	26	0.4836	good-DMR
chr1	101610	101611	34	0.2868	good-DMR
chr1	101637	101638	17	0.4695	good-DMR
chr1	101687	101688	23	0.2827	good-DMR
chr1	101719	101720	35	0.453	good-DMR
chr1	101764	101765	36	0.3382	good-DMR
chr1	101805	101806	32	0.4127	good-DMR
chr1	101808	101809	33	0.4841	good-DMR
chr1	101908	101909	30	0.3119	good-DMR
chr1	101984	101985	26	0.415	good-DMR
chr1	102084	102085	21	0.3301	good-DMR
chr1	102134	102135	25	0.2268	good-DMR
chr1	102188	102189	30	0.2886	flank-DMR
chr1	102314	102315	34	0.0	flank-DMR
chr1	102356	102357	25	0.201	flank-DMR
chr1	102456	102457	25	0.0988	flank-DMR
chr1	102472	102473	32	0.1326	flank-DMR
chr1	102478	102479	30	0.0	flank-DMR
chr1	102498	102499	26	0.317	flank-DMR
chr1	102504	102505	22	0.195	flank-DMR
chr1	102620	102621	29	0.1886	flank-DMR
chr1	102636	102637	34	0.3784	non-DMR
chr1	102684	102685	32	0.1419	non-DMR
chr1	102715	102716	27	0.2525	non-DMR
chr1	102749	102750	25	0.1972	non-DMR
chr1	102799	102800	38	0.2307	non-DMR
chr1	102838	102839	28	0.2048	non-DMR
chr1	102877	102878	37	0.1629	non-DMR
chr1	102927	102928	24	0.1949	non-DMR
chr1	102952	102953	26	0.2211	non-DMR
chr1	102972	102973	36	0.2161	non-DMR
chr1	102990	102991	27	0.1028	non-DMR
chr1	103005	103006	23	0.2753	non-DMR
chr1	103055	103056	22	0.129	non-DMR
chr1	103072	103073	30	0.3903	non-DMR
chr1	103099	103100	27	0.3751	non-DMR
chr1	103103	103104	32	0.3965	non-DMR
chr1	103203	103204	24	0.3992	non-DMR
chr1	103303	103304	37	0.1992	non-DMR
chr1	103403	103404	24	0.3397	non-DMR
chr1	103473	103474	29	0.3208	non-DMR
chr1	103563	103564	29	0.3265	non-DMR
chr1	103597	103598	25	0.1732	flank-DMR
chr1	103612	103613	36	0.7405	non-DMR
chr1	103638	103639	28	0.8362	non-DMR
chr1	103653	103654	31	0.8006	non-DMR
chr1	103690	103691	30	0.6809	non-DMR
chr1	103723	103724	38	0.8341	non-DMR
chr1	103757	103758	31	0.6541	non-DMR
chr1	103804	103805	16	0.9034	non-DMR
chr1	103854	103855	29	0.7733	non-DMR
chr1	103879	103880	31	0.687	non-DMR
chr1	103917	103918	35	0.6733	non-DMR
chr1	103952	103953	26	0.7015	non-DMR
chr1	103988	103989	28	0.7253	non-DMR
chr1	104025	104026	27	0.8235	non-DMR
chr1	104075	104076	30	0.7036	non-DMR
chr1	104151	104152	32	0.7546	non-DMR
chr1	104201	104202	20	0.8194	non-DMR
chr1	104267	104268	33	0.6911	non-DMR
chr1	104367	104368	28	0.8623	non-DMR
chr1	104467	104468	26	0.6129	non-DMR
chr1	104541	104542	29	0.8548	flank-DMR
chr1	104563	104564	25	0.7482	flank-DMR
chr1	104607	104608	33	0.5767	non-DMR
chr1	104629	104630	37	0.6286	non-DMR
chr1	104659	104660	27	0.602	non-DMR
chr1	104688	104689	33	0.6571	non-DMR
chr1	104703	104704	20	0.4831	non-DMR
chr1	104722	104723	31	0.7018	non-DMR
chr1	104745	104746	31	0.562	non-DMR
chr1	104760	104761	38	0.601	non-DMR
chr1	104791	104792	26	0.6054	non-DMR
chr1	104817	104818	37	0.6802	non-DMR
chr1	104832	104833	38	0.7264	non-DMR
chr1	104869	104870	24	0.5662	non-DMR
chr1	104912	104913	36	0.5504	non-DMR
chr1	104946	104947	28	0.5132	non-DMR
chr1	104972	104973	27	0.6538	non-DMR
chr1	105012	105013	30	0.5095	non-DMR
chr1	105054	105055	34	0.7113	non-DMR
chr1	105089	105090	28	0.8043	non-DMR
chr1	105109	105110	28	0.4961	non-DMR
chr1	105143	105144	21	0.6228	non-DMR
chr1	105158	105159	26	0.6837	non-DMR
chr1	105228	105229	32	0.6849	non-DMR
chr1	105328	105329	31	0.5652	non-DMR
chr1	105401	105402	29	0.5409	non-DMR
chr1	105501	105502	33	0.4888	non-DMR
chr1	105668	105669	38	0.4811	non-DMR
chr1	105676	105677	36	0.6436	flank-DMR
chr1	105762	105763	22	0.6282	flank-DMR
chr1	105768	105769	31	0.4751	good-DMR
chr1	105810	105811	32	0.5614	good-DMR
chr1	105839	105840	23	0.3976	good-DMR
chr1	105883	105884	24	0.1692	good-DMR
chr1	105924	105925	31	0.3229	good-DMR
chr1	105951	105952	31	0.6028	good-DMR
chr1	105966	105967	31	0.4049	good-DMR
chr1	105989	105990	30	0.5454	good-DMR
chr1	106039	106040	28	0.4752	good-DMR
chr1	106075	106076	23	0.3141	good-DMR
chr1	106097	106098	40	0.4198	good-DMR
chr1	106131	106132	20	0.3722	good-DMR
chr1	106173	106174	30	0.5201	good-DMR
chr1	106195	106196	36	0.5372	good-DMR
chr1	106235	106236	29	0.4846	good-DMR
chr1	106335	106336	29	0.3773	good-DMR
chr1	106387	106388	34	0.4825	good-DMR
chr1	106487	106488	32	0.5359	good-DMR
chr1	106565	106566	32	0.6093	good-DMR
chr1	106655	106656	29	0.5215	good-DMR
chr1	106679	106680	44	0.7371	flank-DMR
chr1	106735	106736	42	0.7396	flank-DMR
chr1	106787	106788	28	0.6723	flank-DMR
chr1	106915	106916	38	0.7117	flank-DMR
chr1	106975	106976	39	0.5702	flank-DMR
chr1	106977	106978	34	0.6144	flank-DMR
chr1	106987	106988	27	0.6651	flank-DMR
chr1	107013	107014	27	0.6085	flank-DMR
chr1	107061	107062	29	0.7093	flank-DMR
chr1	107149	107150	19	0.6049	flank-DMR
chr1	107168	107169	35	0.6911	non-DMR
chr1	107190	107191	33	0.7938	non-DMR
chr1	107231	107232	24	0.7432	non-DMR
chr1	107281	107282	36	0.7817	non-DMR
chr1	107301	107302	31	0.7026	non-DMR
chr1	107335	107336	28	0.6732	non-DMR
chr1	107385	107386	30	0.8135	non-DMR
chr1	107400	107401	31	0.8169	non-DMR
chr1	107445	107446	30	0.7467	non-DMR
chr1	107462	107463	31	0.7303	non-DMR
chr1	107495	107496	32	0.7499	non-DMR
chr1	107545	107546	31	0.6968	non-DMR
chr1	107560	107561	29	0.8208	non-DMR
chr1	107604	107605	30	0.6768	non-DMR
chr1	107654	107655	15	0.7108	non-DMR
chr1	107677	107678	24	0.8158	non-DMR
chr1	107717	107718	36	0.7351	non-DMR
chr1	107767	107768	34	0.7144	non-DMR
chr1	107773	107774	30	0.7777	non-DMR
chr1	107873	107874	31	0.8479	non-DMR
chr1	107973	107974	31	0.6853	non-DMR
chr1	108073	108074	32	0.8169	non-DMR
chr1	108173	108174	25	0.7138	non-DMR
chr1	108228	108229	22	0.6657	non-DMR
chr1	108328	108329	31	0.784	non-DMR
chr1	108408	108409	35	0.7968	flank-DMR
chr1	108416	108417	34	0.713	flank-DMR
chr1	108431	108432	32	0.8185	non-DMR
chr1	108468	108469	27	0.7858	non-DMR
chr1	108500	108501	30	0.6615	non-DMR
chr1	108534	108535	32	0.689	non-DMR
chr1	108584	108585	23	0.7565	non-DMR
chr1	108622	108623	32	0.6507	non-DMR
chr1	108672	108673	24	0.678	non-DMR
chr1	108696	108697	39	0.6155	non-DMR
chr1	108711	108712	33	0.8911	non-DMR
chr1	108732	108733	36	0.6618	non-DMR
chr1	108755	108756	22	0.8436	non-DMR
chr1	108848	108849	28	0.6446	non-DMR
chr1	108870	108871	33	0.8153	non-DMR
chr1	108915	108916	38	0.8336	non-DMR
chr1	108943	108944	30	0.8113	non-DMR
chr1	108993	108994	30	0.7343	non-DMR
chr1	108995	108996	27	0.7971	non-DMR
chr1	109045	109046	27	0.6003	non-DMR
chr1	109134	109135	32	0.8956	non-DMR
chr1	109216	109217	31	0.7514	non-DMR
chr1	109266	109267	25	0.8798	non-DMR
chr1	109366	109367	28	0.6867	non-DMR
chr1	109466	109467	33	0.7902	non-DMR
chr1	109517	109518	34	0.7648	non-DMR
chr1	109599	109600	21	0.8451	flank-DMR
chr1	109601	109602	30	0.7806	flank-DMR
chr1	109613	109614	23	0.7959	non-DMR
chr1	109636	109637	29	0.7144	non-DMR
chr1	109668	109669	31	0.8477	non-DMR
chr1	109697	109698	28	0.6663	non-DMR
chr1	109747	109748	29	0.7531	non-DMR
chr1	109773	109774	40	0.7807	non-DMR
chr1	109805	109806	29	0.7989	non-DMR
chr1	109820	109821	28	0.9125	non-DMR
chr1	109855	109856	32	0.8823	non-DMR
chr1	109875	109876	33	0.9359	non-DMR
chr1	109890	109891	24	0.8259	non-DMR
chr1	109940	109941	30	0.9316	non-DMR
chr1	109969	109970	36	0.872	non-DMR
chr1	109984	109985	27	0.7707	non-DMR
chr1	110004	110005	21	0.8602	non-DMR
chr1	110034	110035	29	0.788	non-DMR
chr1	110065	110066	35	0.8029	non-DMR
chr1	110088	110089	29	0.8827	non-DMR
chr1	110103	110104	36	0.8835	non-DMR
chr1	110126	110127	34	0.936	non-DMR
chr1	110127	110128	30	0.7505	non-DMR
chr1	110227	110228	22	0.7123	non-DMR
chr1	110296	110297	27	0.818	non-DMR
chr1	110396	110397	33	0.8528	non-DMR
chr1	110446	110447	24	0.7835	non-DMR
chr1	110508	110509	24	0.7381	non-DMR
chr1	110608	110609	25	0.8581	non-DMR
chr1	110666	110667	35	0.8517	flank-DMR
chr1	110716	110717	25	0.8604	non-DMR
chr1	110741	110742	20	0.7586	non-DMR
chr1	110768	110769	29	0.8347	non-DMR
chr1	110788	110789	27	0.9008	non-DMR
chr1	110810	110811	36	0.732	non-DMR
chr1	110860	110861	35	0.717	non-DMR
chr1	110908	110909	23	0.7086	non-DMR
chr1	110923	110924	26	0.6945	non-DMR
chr1	110973	110974	32	0.9192	non-DMR
chr1	111023	111024	29	0.7493	non-DMR
chr1	111049	111050	35	0.6164	non-DMR
chr1	111084	111085	33	0.6924	non-DMR
chr1	111114	111115	27	0.8595	non-DMR
chr1	111164	111165	31	0.7647	non-DMR
chr1	111184	111185	34	0.7268	non-DMR
chr1	111216	111217	32	0.7659	non-DMR
chr1	111240	111241	34	0.7268	non-DMR
chr1	111255	111256	26	0.9037	non-DMR
chr1	111305	111306	27	0.5074	non-DMR
chr1	111318	111319	35	0.8361	non-DMR
chr1	111418	111419	28	0.6803	non-DMR
chr1	111468	111469	29	0.9466	non-DMR
chr1	111547	111548	31	0.8635	non-DMR
chr1	111647	111648	34	0.9476	non-DMR
chr1	111708	111709	39	0.94	non-DMR
chr1	111808	111809	29	0.7802	non-DMR
chr1	111893	111894	32	0.7893	non-DMR
chr1	111931	111932	33	0.6609	flank-DMR
chr1	111971	111972	28	0.9626	flank-DMR
chr1	111995	111996	34	0.0438	non-DMR
chr1	112029	112030	32	0.1106	non-DMR
chr1	112067	112068	33	0.1204	non-DMR
chr1	112103	112104	29	0.1693	non-DMR
chr1	112128	112129	32	0.1388	non-DMR
chr1	112170	112171	21	0.1913	non-DMR
chr1	112186	112187	25	0.0494	non-DMR
chr1	112233	112234	31	0.0895	non-DMR
chr1	112257	112258	30	0.1612	non-DMR
chr1	112292	112293	23	0.1276	non-DMR
chr1	112317	112318	27	0.063	non-DMR
chr1	112367	112368	34	0.0368	non-DMR
chr1	112404	112405	28	0.1721	non-DMR
chr1	112435	112436	27	0.204	non-DMR
chr1	112535	112536	26	0.1032	non-DMR
chr1	112622	112623	26	0.2266	non-DMR
chr1	112722	112723	27	0.084	non-DMR
chr1	112822	112823	39	0.0873	non-DMR
chr1	112920	112921	35	0.1176	flank-DMR
chr1	112928	112929	30	0.2841	good-DMR
chr1	112978	112979	29	0.304	good-DMR
chr1	113006	113007	24	0.2325	good-DMR
chr1	113021	113022	27	0.3048	good-DMR
chr1	113045	113046	18	0.4368	good-DMR
chr1	113081	113082	29	0.4676	good-DMR
chr1	113104	113105	31	0.2594	good-DMR
chr1	113134	113135	24	0.4016	good-DMR
chr1	113177	113178	34	0.245	good-DMR
chr1	113204	113205	26	0.3906	good-DMR
chr1	113223	113224	29	0.3698	good-DMR
chr1	113249	113250	31	0.2994	good-DMR
chr1	113299	113300	32	0.1964	good-DMR
chr1	113349	113350	28	0.2962	good-DMR
chr1	113364	113365	22	0.443	good-DMR
chr1	113414	113415	24	0.3155	good-DMR
chr1	113448	113449	27	0.3543	good-DMR
chr1	113461	113462	30	0.2847	good-DMR
chr1	113533	113534	33	0.256	good-DMR
chr1	113583	113584	34	0.2259	good-DMR
chr1	113683	113684	31	0.257	good-DMR
chr1	113740	113741	26	0.392	good-DMR
chr1	113790	113791	30	0.3019	good-DMR
chr1	113840	113841	31	0.2052	good-DMR
chr1	113940	113941	42	0.2427	good-DMR
chr1	113960	113961	32	0.1491	flank-DMR
chr1	114012	114013	35	0.0359	flank-DMR
chr1	114032	114033	26	0.0061	flank-DMR
chr1	114086	114087	21	0.0371	flank-DMR
chr1	114096	114097	36	0.1354	flank-DMR
chr1	114116	114117	39	0.2153	flank-DMR
chr1	114216	114217	23	0.1187	flank-DMR
chr1	114298	114299	25	0.165	flank-DMR
chr1	114404	114405	29	0.0633	flank-DMR
chr1	114437	114438	33	0.5827	non-DMR
chr1	114452	114453	25	0.7544	non-DMR
chr1	114496	114497	26	0.7178	non-DMR
chr1	114524	114525	45	0.6327	non-DMR
chr1	114553	114554	31	0.6421	non-DMR
chr1	114603	114604	32	0.6317	non-DMR
chr1	114618	114619	31	0.6473	non-DMR
chr1	114635	114636	30	0.6766	non-DMR
chr1	114670	114671	28	0.6188	non-DMR
chr1	114685	114686	28	0.7432	non-DMR
chr1	114707	114708	30	0.5454	non-DMR
chr1	114756	114757	32	0.5607	non-DMR
chr1	114784	114785	39	0.67	non-DMR
chr1	114799	114800	34	0.766	non-DMR
chr1	114832	114833	24	0.686	non-DMR
chr1	114857	114858	26	0.6977	non-DMR
chr1	114878	114879	32	0.6796	non-DMR
chr1	114928	114929	24	0.6695	non-DMR
chr1	114951	114952	28	0.6935	non-DMR
chr1	115035	115036	29	0.6567	non-DMR
chr1	115135	115136	24	0.6175	non-DMR
chr1	115219	115220	32	0.5715	non-DMR
chr1	115292	115293	35	0.5801	non-DMR
chr1	115392	115393	31	0.6594	non-DMR
chr1	115462	115463	22	0.7246	flank-DMR
chr1	115464	115465	26	0.6194	flank-DMR
chr1	115491	115492	27	0.642	non-DMR
chr1	115528	115529	31	0.5313	non-DMR
chr1	115563	115564	31	0.4433	non-DMR
chr1	115582	115583	32	0.4171	non-DMR
chr1	115602	115603	25	0.7009	non-DMR
chr1	115652	115653	38	0.5232	non-DMR
chr1	115692	115693	35	0.6009	non-DMR
chr1	115739	115740	48	0.5131	non-DMR
chr1	115772	115773	37	0.5626	non-DMR
chr1	115809	115810	34	0.5967	non-DMR
chr1	115837	115838	27	0.6661	non-DMR
chr1	115867	115868	31	0.6789	non-DMR
chr1	115891	115892	21	0.6882	non-DMR
chr1	115941	115942	28	0.6709	non-DMR
chr1	115962	115963	35	0.4722	non-DMR
chr1	115997	115998	36	0.6808	non-DMR
chr1	116025	116026	28	0.5044	non-DMR
chr1	116059	116060	24	0.5311	non-DMR
chr1	116159	116160	20	0.636	non-DMR
chr1	116259	116260	19	0.6537	non-DMR
chr1	116359	116360	33	0.6957	non-DMR
chr1	116414	116415	24	0.4995	non-DMR
chr1	116514	116515	28	0.4972	non-DMR
chr1	116608	116609	30	0.6523	non-DMR
chr1	116626	116627	29	0.5425	flank-DMR
chr1	116676	116677	33	0.7488	non-DMR
chr1	116726	116727	24	0.6673	non-DMR
chr1	116744	116745	22	0.4704	non-DMR
chr1	116764	116765	34	0.4324	non-DMR
chr1	116814	116815	37	0.6554	non-DMR
chr1	116832	116833	25	0.6277	non-DMR
chr1	116855	116856	26	0.5618	non-DMR
chr1	116905	116906	24	0.5453	non-DMR
chr1	116955	116956	29	0.5861	non-DMR
chr1	116970	116971	27	0.7349	non-DMR
chr1	117014	117015	23	0.5832	non-DMR
chr1	117041	117042	25	0.5529	non-DMR
chr1	117069	117070	23	0.7291	non-DMR
chr1	117119	117120	32	0.6126	non-DMR
chr1	117144	117145	34	0.5067	non-DMR
chr1	117167	117168	27	0.5234	non-DMR
chr1	117193	117194	40	0.7376	non-DMR
chr1	117202	117203	32	0.7366	non-DMR
chr1	117302	117303	25	0.7408	non-DMR
chr1	117402	117403	31	0.8249	non-DMR
chr1	117502	117503	27	0.8086	non-DMR
chr1	117601	117602	21	0.6612	non-DMR
chr1	117701	117702	31	0.6948	non-DMR
chr1	117745	117746	19	0.6987	flank-DMR
chr1	117750	117751	29	0.4971	good-DMR
chr1	117765	117766	26	0.3727	good-DMR
chr1	117809	117810	27	0.407	good-DMR
chr1	117846	117847	32	0.5542	good-DMR
chr1	117891	117892	29	0.4509	good-DMR
chr1	117932	117933	22	0.5074	good-DMR
chr1	117965	117966	28	0.512	good-DMR
chr1	118009	118010	28	0.5712	good-DMR
chr1	118033	118034	25	0.5604	good-DMR
chr1	118073	118074	26	0.6322	good-DMR
chr1	118096	118097	23	0.5566	good-DMR
chr1	118137	118138	19	0.4555	good-DMR
chr1	118164	118165	27	0.582	good-DMR
chr1	118202	118203	34	0.6157	good-DMR
chr1	118209	118210	27	0.4112	good-DMR
chr1	118294	118295	34	0.4722	good-DMR
chr1	118381	118382	26	0.5197	good-DMR
chr1	118431	118432	26	0.4755	good-DMR
chr1	118531	118532	37	0.6084	good-DMR
chr1	118631	118632	21	0.573	good-DMR
chr1	118633	118634	30	0.8394	flank-DMR
chr1	118717	118718	32	0.8322	flank-DMR
chr1	118803	118804	23	0.842	flank-DMR
chr1	118807	118808	29	0.702	flank-DMR
chr1	119041	119042	32	0.952	flank-DMR
chr1	119053	119054	27	0.0136	non-DMR
chr1	119068	119069	32	0.1208	non-DMR
chr1	119092	119093	27	0.094	non-DMR
chr1	119110	119111	27	0.1064	non-DMR
chr1	119160	119161	36	0.0643	non-DMR
chr1	119206	119207	28	0.0853	non-DMR
chr1	119224	119225	38	0.1422	non-DMR
chr1	119263	119264	34	0.2344	non-DMR
chr1	119280	119281	29	0.1051	non-DMR
chr1	119295	119296	37	0.156	non-DMR
chr1	119316	119317	31	0.1777	non-DMR
chr1	119344	119345	26	0.2595	non-DMR
chr1	119380	119381	34	0.0771	non-DMR
chr1	119426	119427	33	0.1865	non-DMR
chr1	119451	119452	24	0.159	non-DMR
chr1	119493	119494	24	0.0	non-DMR
chr1	119508	119509	29	0.1409	non-DMR
chr1	119546	119547	29	0.2374	non-DMR
chr1	119596	119597	31	0.1134	non-DMR
chr1	119670	119671	32	0.1369	non-DMR
chr1	119736	119737	34	0.1851	non-DMR
chr1	119786	119787	31	0.1308	non-DMR
chr1	119886	119887	22	0.0569	non-DMR
chr1	119986	119987	31	0.1648	non-DMR
chr1	120036	120037	31	0.1714	non-DMR
chr1	120046	120047	32	0.1242	flank-DMR
chr1	120088	120089	30	0.0	flank-DMR
chr1	120134	120135	33	0.8441	non-DMR
chr1	120184	120185	35	0.6988	non-DMR
chr1	120225	120226	32	0.904	non-DMR
chr1	120256	120257	28	0.8531	non-DMR
chr1	120284	120285	25	0.7362	non-DMR
chr1	120333	120334	33	0.7042	non-DMR
chr1	120355	120356	28	0.5596	non-DMR
chr1	120370	120371	33	0.7022	non-DMR
chr1	120401	120402	30	0.678	non-DMR
chr1	120451	120452	30	0.8018	non-DMR
chr1	120501	120502	32	0.7122	non-DMR
chr1	120529	120530	22	0.8409	non-DMR
chr1	120560	120561	27	0.7428	non-DMR
chr1	120599	120600	36	0.6346	non-DMR
chr1	120615	120616	31	0.7015	non-DMR
chr1	120715	120716	23	0.7923	non-DMR
chr1	120810	120811	32	0.8187	non-DMR
chr1	120910	120911	34	0.8273	non-DMR
chr1	121010	121011	24	0.6537	non-DMR
chr1	121060	121061	19	0.8073	flank-DMR
chr1	121084	121085	32	0.8586	flank-DMR
chr1	121125	121126	25	0.4474	non-DMR
chr1	121158	121159	24	0.4594	non-DMR
chr1	121205	121206	27	0.6046	non-DMR
chr1	121221	121222	40	0.6074	non-DMR
chr1	121248	121249	28	0.5565	non-DMR
chr1	121274	121275	33	0.5828	non-DMR
chr1	121306	121307	28	0.5958	non-DMR
chr1	121356	121357	38	0.7559	non-DMR
chr1	121378	121379	36	0.6606	non-DMR
chr1	121419	121420	33	0.4384	non-DMR
chr1	121469	121470	27	0.4392	non-DMR
chr1	121489	121490	23	0.6341	non-DMR
chr1	121521	121522	32	0.3775	non-DMR
chr1	121553	121554	37	0.5323	non-DMR
chr1	121569	121570	33	0.4903	non-DMR
chr1	121609	121610	33	0.6945	non-DMR
chr1	121709	121710	32	0.5558	non-DMR
chr1	121776	121777	36	0.5747	non-DMR
chr1	121860	121861	26	0.394	non-DMR
chr1	121910	121911	25	0.6236	non-DMR
chr1	122010	122011	32	0.6983	non-DMR
chr1	122064	122065	36	0.7036	flank-DMR
chr1	122089	122090	32	0.0801	non-DMR
chr1	122134	122135	27	0.1995	non-DMR
chr1	122185	122186	34	0.2538	non-DMR
chr1	122203	122204	26	0.1982	non-DMR
chr1	122229	122230	37	0.3272	non-DMR
chr1	122253	122254	30	0.0973	non-DMR
chr1	122282	122283	24	0.2251	non-DMR
chr1	122332	122333	24	0.2348	non-DMR
chr1	122382	122383	25	0.2273	non-DMR
chr1	122410	122411	28	0.1182	non-DMR
chr1	122437	122438	25	0.1914	non-DMR
chr1	122458	122459	28	0.2071	non-DMR
chr1	122476	122477	28	0.3879	non-DMR
chr1	122504	122505	34	0.042	non-DMR
chr1	122531	122532	20	0.121	non-DMR
chr1	122581	122582	24	0.1676	non-DMR
chr1	122681	122682	33	0.1485	non-DMR
chr1	122781	122782	35	0.1973	non-DMR
chr1	122831	122832	28	0.1583	non-DMR
chr1	122931	122932	26	0.2273	non-DMR
chr1	122965	122966	35	0.1942	flank-DMR
chr1	122967	122968	31	0.0417	flank-DMR
chr1	122972	122973	30	0.2247	good-DMR
chr1	122987	122988	28	0.3752	good-DMR
chr1	123020	123021	39	0.3761	good-DMR
chr1	123062	123063	28	0.3611	good-DMR
chr1	123097	123098	20	0.3488	good-DMR
chr1	123118	123119	28	0.4292	good-DMR
chr1	123140	123141	33	0.4614	good-DMR
chr1	123190	123191	32	0.3143	good-DMR
chr1	123226	123227	34	0.384	good-DMR
chr1	123241	123242	29	0.3459	good-DMR
chr1	123264	123265	34	0.3119	good-DMR
chr1	123291	123292	28	0.2273	good-DMR
chr1	123307	123308	27	0.2548	good-DMR
chr1	123335	123336	30	0.2559	good-DMR
chr1	123358	123359	27	0.2744	good-DMR
chr1	123391	123392	29	0.29	good-DMR
chr1	123417	123418	31	0.4501	good-DMR
chr1	123438	123439	31	0.2859	good-DMR
chr1	123463	123464	29	0.4345	good-DMR
chr1	123490	123491	35	0.3935	good-DMR
chr1	123590	123591	35	0.4012	good-DMR
chr1	123678	123679	35	0.3121	good-DMR
chr1	123778	123779	29	0.3694	good-DMR
chr1	123878	123879	30	0.2411	good-DMR
chr1	123929	123930	30	0.26	good-DMR
chr1	123963	123964	32	0.0873	flank-DMR
chr1	123967	123968	19	0.0248	flank-DMR
chr1	124047	124048	37	0.15	flank-DMR
chr1	124195	124196	28	0.0	flank-DMR
chr1	124263	124264	31	0.1846	flank-DMR
chr1	124373	124374	25	0.0138	flank-DMR
chr1	124415	124416	29	0.215	flank-DMR
chr1	124435	124436	24	0.6859	non-DMR
chr1	124458	124459	28	0.7781	non-DMR
chr1	124489	124490	27	0.5745	non-DMR
chr1	124512	124513	32	0.7402	non-DMR
chr1	124545	124546	25	0.5084	non-DMR
chr1	124576	124577	32	0.5609	non-DMR
chr1	124596	124597	22	0.5525	non-DMR
chr1	124641	124642	26	0.7456	non-DMR
chr1	124656	124657	28	0.7051	non-DMR
chr1	124706	124707	28	0.4352	non-DMR
chr1	124741	124742	27	0.6751	non-DMR
chr1	124781	124782	32	0.5883	non-DMR
chr1	124796	124797	32	0.6095	non-DMR
chr1	124825	124826	28	0.5057	non-DMR
chr1	124875	124876	25	0.6397	non-DMR
chr1	124903	124904	26	0.5796	non-DMR
chr1	124935	124936	35	0.7255	non-DMR
chr1	124952	124953	38	0.7121	non-DMR
chr1	124967	124968	26	0.8299	non-DMR
chr1	124969	124970	32	0.7003	non-DMR
chr1	125036	125037	30	0.675	non-DMR
chr1	125108	125109	28	0.5922	non-DMR
chr1	125208	125209	38	0.5669	non-DMR
chr1	125308	125309	30	0.6579	non-DMR
chr1	125408	125409	26	0.6098	non-DMR
chr1	125462	125463	26	0.6801	flank-DMR
chr1	125496	125497	29	0.8093	non-DMR
chr1	125519	125520	25	0.7462	non-DMR
chr1	125535	125536	40	0.588	non-DMR
chr1	125560	125561	32	0.7281	non-DMR
chr1	125604	125605	33	0.7329	non-DMR
chr1	125648	125649	39	0.7861	non-DMR
chr1	125672	125673	22	0.7182	non-DMR
chr1	125692	125693	33	0.6454	non-DMR
chr1	125710	125711	32	0.7598	non-DMR
chr1	125738	125739	31	0.7579	non-DMR
chr1	125770	125771	24	0.7622	non-DMR
chr1	125820	125821	31	0.6249	non-DMR
chr1	125852	125853	31	0.72	non-DMR
chr1	125893	125894	34	0.7689	non-DMR
chr1	125913	125914	25	0.8452	non-DMR
chr1	125944	125945	41	0.6541	non-DMR
chr1	125976	125977	28	0.6358	non-DMR
chr1	126004	126005	32	0.6332	non-DMR
chr1	126022	126023	36	0.6463	non-DMR
chr1	126122	126123	36	0.5665	non-DMR
chr1	126222	126223	37	0.7173	non-DMR
chr1	126322	126323	34	0.7155	non-DMR
chr1	126372	126373	41	0.6358	non-DMR
chr1	126472	126473	25	0.6513	non-DMR
chr1	126522	126523	28	0.7352	non-DMR
chr1	126544	126545	36	0.9766	flank-DMR
chr1	126606	126607	26	0.7741	flank-DMR
chr1	126645	126646	27	0.66	non-DMR
chr1	126679	126680	30	0.4801	non-DMR
chr1	126702	126703	38	0.4997	non-DMR
chr1	126745	126746	30	0.5619	non-DMR
chr1	126760	126761	31	0.5677	non-DMR
chr1	126810	126811	24	0.6669	non-DMR
chr1	126826	126827	18	0.4625	non-DMR
chr1	126844	126845	23	0.5466	non-DMR
chr1	126881	126882	29	0.562	non-DMR
chr1	126920	126921	25	0.6693	non-DMR
chr1	126970	126971	30	0.5401	non-DMR
chr1	127005	127006	35	0.67	non-DMR
chr1	127034	127035	26	0.4646	non-DMR
chr1	127067	127068	34	0.4724	non-DMR
chr1	127117	127118	23	0.733	non-DMR
chr1	127125	127126	39	0.6208	non-DMR
chr1	127215	127216	32	0.5767	non-DMR
chr1	127315	127316	30	0.5793	non-DMR
chr1	127411	127412	22	0.5124	non-DMR
chr1	127506	127507	35	0.5922	non-DMR
chr1	127524	127525	29	0.495	flank-DMR
chr1	127533	127534	27	0.217	good-DMR
chr1	127574	127575	31	0.2016	good-DMR
chr1	127624	127625	32	0.1915	good-DMR
chr1	127653	127654	29	0.1736	good-DMR
chr1	127670	127671	30	0.3961	good-DMR
chr1	127720	127721	32	0.3831	good-DMR
chr1	127762	127763	34	0.3793	good-DMR
chr1	127779	127780	37	0.3993	good-DMR
chr1	127807	127808	30	0.4026	good-DMR
chr1	127845	127846	30	0.3365	good-DMR
chr1	127866	127867	17	0.395	good-DMR
chr1	127882	127883	33	0.3391	good-DMR
chr1	127927	127928	32	0.4134	good-DMR
chr1	127942	127943	33	0.3868	good-DMR
chr1	127965	127966	25	0.257	good-DMR
chr1	127988	127989	23	0.3366	good-DMR
chr1	128006	128007	37	0.5314	good-DMR
chr1	128031	128032	32	0.3864	good-DMR
chr1	128058	128059	29	0.4667	good-DMR
chr1	128073	128074	35	0.4168	good-DMR
chr1	128107	128108	19	0.3719	good-DMR
chr1	128108	128109	29	0.4122	good-DMR
chr1	128208	128209	37	0.343	good-DMR
chr1	128305	128306	31	0.2123	good-DMR
chr1	128355	128356	20	0.3514	good-DMR
chr1	128455	128456	31	0.4891	good-DMR
chr1	128555	128556	31	0.282	good-DMR
chr1	128655	128656	32	0.3015	good-DMR
chr1	128659	128660	35	0.6314	flank-DMR
chr1	128753	128754	27	0.6687	flank-DMR
chr1	128771	128772	29	0.7817	flank-DMR
chr1	128791	128792	27	0.5074	flank-DMR
chr1	128875	128876	29	0.6572	flank-DMR
chr1	128919	128920	40	0.5614	flank-DMR
chr1	128951	128952	26	0.505	flank-DMR
chr1	129137	129138	35	0.7454	flank-DMR
chr1	129187	129188	32	0.3464	inconsistent-DMR
chr1	129205	129206	37	0.5182	inconsistent-DMR
chr1	129254	129255	28	0.7525	inconsistent-DMR
chr1	129271	129272	31	0.7003	inconsistent-DMR
chr1	129305	129306	21	0.6942	inconsistent-DMR
chr1	129325	129326	27	0.4655	inconsistent-DMR
chr1	129351	129352	36	0.4159	inconsistent-DMR
chr1	129366	129367	35	0.4434	inconsistent-DMR
chr1	129394	129395	27	0.5448	inconsistent-DMR
chr1	129436	129437	30	0.6341	inconsistent-DMR
chr1	129486	129487	39	0.7613	inconsistent-DMR
chr1	129515	129516	37	0.4555	inconsistent-DMR
chr1	129531	129532	28	0.8497	inconsistent-DMR
chr1	129576	129577	32	0.3449	inconsistent-DMR
chr1	129612	129613	17	0.4411	inconsistent-DMR
chr1	129640	129641	30	0.6442	inconsistent-DMR
chr1	129663	129664	40	0.5025	inconsistent-DMR
chr1	129671	129672	30	0.5568	inconsistent-DMR
chr1	129771	129772	32	0.493	inconsistent-DMR
chr1	129871	129872	26	0.817	inconsistent-DMR
chr1	129931	129932	27	0.8015	inconsistent-DMR
chr1	129998	129999	33	0.779	inconsistent-DMR
chr1	130085	130086	33	0.3693	inconsistent-DMR
chr1	130135	130136	35	0.5974	inconsistent-DMR
chr1	130233	130234	20	0.8609	flank-DMR
chr1	130266	130267	31	0.537	non-DMR
chr1	130288	130289	30	0.5423	non-DMR
chr1	130336	130337	26	0.4157	non-DMR
chr1	130364	130365	23	0.5321	non-DMR
chr1	130387	130388	37	0.3378	non-DMR
chr1	130437	130438	28	0.5729	non-DMR
chr1	130452	130453	30	0.4712	non-DMR
chr1	130502	130503	22	0.3739	non-DMR
chr1	130552	130553	27	0.4087	non-DMR
chr1	130571	130572	29	0.5118	non-DMR
chr1	130593	130594	27	0.4063	non-DMR
chr1	130610	130611	28	0.6811	non-DMR
chr1	130656	130657	25	0.5125	non-DMR
chr1	130678	130679	33	0.7188	non-DMR
chr1	130706	130707	41	0.5436	non-DMR
chr1	130747	130748	28	0.4393	non-DMR
chr1	130762	130763	28	0.4639	non-DMR
chr1	130770	130771	33	0.5971	non-DMR
chr1	130870	130871	29	0.6216	non-DMR
chr1	130949	130950	43	0.5283	non-DMR
chr1	131004	131005	26	0.4091	non-DMR
chr1	131104	131105	33	0.4387	non-DMR
chr1	131197	131198	26	0.357	non-DMR
chr1	131255	131256	21	0.4238	non-DMR
chr1	131281	131282	27	0.4975	flank-DMR
chr1	131319	131320	27	0.4486	flank-DMR
chr1	131334	131335	31	0.3623	notable-DMR
chr1	131384	131385	41	0.4307	notable-DMR
chr1	131412	131413	32	0.5125	notable-DMR
chr1	131428	131429	25	0.972	notable-DMR
chr1	131473	131474	22	0.4763	notable-DMR
chr1	131488	131489	33	0.898	notable-DMR
chr1	131505	131506	28	0.7115	notable-DMR
chr1	131535	131536	24	0.819	notable-DMR
chr1	131565	131566	29	0.2739	notable-DMR
chr1	131598	131599	26	0.5834	notable-DMR
chr1	131648	131649	22	0.8192	notable-DMR
chr1	131679	131680	27	0.699	notable-DMR
chr1	131701	131702	23	0.3238	notable-DMR
chr1	131723	131724	32	0.7228	notable-DMR
chr1	131747	131748	27	0.175	notable-DMR
chr1	131763	131764	27	0.926	notable-DMR
chr1	131803	131804	40	0.163	notable-DMR
chr1	131805	131806	26	0.0	notable-DMR
chr1	131905	131906	27	0.2083	notable-DMR
chr1	132005	132006	24	0.884	notable-DMR
chr1	132105	132106	35	0.559	notable-DMR
chr1	132155	132156	29	0.8484	notable-DMR
chr1	132239	132240	24	0.5069	notable-DMR
chr1	132277	132278	26	1.0	flank-DMR
chr1	132331	132332	23	0.544	flank-DMR
chr1	132345	132346	25	0.9084	non-DMR
chr1	132395	132396	34	0.8158	non-DMR
chr1	132445	132446	25	0.7766	non-DMR
chr1	132478	132479	33	0.7628	non-DMR
chr1	132502	132503	32	0.7947	non-DMR
chr1	132552	132553	30	0.6961	non-DMR
chr1	132567	132568	34	0.9143	non-DMR
chr1	132617	132618	37	0.8872	non-DMR
chr1	132667	132668	19	0.8639	non-DMR
chr1	132707	132708	31	0.8397	non-DMR
chr1	132724	132725	22	0.7836	non-DMR
chr1	132774	132775	33	0.8897	non-DMR
chr1	132788	132789	26	0.7585	non-DMR
chr1	132880	132881	27	0.804	non-DMR
chr1	132936	132937	25	0.7886	non-DMR
chr1	132986	132987	24	0.861	non-DMR
chr1	133086	133087	34	0.9333	non-DMR
chr1	133182	133183	26	0.6843	non-DMR
chr1	133196	133197	32	1.0	flank-DMR
chr1	133242	133243	26	0.7837	flank-DMR
chr1	133250	133251	30	0.5432	good-DMR
chr1	133280	133281	30	0.6604	good-DMR
chr1	133295	133296	22	0.6016	good-DMR
chr1	133335	133336	30	0.4948	good-DMR
chr1	133384	133385	35	0.5817	good-DMR
chr1	133409	133410	27	0.5516	good-DMR
chr1	133429	133430	35	0.5097	good-DMR
chr1	133479	133480	29	0.6494	good-DMR
chr1	133511	133512	28	0.6907	good-DMR
chr1	133540	133541	27	0.5928	good-DMR
chr1	133569	133570	43	0.567	good-DMR
chr1	133619	133620	35	0.5946	good-DMR
chr1	133653	133654	20	0.6093	good-DMR
chr1	133690	133691	36	0.4748	good-DMR
chr1	133718	133719	29	0.6615	good-DMR
chr1	133734	133735	24	0.4696	good-DMR
chr1	133817	133818	25	0.5654	good-DMR
chr1	133917	133918	33	0.5484	good-DMR
chr1	133968	133969	25	0.5717	good-DMR
chr1	134068	134069	26	0.5718	good-DMR
chr1	134148	134149	25	0.5313	good-DMR
chr1	134164	134165	33	0.9489	flank-DMR
chr1	134186	134187	30	0.8251	flank-DMR
chr1	134284	134285	27	0.9027	flank-DMR
chr1	134306	134307	23	0.7466	flank-DMR
chr1	134418	134419	29	0.8185	flank-DMR
chr1	134454	134455	24	0.805	flank-DMR
chr1	134538	134539	26	0.8985	flank-DMR
chr1	134594	134595	36	0.9313	flank-DMR
chr1	134612	134613	28	0.659	flank-DMR
chr1	134622	134623	35	0.1319	sub-DMR
chr1	134637	134638	25	0.0615	sub-DMR
chr1	134672	134673	34	0.0582	sub-DMR
chr1	134687	134688	29	0.2022	sub-DMR
chr1	134702	134703	36	0.04	sub-DMR
chr1	134719	134720	32	0.0717	sub-DMR
chr1	134750	134751	23	0.0767	sub-DMR
chr1	134783	134784	29	0.0553	sub-DMR
chr1	134833	134834	28	0.0	sub-DMR
chr1	134849	134850	22	0.0843	sub-DMR
chr1	134870	134871	25	0.2781	sub-DMR
chr1	134920	134921	37	0.2773	sub-DMR
chr1	134959	134960	32	0.2887	sub-DMR
chr1	134994	134995	27	0.222	sub-DMR
chr1	135023	135024	28	0.2309	sub-DMR
chr1	135060	135061	29	0.3867	sub-DMR
chr1	135090	135091	29	0.3328	sub-DMR
chr1	135122	135123	28	0.3452	sub-DMR
chr1	135160	135161	40	0.4053	sub-DMR
chr1	135169	135170	30	0.304	sub-DMR
chr1	135269	135270	35	0.0863	sub-DMR
chr1	135319	135320	30	0.0251	sub-DMR
chr1	135419	135420	23	0.1092	sub-DMR
chr1	135493	135494	25	0.0	sub-DMR
chr1	135593	135594	27	0.0601	sub-DMR
chr1	135643	135644	27	0.066	sub-DMR
chr1	135793	135794	29	0.0021	flank-DMR
chr1	135809	135810	30	0.1458	flank-DMR
chr1	135819	135820	17	0.2534	flank-DMR
chr1	135973	135974	22	0.0816	flank-DMR
chr1	136047	136048	36	0.1324	flank-DMR
chr1	136057	136058	28	0.6985	good-DMR
chr1	136079	136080	27	0.5597	good-DMR
chr1	136113	136114	24	0.7794	good-DMR
chr1	136146	136147	25	0.7118	good-DMR
chr1	136178	136179	28	0.6118	good-DMR
chr1	136199	136200	28	0.6201	good-DMR
chr1	136214	136215	37	0.6181	good-DMR
chr1	136234	136235	30	0.5013	good-DMR
chr1	136279	136280	23	0.7036	good-DMR
chr1	136368	136369	35	0.5508	good-DMR
chr1	136393	136394	37	0.5763	good-DMR
chr1	136438	136439	35	0.6665	good-DMR
chr1	136453	136454	31	0.637	good-DMR
chr1	136483	136484	38	0.6809	good-DMR
chr1	136505	136506	29	0.6902	good-DMR
chr1	136531	136532	29	0.6601	good-DMR
chr1	136554	136555	36	0.7279	good-DMR
chr1	136571	136572	29	0.5677	good-DMR
chr1	136621	136622	31	0.6303	good-DMR
chr1	136643	136644	32	0.5815	good-DMR
chr1	136665	136666	35	0.6315	good-DMR
chr1	136693	136694	36	0.7172	good-DMR
chr1	136793	136794	37	0.7375	good-DMR
chr1	136893	136894	25	0.764	good-DMR
chr1	136993	136994	35	0.6725	good-DMR
chr1	137093	137094	28	0.6912	good-DMR
chr1	137143	137144	35	0.4874	good-DMR
chr1	137243	137244	30	0.5062	good-DMR
chr1	137306	137307	39	0.5453	good-DMR
chr1	137320	137321	32	0.7566	flank-DMR
chr1	137406	137407	30	0.8651	flank-DMR
chr1	137408	137409	29	0.8919	flank-DMR
chr1	137456	137457	37	0.7987	flank-DMR
chr1	137664	137665	30	0.9102	flank-DMR
chr1	137718	137719	25	0.8802	flank-DMR
chr1	137798	137799	22	0.7129	flank-DMR
chr1	137831	137832	28	0.6825	non-DMR
chr1	137881	137882	30	0.7204	non-DMR
chr1	137931	137932	33	0.6828	non-DMR
chr1	137981	137982	25	0.5371	non-DMR
chr1	138010	138011	33	0.7329	non-DMR
chr1	138034	138035	35	0.5175	non-DMR
chr1	138067	138068	25	0.6068	non-DMR
chr1	138113	138114	30	0.7395	non-DMR
chr1	138163	138164	35	0.6155	non-DMR
chr1	138185	138186	33	0.6539	non-DMR
chr1	138235	138236	28	0.5574	non-DMR
chr1	138268	138269	30	0.8108	non-DMR
chr1	138368	138369	25	0.5726	non-DMR
chr1	138468	138469	27	0.7827	non-DMR
chr1	138568	138569	31	0.6015	non-DMR
chr1	138668	138669	30	0.5809	non-DMR
chr1	138686	138687	25	0.7823	flank-DMR
chr1	138736	138737	27	0.7732	flank-DMR
chr1	138760	138761	15	0.6593	non-DMR
chr1	138775	138776	30	0.4765	non-DMR
chr1	138803	138804	30	0.716	non-DMR
chr1	138853	138854	27	0.736	non-DMR
chr1	138903	138904	28	0.6133	non-DMR
chr1	138933	138934	32	0.477	non-DMR
chr1	138951	138952	31	0.5406	non-DMR
chr1	138966	138967	30	0.6998	non-DMR
chr1	139013	139014	30	0.545	non-DMR
chr1	139036	139037	27	0.7255	non-DMR
chr1	139077	139078	29	0.62	non-DMR
chr1	139127	139128	26	0.6706	non-DMR
chr1	139147	139148	23	0.6722	non-DMR
chr1	139172	139173	36	0.6036	non-DMR
chr1	139222	139223	27	0.4982	non-DMR
chr1	139249	139250	42	0.5503	non-DMR
chr1	139289	139290	32	0.5769	non-DMR
chr1	139297	139298	32	0.4463	non-DMR
chr1	139347	139348	28	0.5926	non-DMR
chr1	139447	139448	19	0.5923	non-DMR
chr1	139547	139548	27	0.5911	non-DMR
chr1	139647	139648	28	0.6772	non-DMR
chr1	139747	139748	32	0.6638	non-DMR
chr1	139809	139810	32	0.4939	flank-DMR
chr1	139831	139832	21	0.7364	flank-DMR
chr1	139855	139856	30	0.9316	non-DMR
chr1	139905	139906	30	0.631	non-DMR
chr1	139923	139924	24	0.6184	non-DMR
chr1	139952	139953	36	0.6857	non-DMR
chr1	139975	139976	28	0.6297	non-DMR
chr1	139999	140000	25	0.7882	non-DMR
chr1	140035	140036	31	0.7672	non-DMR
chr1	140056	140057	23	0.7849	non-DMR
chr1	140083	140084	31	0.7138	non-DMR
chr1	140104	140105	24	0.705	non-DMR
chr1	140145	140146	29	0.8063	non-DMR
chr1	140195	140196	32	0.9233	non-DMR
chr1	140245	140246	26	0.6675	non-DMR
chr1	140264	140265	33	0.663	non-DMR
chr1	140288	140289	27	0.5447	non-DMR
chr1	140317	140318	32	0.698	non-DMR
chr1	140332	140333	28	0.902	non-DMR
chr1	140344	140345	30	0.6054	non-DMR
chr1	140444	140445	33	0.7376	non-DMR
chr1	140543	140544	22	0.8051	non-DMR
chr1	140637	140638	18	0.8782	non-DMR
chr1	140704	140705	36	0.579	non-DMR
chr1	140785	140786	27	0.8793	non-DMR
chr1	140815	140816	37	0.9272	flank-DMR
chr1	140821	140822	23	0.2533	good-DMR
chr1	140860	140861	34	0.4136	good-DMR
chr1	140890	140891	30	0.2652	good-DMR
chr1	140915	140916	33	0.3022	good-DMR
chr1	140965	140966	34	0.1808	good-DMR
chr1	140991	140992	32	0.1587	good-DMR
chr1	141041	141042	30	0.2739	good-DMR
chr1	141071	141072	31	0.3584	good-DMR
chr1	141091	141092	31	0.5222	good-DMR
chr1	141106	141107	40	0.3226	good-DMR
chr1	141156	141157	27	0.3726	good-DMR
chr1	141204	141205	25	0.234	good-DMR
chr1	141249	141250	17	0.2329	good-DMR
chr1	141299	141300	22	0.3579	good-DMR
chr1	141345	141346	27	0.2087	good-DMR
chr1	141395	141396	19	0.2475	good-DMR
chr1	141445	141446	21	0.3153	good-DMR
chr1	141529	141530	28	0.4441	good-DMR
chr1	141629	141630	30	0.4156	good-DMR
chr1	141729	141730	31	0.2458	good-DMR
chr1	141829	141830	27	0.2562	good-DMR
chr1	141897	141898	27	0.013	flank-DMR
chr1	141951	141952	45	0.1351	flank-DMR
chr1	142019	142020	25	0.1795	flank-DMR
chr1	142123	142124	31	0.1129	flank-DMR
chr1	142157	142158	40	0.032	flank-DMR
chr1	142203	142204	30	0.6632	non-DMR
chr1	142229	142230	24	0.5509	non-DMR
chr1	142244	142245	23	0.765	non-DMR
chr1	142272	142273	22	0.8249	non-DMR
chr1	142315	142316	26	0.827	non-DMR
chr1	142365	142366	35	0.6652	non-DMR
chr1	142380	142381	34	0.5274	non-DMR
chr1	142399	142400	22	0.6587	non-DMR
chr1	142428	142429	27	0.6728	non-DMR
chr1	142478	142479	29	0.6152	non-DMR
chr1	142493	142494	34	0.7581	non-DMR
chr1	142509	142510	32	0.7245	non-DMR
chr1	142531	142532	27	0.592	non-DMR
chr1	142546	142547	27	0.5598	non-DMR
chr1	142561	142562	20	0.6666	non-DMR
chr1	142611	142612	35	0.801	non-DMR
chr1	142635	142636	31	0.7098	non-DMR
chr1	142655	142656	30	0.633	non-DMR
chr1	142670	142671	32	0.6655	non-DMR
chr1	142697	142698	30	0.5531	non-DMR
chr1	142718	142719	32	0.635	non-DMR
chr1	142726	142727	29	0.6082	non-DMR
chr1	142776	142777	29	0.6269	non-DMR
chr1	142865	142866	20	0.7365	non-DMR
chr1	142951	142952	30	0.517	non-DMR
chr1	143051	143052	18	0.7379	non-DMR
chr1	143131	143132	20	0.7406	non-DMR
chr1	143231	143232	21	0.7941	non-DMR
chr1	143243	143244	27	0.5684	flank-DMR
chr1	143253	143254	32	0.4619	good-DMR
chr1	143295	143296	30	0.4912	good-DMR
chr1	143323	143324	30	0.5696	good-DMR
chr1	143341	143342	34	0.4267	good-DMR
chr1	143358	143359	31	0.2924	good-DMR
chr1	143393	143394	25	0.4134	good-DMR
chr1	143440	143441	28	0.4198	good-DMR
chr1	143472	143473	26	0.3872	good-DMR
chr1	143509	143510	31	0.521	good-DMR
chr1	143551	143552	25	0.3471	good-DMR
chr1	143575	143576	27	0.524	good-DMR
chr1	143613	143614	32	0.3254	good-DMR
chr1	143652	143653	30	0.3955	good-DMR
chr1	143669	143670	27	0.3707	good-DMR
chr1	143702	143703	27	0.3893	good-DMR
chr1	143739	143740	33	0.4467	good-DMR
chr1	143772	143773	37	0.4572	good-DMR
chr1	143872	143873	37	0.4021	good-DMR
chr1	143972	143973	24	0.3965	good-DMR
chr1	144072	144073	24	0.4876	good-DMR
chr1	144172	144173	28	0.3667	good-DMR
chr1	144272	144273	31	0.5565	good-DMR
chr1	144282	144283	24	0.0237	flank-DMR
chr1	144326	144327	40	0.2302	flank-DMR
chr1	144386	144387	34	0.265	flank-DMR
chr1	144436	144437	31	0.0	flank-DMR
chr1	144518	144519	27	0.2539	flank-DMR
chr1	144734	144735	29	0.0961	flank-DMR
chr1	144742	144743	30	0.0	flank-DMR
chr1	144768	144769	26	0.2288	flank-DMR
chr1	144773	144774	36	0.8676	sub-DMR
chr1	144802	144803	43	0.8027	sub-DMR
chr1	144827	144828	26	0.9775	sub-DMR
chr1	144877	144878	26	0.8455	sub-DMR
chr1	144894	144895	40	0.8308	sub-DMR
chr1	144944	144945	29	0.8185	sub-DMR
chr1	144994	144995	36	0.6988	sub-DMR
chr1	145012	145013	38	0.9612	sub-DMR
chr1	145027	145028	34	0.7109	sub-DMR
chr1	145062	145063	30	0.9422	sub-DMR
chr1	145093	145094	29	0.79	sub-DMR
chr1	145143	145144	28	1.0	sub-DMR
chr1	145160	145161	27	0.7593	sub-DMR
chr1	145194	145195	30	0.6833	sub-DMR
chr1	145231	145232	31	0.579	sub-DMR
chr1	145263	145264	38	0.6078	sub-DMR
chr1	145288	145289	32	0.8056	sub-DMR
chr1	145302	145303	38	0.6192	sub-DMR
chr1	145402	145403	23	0.618	sub-DMR
chr1	145452	145453	32	0.6664	sub-DMR
chr1	145552	145553	30	0.7551	sub-DMR
chr1	145626	145627	29	0.6649	sub-DMR
chr1	145676	145677	29	0.7551	sub-DMR
chr1	145728	145729	30	0.7355	sub-DMR
chr1	145820	145821	28	0.7413	sub-DMR
chr1	145930	145931	19	0.8627	flank-DMR
chr1	145976	145977	31	0.8398	flank-DMR
chr1	146104	146105	32	0.7874	flank-DMR
chr1	146164	146165	26	0.9354	flank-DMR
chr1	146210	146211	23	0.8749	flank-DMR
chr1	146264	146265	20	0.9146	flank-DMR
chr1	146295	146296	26	0.7656	non-DMR
chr1	146322	146323	31	0.7365	non-DMR
chr1	146347	146348	34	0.7832	non-DMR
chr1	146385	146386	36	0.4893	non-DMR
chr1	146408	146409	27	0.7192	non-DMR
chr1	146442	146443	38	0.7824	non-DMR
chr1	146471	146472	26	0.8904	non-DMR
chr1	146487	146488	20	0.797	non-DMR
chr1	146537	146538	28	0.7867	non-DMR
chr1	146562	146563	25	0.8571	non-DMR
chr1	146599	146600	36	0.6753	non-DMR
chr1	146619	146620	23	0.7555	non-DMR
chr1	146634	146635	41	0.801	non-DMR
chr1	146684	146685	25	0.7931	non-DMR
chr1	146714	146715	31	0.6357	non-DMR
chr1	146747	146748	27	0.7945	non-DMR
chr1	146778	146779	27	0.6652	non-DMR
chr1	146827	146828	27	0.7118	non-DMR
chr1	146927	146928	36	0.5458	non-DMR
chr1	147027	147028	36	0.5431	non-DMR
chr1	147097	147098	39	0.8115	non-DMR
chr1	147186	147187	40	0.7276	non-DMR
chr1	147286	147287	28	0.7589	non-DMR
chr1	147370	147371	31	0.7183	flank-DMR
chr1	147409	147410	25	0.7218	non-DMR
chr1	147435	147436	26	0.7514	non-DMR
chr1	147452	147453	29	0.8274	non-DMR
chr1	147480	147481	29	0.7557	non-DMR
chr1	147500	147501	24	0.8072	non-DMR
chr1	147518	147519	37	0.7261	non-DMR
chr1	147568	147569	40	0.6847	non-DMR
chr1	147610	147611	30	0.7352	non-DMR
chr1	147629	147630	33	0.8682	non-DMR
chr1	147677	147678	22	0.9669	non-DMR
chr1	147712	147713	39	0.7354	non-DMR
chr1	147738	147739	38	0.8181	non-DMR
chr1	147788	147789	30	1.0	non-DMR
chr1	147823	147824	27	0.6895	non-DMR
chr1	147873	147874	29	0.6266	non-DMR
chr1	147881	147882	39	0.8149	non-DMR
chr1	147981	147982	39	0.8671	non-DMR
chr1	148033	148034	24	0.8193	non-DMR
chr1	148105	148106	29	0.8255	non-DMR
chr1	148205	148206	39	0.8306	non-DMR
chr1	148305	148306	29	0.6046	non-DMR
chr1	148333	148334	37	0.8805	flank-DMR
chr1	148389	148390	32	0.6427	flank-DMR
chr1	148399	148400	33	1.0	notable-DMR
chr1	148435	148436	19	0.4734	notable-DMR
chr1	148478	148479	29	1.0	notable-DMR
chr1	148520	148521	29	0.5537	notable-DMR
chr1	148552	148553	28	0.7807	notable-DMR
chr1	148567	148568	27	1.0	notable-DMR
chr1	148617	148618	31	0.61	notable-DMR
chr1	148666	148667	26	0.9643	notable-DMR
chr1	148700	148701	18	0.6156	notable-DMR
chr1	148727	148728	33	0.199	notable-DMR
chr1	148749	148750	31	0.8904	notable-DMR
chr1	148793	148794	28	0.7681	notable-DMR
chr1	148808	148809	29	0.355	notable-DMR
chr1	148844	148845	38	0.7142	notable-DMR
chr1	148855	148856	29	0.7053	notable-DMR
chr1	148905	148906	34	0.303	notable-DMR
chr1	149005	149006	29	0.348	notable-DMR
chr1	149105	149106	33	0.9793	notable-DMR
chr1	149205	149206	28	0.8182	notable-DMR
chr1	149305	149306	32	1.0	notable-DMR
chr1	149361	149362	32	0.558	flank-DMR
chr1	149391	149392	26	0.8995	flank-DMR
chr1	149416	149417	23	0.4715	non-DMR
chr1	149466	149467	25	0.7664	non-DMR
chr1	149481	149482	29	0.6165	non-DMR
chr1	149501	149502	36	0.6261	non-DMR
chr1	149532	149533	30	0.528	non-DMR
chr1	149556	149557	35	0.5074	non-DMR
chr1	149571	149572	26	0.6969	non-DMR
chr1	149602	149603	34	0.6113	non-DMR
chr1	149617	149618	35	0.6145	non-DMR
chr1	149667	149668	17	0.6734	non-DMR
chr1	149714	149715	21	0.7067	non-DMR
chr1	149733	149734	30	0.7337	non-DMR
chr1	149759	149760	30	0.5295	non-DMR
chr1	149774	149775	32	0.5016	non-DMR
chr1	149824	149825	28	0.7691	non-DMR
chr1	149856	149857	31	0.4873	non-DMR
chr1	149871	149872	39	0.6367	non-DMR
chr1	149896	149897	29	0.5555	non-DMR
chr1	149917	149918	23	0.5862	non-DMR
chr1	150017	150018	23	0.6962	non-DMR
chr1	150117	150118	33	0.809	non-DMR
chr1	150217	150218	30	0.7122	non-DMR
chr1	150267	150268	24	0.7231	non-DMR
chr1	150367	150368	27	0.6189	non-DMR
chr1	150427	150428	22	0.629	flank-DMR
chr1	150451	150452	22	0.7573	flank-DMR
chr1	150457	150458	33	0.5093	good-DMR
chr1	150481	150482	26	0.5285	good-DMR
chr1	150521	150522	38	0.6416	good-DMR
chr1	150550	150551	28	0.6748	good-DMR
chr1	150600	150601	33	0.5875	good-DMR
chr1	150615	150616	29	0.5567	good-DMR
chr1	150631	150632	27	0.6316	good-DMR
chr1	150665	150666	30	0.4629	good-DMR
chr1	150680	150681	30	0.4766	good-DMR
chr1	150695	150696	25	0.6375	good-DMR
chr1	150710	150711	33	0.6557	good-DMR
chr1	150741	150742	32	0.2986	good-DMR
chr1	150764	150765	33	0.4415	good-DMR
chr1	150779	150780	30	0.4518	good-DMR
chr1	150811	150812	32	0.4997	good-DMR
chr1	150855	150856	26	0.4948	good-DMR
chr1	150870	150871	27	0.4927	good-DMR
chr1	150898	150899	28	0.4367	good-DMR
chr1	150931	150932	28	0.6319	good-DMR
chr1	150971	150972	26	0.6457	good-DMR
chr1	150986	150987	30	0.4952	good-DMR
chr1	151004	151005	26	0.6228	good-DMR
chr1	151032	151033	26	0.591	good-DMR
chr1	151061	151062	33	0.5262	good-DMR
chr1	151099	151100	33	0.5962	good-DMR
chr1	151199	151200	40	0.6412	good-DMR
chr1	151276	151277	24	0.4319	good-DMR
chr1	151356	151357	35	0.6365	good-DMR
chr1	151439	151440	31	0.7089	good-DMR
chr1	151489	151490	30	0.6697	good-DMR
chr1	151572	151573	38	0.5269	good-DMR
chr1	151672	151673	37	0.4726	good-DMR
chr1	151722	151723	29	0.5684	good-DMR
chr1	151734	151735	33	0.8689	flank-DMR
chr1	151814	151815	29	1.0	flank-DMR
chr1	151874	151875	39	0.8985	flank-DMR
chr1	151900	151901	37	0.6681	flank-DMR
chr1	151922	151923	21	0.904	flank-DMR
chr1	151942	151943	25	0.6966	flank-DMR
chr1	151950	151951	32	0.759	flank-DMR
chr1	151962	151963	32	0.5508	flank-DMR
chr1	152104	152105	28	0.9717	flank-DMR
chr1	152124	152125	25	0.6849	flank-DMR
chr1	152158	152159	26	0.097	non-DMR
chr1	152181	152182	33	0.1202	non-DMR
chr1	152202	152203	35	0.1596	non-DMR
chr1	152229	152230	35	0.1371	non-DMR
chr1	152262	152263	17	0.1004	non-DMR
chr1	152306	152307	30	0.198	non-DMR
chr1	152323	152324	25	0.2268	non-DMR
chr1	152352	152353	27	0.1043	non-DMR
chr1	152402	152403	27	0.0946	non-DMR
chr1	152427	152428	29	0.156	non-DMR
chr1	152457	152458	27	0.1569	non-DMR
chr1	152476	152477	19	0.0	non-DMR
chr1	152518	152519	25	0.064	non-DMR
chr1	152539	152540	28	0.0	non-DMR
chr1	152589	152590	30	0.0142	non-DMR
chr1	152612	152613	34	0.1916	non-DMR
chr1	152617	152618	22	0.1631	non-DMR
chr1	152717	152718	38	0.0794	non-DMR
chr1	152817	152818	30	0.077	non-DMR
chr1	152867	152868	26	0.0864	non-DMR
chr1	152967	152968	27	0.0883	non-DMR
chr1	153067	153068	32	0.0207	non-DMR
chr1	153099	153100	23	0.043	flank-DMR
chr1	153112	153113	33	0.0853	non-DMR
chr1	153139	153140	27	0.2661	non-DMR
chr1	153162	153163	31	0.1078	non-DMR
chr1	153208	153209	31	0.0797	non-DMR
chr1	153240	153241	23	0.0945	non-DMR
chr1	153256	153257	30	0.1041	non-DMR
chr1	153289	153290	32	0.2409	non-DMR
chr1	153313	153314	24	0.0	non-DMR
chr1	153337	153338	28	0.1264	non-DMR
chr1	153379	153380	31	0.1008	non-DMR
chr1	153405	153406	36	0.2103	non-DMR
chr1	153437	153438	33	0.2079	non-DMR
chr1	153478	153479	22	0.1573	non-DMR
chr1	153508	153509	27	0.2248	non-DMR
chr1	153523	153524	23	0.0732	non-DMR
chr1	153573	153574	26	0.1473	non-DMR
chr1	153588	153589	27	0.0091	non-DMR
chr1	153602	153603	32	0.153	non-DMR
chr1	153681	153682	25	0.0595	non-DMR
chr1	153778	153779	30	0.1689	non-DMR
chr1	153828	153829	19	0.3235	non-DMR
chr1	153928	153929	31	0.1359	non-DMR
chr1	154028	154029	32	0.0862	non-DMR
chr1	154058	154059	37	0.1092	flank-DMR
chr1	154063	154064	29	0.5565	good-DMR
chr1	154086	154087	30	0.353	good-DMR
chr1	154128	154129	25	0.3173	good-DMR
chr1	154178	154179	24	0.3567	good-DMR
chr1	154198	154199	31	0.4352	good-DMR
chr1	154213	154214	33	0.4109	good-DMR
chr1	154244	154245	25	0.476	good-DMR
chr1	154282	154283	37	0.6	good-DMR
chr1	154301	154302	23	0.5166	good-DMR
chr1	154329	154330	30	0.4738	good-DMR
chr1	154349	154350	23	0.6288	good-DMR
chr1	154364	154365	18	0.4303	good-DMR
chr1	154398	154399	28	0.4483	good-DMR
chr1	154428	154429	30	0.4228	good-DMR
chr1	154445	154446	28	0.5088	good-DMR
chr1	154464	154465	28	0.5374	good-DMR
chr1	154489	154490	34	0.3383	good-DMR
chr1	154517	154518	36	0.4405	good-DMR
chr1	154532	154533	36	0.5359	good-DMR
chr1	154538	154539	29	0.4044	good-DMR
chr1	154638	154639	40	0.4659	good-DMR
chr1	154738	154739	37	0.5961	good-DMR
chr1	154818	154819	30	0.4465	good-DMR
chr1	154918	154919	32	0.5285	good-DMR
chr1	155006	155007	32	0.4269	good-DMR
chr1	155170	155171	23	0.211	flank-DMR
chr1	155178	155179	26	0.1631	flank-DMR
chr1	155190	155191	24	0.0852	flank-DMR
chr1	155196	155197	27	0.2221	flank-DMR
chr1	155214	155215	31	0.1354	flank-DMR
chr1	155239	155240	23	0.7009	non-DMR
chr1	155281	155282	24	0.8053	non-DMR
chr1	155309	155310	18	0.7128	non-DMR
chr1	155359	155360	33	0.9251	non-DMR
chr1	155374	155375	25	0.7637	non-DMR
chr1	155389	155390	28	0.7054	non-DMR
chr1	155431	155432	24	0.7765	non-DMR
chr1	155446	155447	24	0.7524	non-DMR
chr1	155479	155480	32	0.8577	non-DMR
chr1	155503	155504	34	0.6792	non-DMR
chr1	155553	155554	36	0.9231	non-DMR
chr1	155584	155585	33	0.8943	non-DMR
chr1	155607	155608	28	0.8172	non-DMR
chr1	155657	155658	32	0.6845	non-DMR
chr1	155698	155699	36	0.923	non-DMR
chr1	155715	155716	32	0.7507	non-DMR
chr1	155727	155728	34	0.7764	non-DMR
chr1	155827	155828	27	0.7748	non-DMR
chr1	155927	155928	17	0.7869	non-DMR
chr1	156027	156028	31	0.7925	non-DMR
chr1	156127	156128	42	0.7075	non-DMR
chr1	156133	156134	26	0.7331	flank-DMR
chr1	156171	156172	30	0.8459	flank-DMR
chr1	156218	156219	35	0.6269	non-DMR
chr1	156248	156249	28	0.7332	non-DMR
chr1	156271	156272	37	0.6302	non-DMR
chr1	156287	156288	21	0.8317	non-DMR
chr1	156334	156335	38	0.5856	non-DMR
chr1	156384	156385	28	0.615	non-DMR
chr1	156401	156402	28	0.8244	non-DMR
chr1	156451	156452	29	0.5831	non-DMR
chr1	156485	156486	31	0.4593	non-DMR
chr1	156530	156531	28	0.6657	non-DMR
chr1	156580	156581	30	0.7683	non-DMR
chr1	156596	156597	32	0.7396	non-DMR
chr1	156614	156615	33	0.6784	non-DMR
chr1	156641	156642	35	0.7288	non-DMR
chr1	156661	156662	35	0.587	non-DMR
chr1	156682	156683	33	0.5243	non-DMR
chr1	156724	156725	24	0.4159	non-DMR
chr1	156824	156825	21	0.4888	non-DMR
chr1	156924	156925	27	0.7116	non-DMR
chr1	157024	157025	24	0.9147	non-DMR
chr1	157095	157096	24	0.6936	non-DMR
chr1	157195	157196	22	0.6855	non-DMR
chr1	157227	157228	28	0.6086	flank-DMR
chr1	157251	157252	32	0.7511	flank-DMR
chr1	157281	157282	24	0.7904	non-DMR
chr1	157319	157320	27	0.5427	non-DMR
chr1	157338	157339	37	0.6929	non-DMR
chr1	157354	157355	27	0.7117	non-DMR
chr1	157383	157384	33	0.61	non-DMR
chr1	157410	157411	35	0.6062	non-DMR
chr1	157447	157448	25	0.7136	non-DMR
chr1	157462	157463	35	0.6499	non-DMR
chr1	157489	157490	32	0.5816	non-DMR
chr1	157508	157509	31	0.7652	non-DMR
chr1	157558	157559	29	0.6532	non-DMR
chr1	157595	157596	30	0.7069	non-DMR
chr1	157618	157619	31	0.8421	non-DMR
chr1	157668	157669	23	0.7137	non-DMR
chr1	157692	157693	27	0.5612	non-DMR
chr1	157720	157721	34	0.7314	non-DMR
chr1	157754	157755	21	0.6017	non-DMR
chr1	157801	157802	39	0.8012	non-DMR
chr1	157831	157832	31	0.5876	non-DMR
chr1	157847	157848	29	0.5457	non-DMR
chr1	157926	157927	21	0.7071	non-DMR
chr1	157982	157983	28	0.6879	non-DMR
chr1	158082	158083	39	0.537	non-DMR
chr1	158165	158166	32	0.7227	non-DMR
chr1	158265	158266	26	0.7435	non-DMR
chr1	158365	158366	27	0.8182	non-DMR
chr1	158419	158420	24	0.7438	flank-DMR
chr1	158433	158434	38	0.7281	inconsistent-DMR
chr1	158448	158449	39	0.8142	inconsistent-DMR
chr1	158464	158465	25	0.7742	inconsistent-DMR
chr1	158489	158490	31	0.7346	inconsistent-DMR
chr1	158539	158540	38	0.5828	inconsistent-DMR
chr1	158570	158571	25	0.6147	inconsistent-DMR
chr1	158611	158612	24	0.8936	inconsistent-DMR
chr1	158640	158641	38	0.8227	inconsistent-DMR
chr1	158661	158662	30	0.8309	inconsistent-DMR
chr1	158686	158687	20	0.7178	inconsistent-DMR
chr1	158707	158708	21	0.703	inconsistent-DMR
chr1	158724	158725	26	0.5534	inconsistent-DMR
chr1	158767	158768	27	0.6079	inconsistent-DMR
chr1	158793	158794	25	0.9008	inconsistent-DMR
chr1	158812	158813	28	0.6822	inconsistent-DMR
chr1	158845	158846	33	0.706	inconsistent-DMR
chr1	158886	158887	23	0.8579	inconsistent-DMR
chr1	158946	158947	29	0.7224	inconsistent-DMR
chr1	159046	159047	24	0.716	inconsistent-DMR
chr1	159146	159147	40	0.8057	inconsistent-DMR
chr1	159246	159247	22	0.5701	inconsistent-DMR
chr1	159393	159394	37	0.6872	flank-DMR
chr1	159405	159406	26	0.7653	flank-DMR
chr1	159419	159420	34	0.7773	inconsistent-DMR
chr1	159435	159436	18	0.6939	inconsistent-DMR
chr1	159450	159451	29	0.8144	inconsistent-DMR
chr1	159466	159467	35	0.6592	inconsistent-DMR
chr1	159484	159485	33	0.9342	inconsistent-DMR
chr1	159503	159504	27	0.7328	inconsistent-DMR
chr1	159542	159543	24	0.6056	inconsistent-DMR
chr1	159590	159591	26	0.7262	inconsistent-DMR
chr1	159608	159609	23	0.7388	inconsistent-DMR
chr1	159623	159624	31	0.9465	inconsistent-DMR
chr1	159668	159669	28	0.6183	inconsistent-DMR
chr1	159717	159718	34	0.4632	inconsistent-DMR
chr1	159767	159768	26	0.6224	inconsistent-DMR
chr1	159788	159789	35	0.7695	inconsistent-DMR
chr1	159805	159806	32	0.8996	inconsistent-DMR
chr1	159851	159852	32	0.648	inconsistent-DMR
chr1	159901	159902	22	0.569	inconsistent-DMR
chr1	159932	159933	27	0.6975	inconsistent-DMR
chr1	159982	159983	24	0.7538	inconsistent-DMR
chr1	159984	159985	28	0.8937	inconsistent-DMR
chr1	160064	160065	29	0.9439	inconsistent-DMR
chr1	160164	160165	27	0.5114	inconsistent-DMR
chr1	160264	160265	28	0.54	inconsistent-DMR
chr1	160364	160365	37	0.5635	inconsistent-DMR
chr1	160420	160421	34	0.8155	inconsistent-DMR
chr1	160498	160499	24	0.4199	inconsistent-DMR
chr1	160548	160549	30	0.4829	inconsistent-DMR
chr1	160609	160610	40	0.5986	flank-DMR
chr1	160625	160626	23	0.1391	non-DMR
chr1	160640	160641	28	0.1004	non-DMR
chr1	160689	160690	28	0.1227	non-DMR
chr1	160739	160740	32	0.0591	non-DMR
chr1	160758	160759	29	0.0626	non-DMR
chr1	160777	160778	39	0.0526	non-DMR
chr1	160795	160796	26	0.1792	non-DMR
chr1	160832	160833	29	0.0306	non-DMR
chr1	160882	160883	33	0.1368	non-DMR
chr1	160897	160898	39	0.1057	non-DMR
chr1	160915	160916	31	0.0915	non-DMR
chr1	160939	160940	29	0.137	non-DMR
chr1	160971	160972	30	0.2349	non-DMR
chr1	161001	161002	32	0.1297	non-DMR
chr1	161033	161034	25	0.2679	non-DMR
chr1	161049	161050	26	0.1177	non-DMR
chr1	161069	161070	19	0.1774	non-DMR
chr1	161099	161100	21	0.2019	non-DMR
chr1	161145	161146	28	0.1576	non-DMR
chr1	161163	161164	25	0.0809	non-DMR
chr1	161196	161197	34	0.0	non-DMR
chr1	161218	161219	23	0.0868	non-DMR
chr1	161234	161235	34	0.0803	non-DMR
chr1	161249	161250	32	0.1028	non-DMR
chr1	161349	161350	33	0.1744	non-DMR
chr1	161417	161418	35	0.1863	non-DMR
chr1	161517	161518	33	0.0329	non-DMR
chr1	161567	161568	32	0.1464	non-DMR
chr1	161667	161668	34	0.06	non-DMR
chr1	161762	161763	33	0.1041	non-DMR
chr1	161862	161863	30	0.0273	non-DMR
chr1	161872	161873	22	0.0724	flank-DMR
chr1	161884	161885	26	0.1742	flank-DMR
chr1	161929	161930	36	0.2638	non-DMR
chr1	161979	161980	26	0.0	non-DMR
chr1	162000	162001	24	0.2517	non-DMR
chr1	162031	162032	26	0.3859	non-DMR
chr1	162081	162082	31	0.1467	non-DMR
chr1	162118	162119	31	0.3793	non-DMR
chr1	162158	162159	33	0.2162	non-DMR
chr1	162187	162188	29	0.3205	non-DMR
chr1	162211	162212	16	0.3119	non-DMR
chr1	162246	162247	28	0.2219	non-DMR
chr1	162278	162279	31	0.2674	non-DMR
chr1	162318	162319	42	0.3203	non-DMR
chr1	162368	162369	27	0.3486	non-DMR
chr1	162380	162381	32	0.1723	non-DMR
chr1	162453	162454	31	0.2616	non-DMR
chr1	162513	162514	28	0.0859	non-DMR
chr1	162613	162614	22	0.1644	non-DMR
chr1	162713	162714	26	0.207	non-DMR
chr1	162794	162795	33	0.2742	non-DMR
chr1	162878	162879	31	0.0	flank-DMR
chr1	162904	162905	29	0.7835	non-DMR
chr1	162945	162946	48	0.6829	non-DMR
chr1	162962	162963	28	0.7244	non-DMR
chr1	162979	162980	23	0.72	non-DMR
chr1	163019	163020	30	0.6322	non-DMR
chr1	163039	163040	28	0.7458	non-DMR
chr1	163089	163090	28	0.8362	non-DMR
chr1	163115	163116	40	0.6971	non-DMR
chr1	163161	163162	28	0.7402	non-DMR
chr1	163182	163183	29	0.8537	non-DMR
chr1	163204	163205	27	0.8387	non-DMR
chr1	163219	163220	38	0.7482	non-DMR
chr1	163243	163244	29	0.785	non-DMR
chr1	163263	163264	32	0.6595	non-DMR
chr1	163278	163279	36	0.5566	non-DMR
chr1	163307	163308	37	0.7635	non-DMR
chr1	163357	163358	32	0.7132	non-DMR
chr1	163378	163379	28	0.5568	non-DMR
chr1	163405	163406	36	0.6208	non-DMR
chr1	163435	163436	35	0.7437	non-DMR
chr1	163535	163536	40	0.8704	non-DMR
chr1	163611	163612	34	0.7504	non-DMR
chr1	163661	163662	34	0.8111	non-DMR
chr1	163735	163736	28	0.796	non-DMR
chr1	163794	163795	31	0.7327	non-DMR
chr1	163858	163859	25	0.6917	non-DMR
chr1	163937	163938	34	0.7141	non-DMR
chr1	163959	163960	38	0.8757	flank-DMR
chr1	163964	163965	30	0.4953	good-DMR
chr1	163980	163981	24	0.3764	good-DMR
chr1	164008	164009	16	0.492	good-DMR
chr1	164040	164041	29	0.4356	good-DMR
chr1	164073	164074	31	0.575	good-DMR
chr1	164119	164120	29	0.4272	good-DMR
chr1	164169	164170	28	0.4914	good-DMR
chr1	164202	164203	30	0.552	good-DMR
chr1	164232	164233	32	0.3991	good-DMR
chr1	164247	164248	35	0.3853	good-DMR
chr1	164271	164272	35	0.459	good-DMR
chr1	164321	164322	26	0.24	good-DMR
chr1	164340	164341	24	0.4715	good-DMR
chr1	164390	164391	31	0.5501	good-DMR
chr1	164406	164407	36	0.4389	good-DMR
chr1	164445	164446	29	0.4341	good-DMR
chr1	164479	164480	25	0.3574	good-DMR
chr1	164499	164500	18	0.3724	good-DMR
chr1	164514	164515	30	0.3058	good-DMR
chr1	164541	164542	26	0.3671	good-DMR
chr1	164637	164638	28	0.5004	good-DMR
chr1	164737	164738	20	0.4578	good-DMR
chr1	164837	164838	32	0.6021	good-DMR
chr1	164888	164889	32	0.5276	good-DMR
chr1	164938	164939	28	0.514	good-DMR
chr1	165038	165039	28	0.38	good-DMR
chr1	165058	165059	31	0.9424	flank-DMR
chr1	165094	165095	37	0.7314	flank-DMR
chr1	165156	165157	29	0.8675	flank-DMR
chr1	165172	165173	28	0.875	flank-DMR
chr1	165288	165289	32	0.9257	flank-DMR
chr1	165332	165333	23	0.8969	flank-DMR
chr1	165490	165491	24	0.586	flank-DMR
chr1	165504	165505	32	0.8962	flank-DMR
chr1	165536	165537	36	0.7022	flank-DMR
chr1	165563	165564	35	0.5106	non-DMR
chr1	165612	165613	23	0.6012	non-DMR
chr1	165653	165654	24	0.6269	non-DMR
chr1	165703	165704	23	0.6297	non-DMR
chr1	165729	165730	29	0.7419	non-DMR
chr1	165770	165771	23	0.4478	non-DMR
chr1	165820	165821	34	0.5941	non-DMR
chr1	165844	165845	21	0.4659	non-DMR
chr1	165884	165885	31	0.5847	non-DMR
chr1	165934	165935	41	0.5223	non-DMR
chr1	165972	165973	35	0.5468	non-DMR
chr1	165988	165989	32	0.4704	non-DMR
chr1	166034	166035	26	0.3715	non-DMR
chr1	166066	166067	22	0.5656	non-DMR
chr1	166116	166117	27	0.6083	non-DMR
chr1	166216	166217	27	0.6376	non-DMR
chr1	166316	166317	30	0.4837	non-DMR
chr1	166416	166417	23	0.4075	non-DMR
chr1	166504	166505	37	0.7029	non-DMR
chr1	166536	166537	39	0.66	flank-DMR
chr1	166598	166599	23	0.5752	flank-DMR
chr1	166616	166617	22	0.702	non-DMR
chr1	166637	166638	30	0.8738	non-DMR
chr1	166673	166674	28	0.7587	non-DMR
chr1	166693	166694	20	0.7602	non-DMR
chr1	166734	166735	27	0.7807	non-DMR
chr1	166765	166766	18	0.6524	non-DMR
chr1	166813	166814	25	0.9889	non-DMR
chr1	166841	166842	31	0.9566	non-DMR
chr1	166879	166880	30	0.7772	non-DMR
chr1	166894	166895	31	0.7544	non-DMR
chr1	166909	166910	34	0.8729	non-DMR
chr1	166929	166930	36	0.9082	non-DMR
chr1	166964	166965	31	0.8821	non-DMR
chr1	166984	166985	31	0.7279	non-DMR
chr1	167027	167028	34	0.9524	non-DMR
chr1	167050	167051	29	0.9365	non-DMR
chr1	167126	167127	23	0.8403	non-DMR
chr1	167226	167227	34	0.7805	non-DMR
chr1	167303	167304	29	0.9581	non-DMR
chr1	167403	167404	26	0.8561	non-DMR
chr1	167477	167478	32	0.8551	non-DMR
chr1	167529	167530	38	1.0	flank-DMR
chr1	167562	167563	39	0.7944	non-DMR
chr1	167600	167601	19	0.9337	non-DMR
chr1	167650	167651	27	0.8776	non-DMR
chr1	167665	167666	22	0.8114	non-DMR
chr1	167681	167682	28	0.8516	non-DMR
chr1	167712	167713	33	0.904	non-DMR
chr1	167727	167728	24	0.8672	non-DMR
chr1	167758	167759	30	0.6923	non-DMR
chr1	167808	167809	18	0.9021	non-DMR
chr1	167839	167840	27	0.8171	non-DMR
chr1	167889	167890	33	0.8579	non-DMR
chr1	167925	167926	27	0.7456	non-DMR
chr1	167959	167960	29	0.8336	non-DMR
chr1	168009	168010	33	0.8497	non-DMR
chr1	168101	168102	36	0.7745	non-DMR
chr1	168201	168202	31	0.7106	non-DMR
chr1	168301	168302	29	0.8699	non-DMR
chr1	168395	168396	22	0.8314	flank-DMR
chr1	168401	168402	30	0.8016	flank-DMR
chr1	168406	168407	27	0.2686	good-DMR
chr1	168421	168422	41	0.4527	good-DMR
chr1	168442	168443	26	0.3583	good-DMR
chr1	168457	168458	29	0.4129	good-DMR
chr1	168507	168508	28	0.473	good-DMR
chr1	168533	168534	32	0.5357	good-DMR
chr1	168564	168565	24	0.2536	good-DMR
chr1	168579	168580	35	0.3648	good-DMR
chr1	168598	168599	28	0.4324	good-DMR
chr1	168628	168629	26	0.354	good-DMR
chr1	168643	168644	28	0.2971	good-DMR
chr1	168688	168689	24	0.3884	good-DMR
chr1	168720	168721	29	0.3275	good-DMR
chr1	168744	168745	24	0.3132	good-DMR
chr1	168773	168774	33	0.4158	good-DMR
chr1	168795	168796	33	0.1556	good-DMR
chr1	168810	168811	31	0.2077	good-DMR
chr1	168843	168844	18	0.3807	good-DMR
chr1	168858	168859	38	0.4901	good-DMR
chr1	168863	168864	28	0.3975	good-DMR
chr1	168963	168964	29	0.4475	good-DMR
chr1	169053	169054	28	0.4393	good-DMR
chr1	169153	169154	33	0.4248	good-DMR
chr1	169204	169205	23	0.3988	good-DMR
chr1	169254	169255	31	0.2544	good-DMR
chr1	169288	169289	10	0.4919	flank-DMR
chr1	169336	169337	33	0.7945	flank-DMR
chr1	169368	169369	25	0.5396	flank-DMR
chr1	169600	169601	16	0.4682	flank-DMR
chr1	169686	169687	28	0.5355	flank-DMR
chr1	169716	169717	36	0.4411	flank-DMR
chr1	169724	169725	27	0.6877	flank-DMR
chr1	169734	169735	29	0.5299	good-DMR
chr1	169777	169778	27	0.6725	good-DMR
chr1	169799	169800	29	0.6909	good-DMR
chr1	169849	169850	27	0.6641	good-DMR
chr1	169887	169888	40	0.7322	good-DMR
chr1	169920	169921	31	0.6401	good-DMR
chr1	169945	169946	21	0.6775	good-DMR
chr1	169978	169979	34	0.6336	good-DMR
chr1	170028	170029	30	0.5885	good-DMR
chr1	170043	170044	28	0.6817	good-DMR
chr1	170060	170061	19	0.6447	good-DMR
chr1	170110	170111	30	0.6466	good-DMR
chr1	170125	170126	24	0.6412	good-DMR
chr1	170139	170140	28	0.7432	good-DMR
chr1	170239	170240	29	0.7378	good-DMR
chr1	170339	170340	29	0.6302	good-DMR
chr1	170404	170405	31	0.6025	good-DMR
chr1	170504	170505	33	0.42	good-DMR
chr1	170614	170615	32	0.9122	flank-DMR
chr1	170658	170659	26	0.9673	flank-DMR
chr1	170766	170767	29	0.883	flank-DMR
chr1	170778	170779	30	0.7811	flank-DMR
chr1	170830	170831	31	0.8645	flank-DMR
chr1	170928	170929	31	0.7757	flank-DMR
chr1	170930	170931	25	0.7171	flank-DMR
chr1	170984	170985	34	0.9924	flank-DMR
chr1	171029	171030	32	0.7044	non-DMR
chr1	171054	171055	30	0.7133	non-DMR
chr1	171082	171083	30	0.7277	non-DMR
chr1	171110	171111	35	0.5207	non-DMR
chr1	171152	171153	30	0.578	non-DMR
chr1	171172	171173	39	0.5698	non-DMR
chr1	171196	171197	32	0.6502	non-DMR
chr1	171211	171212	37	0.5876	non-DMR
chr1	171229	171230	25	0.6396	non-DMR
chr1	171256	171257	44	0.5175	non-DMR
chr1	171280	171281	33	0.6507	non-DMR
chr1	171295	171296	33	0.8654	non-DMR
chr1	171334	171335	27	0.7	non-DMR
chr1	171353	171354	30	0.669	non-DMR
chr1	171368	171369	29	0.7815	non-DMR
chr1	171404	171405	36	0.5945	non-DMR
chr1	171450	171451	31	0.7358	non-DMR
chr1	171465	171466	24	0.5915	non-DMR
chr1	171507	171508	29	0.6407	non-DMR
chr1	171534	171535	23	0.6664	non-DMR
chr1	171541	171542	31	0.7365	non-DMR
chr1	171592	171593	28	0.7565	non-DMR
chr1	171683	171684	24	0.7732	non-DMR
chr1	171778	171779	30	0.7517	non-DMR
chr1	171878	171879	34	0.6866	non-DMR
chr1	171978	171979	35	0.5094	non-DMR
chr1	172014	172015	27	0.7338	flank-DMR
chr1	172020	172021	33	0.8412	sub-DMR
chr1	172070	172071	28	0.6603	sub-DMR
chr1	172110	172111	32	0.54	sub-DMR
chr1	172129	172130	23	0.7303	sub-DMR
chr1	172144	172145	32	0.6089	sub-DMR
chr1	172194	172195	38	0.7402	sub-DMR
chr1	172221	172222	25	0.8485	sub-DMR
chr1	172254	172255	30	0.4364	sub-DMR
chr1	172286	172287	21	0.5343	sub-DMR
chr1	172326	172327	24	0.4463	sub-DMR
chr1	172341	172342	33	0.2686	sub-DMR
chr1	172376	172377	28	0.5463	sub-DMR
chr1	172397	172398	30	0.525	sub-DMR
chr1	172423	172424	31	0.6013	sub-DMR
chr1	172446	172447	34	0.5538	sub-DMR
chr1	172466	172467	24	0.6938	sub-DMR
chr1	172481	172482	30	0.6897	sub-DMR
chr1	172503	172504	20	0.7045	sub-DMR
chr1	172540	172541	30	0.7395	sub-DMR
chr1	172573	172574	30	0.7242	sub-DMR
chr1	172673	172674	29	0.8169	sub-DMR
chr1	172723	172724	33	0.7886	sub-DMR
chr1	172823	172824	36	0.6831	sub-DMR
chr1	172923	172924	24	0.9112	sub-DMR
chr1	172975	172976	16	0.7329	sub-DMR
chr1	173025	173026	33	0.6908	sub-DMR
chr1	173125	173126	25	0.7311	sub-DMR
chr1	173195	173196	29	0.6009	flank-DMR
chr1	173267	173268	33	0.8495	flank-DMR
chr1	173289	173290	27	0.7549	flank-DMR
chr1	173299	173300	33	0.6075	flank-DMR
chr1	173357	173358	31	0.8014	flank-DMR
chr1	173491	173492	41	0.6109	flank-DMR
chr1	173529	173530	25	0.628	flank-DMR
chr1	173569	173570	24	0.6157	flank-DMR
chr1	173599	173600	33	0.8376	flank-DMR
chr1	173630	173631	26	0.2889	non-DMR
chr1	173646	173647	38	0.1513	non-DMR
chr1	173666	173667	29	0.2223	non-DMR
chr1	173704	173705	21	0.1358	non-DMR
chr1	173735	173736	28	0.2234	non-DMR
chr1	173767	173768	26	0.1604	non-DMR
chr1	173789	173790	27	0.2484	non-DMR
chr1	173818	173819	29	0.1973	non-DMR
chr1	173857	173858	34	0.3071	non-DMR
chr1	173875	173876	23	0.3283	non-DMR
chr1	173907	173908	22	0.2428	non-DMR
chr1	173922	173923	36	0.1601	non-DMR
chr1	173972	173973	24	0.2311	non-DMR
chr1	174002	174003	29	0.1578	non-DMR
chr1	174052	174053	30	0.4256	non-DMR
chr1	174066	174067	34	0.416	non-DMR
chr1	174166	174167	31	0.3464	non-DMR
chr1	174255	174256	26	0.1841	non-DMR
chr1	174332	174333	21	0.1229	non-DMR
chr1	174432	174433	26	0.1437	non-DMR
chr1	174496	174497	33	0.306	flank-DMR
chr1	174498	174499	29	0.1919	flank-DMR
chr1	174503	174504	33	0.5736	good-DMR
chr1	174537	174538	30	0.628	good-DMR
chr1	174579	174580	37	0.285	good-DMR
chr1	174595	174596	20	0.4424	good-DMR
chr1	174628	174629	38	0.5882	good-DMR
chr1	174678	174679	34	0.4817	good-DMR
chr1	174696	174697	32	0.5971	good-DMR
chr1	174714	174715	33	0.6921	good-DMR
chr1	174748	174749	39	0.4407	good-DMR
chr1	174763	174764	29	0.4336	good-DMR
chr1	174796	174797	24	0.4647	good-DMR
chr1	174824	174825	35	0.6699	good-DMR
chr1	174874	174875	35	0.5417	good-DMR
chr1	174919	174920	33	0.4396	good-DMR
chr1	174957	174958	32	0.3862	good-DMR
chr1	174995	174996	41	0.4936	good-DMR
chr1	175011	175012	31	0.4789	good-DMR
chr1	175014	175015	36	0.4089	good-DMR
chr1	175114	175115	24	0.4822	good-DMR
chr1	175191	175192	40	0.4981	good-DMR
chr1	175241	175242	24	0.5406	good-DMR
chr1	175331	175332	25	0.5891	good-DMR
chr1	175431	175432	34	0.2851	good-DMR
chr1	175517	175518	33	0.7758	flank-DMR
chr1	175519	175520	16	0.6593	flank-DMR
chr1	175609	175610	39	0.6155	flank-DMR
chr1	175703	175704	40	0.6733	flank-DMR
chr1	175721	175722	26	0.7082	flank-DMR
chr1	175727	175728	39	0.652	flank-DMR
chr1	175871	175872	30	0.8618	flank-DMR
chr1	175921	175922	31	0.7803	flank-DMR
chr1	175933	175934	30	0.6893	non-DMR
chr1	175964	175965	28	0.6918	non-DMR
chr1	175979	175980	21	0.6324	non-DMR
chr1	176000	176001	34	0.5529	non-DMR
chr1	176029	176030	35	0.6258	non-DMR
chr1	176052	176053	24	0.6218	non-DMR
chr1	176102	176103	34	0.7334	non-DMR
chr1	176152	176153	27	0.531	non-DMR
chr1	176177	176178	37	0.6015	non-DMR
chr1	176209	176210	29	0.6992	non-DMR
chr1	176224	176225	26	0.6628	non-DMR
chr1	176253	176254	24	0.5587	non-DMR
chr1	176303	176304	27	0.546	non-DMR
chr1	176325	176326	28	0.5962	non-DMR
chr1	176351	176352	30	0.5563	non-DMR
chr1	176366	176367	35	0.7757	non-DMR
chr1	176389	176390	26	0.6818	non-DMR
chr1	176404	176405	34	0.7427	non-DMR
chr1	176419	176420	19	0.739	non-DMR
chr1	176469	176470	35	0.5722	non-DMR
chr1	176478	176479	31	0.6791	non-DMR
chr1	176578	176579	31	0.6679	non-DMR
chr1	176654	176655	25	0.6887	non-DMR
chr1	176723	176724	31	0.7195	non-DMR
chr1	176823	176824	35	0.5713	non-DMR
chr1	176923	176924	31	0.5056	non-DMR
chr1	176977	176978	26	0.6042	non-DMR
chr1	177003	177004	22	0.5784	flank-DMR
chr1	177067	177068	26	0.5087	flank-DMR
chr1	177091	177092	25	0.1793	non-DMR
chr1	177126	177127	27	0.1654	non-DMR
chr1	177147	177148	25	0.1797	non-DMR
chr1	177197	177198	27	0.2711	non-DMR
chr1	177216	177217	33	0.1301	non-DMR
chr1	177250	177251	35	0.1636	non-DMR
chr1	177268	177269	28	0.1747	non-DMR
chr1	177286	177287	31	0.0374	non-DMR
chr1	177301	177302	25	0.1192	non-DMR
chr1	177336	177337	35	0.2305	non-DMR
chr1	177357	177358	31	0.0042	non-DMR
chr1	177379	177380	27	0.1232	non-DMR
chr1	177416	177417	33	0.2753	non-DMR
chr1	177466	177467	34	0.1023	non-DMR
chr1	177496	177497	23	0.2647	non-DMR
chr1	177523	177524	34	0.0079	non-DMR
chr1	177551	177552	28	0.1138	non-DMR
chr1	177584	177585	26	0.0943	non-DMR
chr1	177618	177619	31	0.2943	non-DMR
chr1	177632	177633	25	0.0533	non-DMR
chr1	177740	177741	31	0.118	non-DMR
chr1	177806	177807	37	0.148	non-DMR
chr1	177884	177885	33	0.1946	non-DMR
chr1	177934	177935	20	0.3387	non-DMR
chr1	178034	178035	26	0.1455	non-DMR
chr1	178134	178135	34	0.1322	non-DMR
chr1	178222	178223	35	0.0793	flank-DMR
chr1	178266	178267	30	0.1107	non-DMR
chr1	178290	178291	27	0.1502	non-DMR
chr1	178305	178306	30	0.0607	non-DMR
chr1	178328	178329	30	0.1136	non-DMR
chr1	178361	178362	31	0.149	non-DMR
chr1	178403	178404	36	0.1753	non-DMR
chr1	178423	178424	27	0.0461	non-DMR
chr1	178455	178456	30	0.2044	non-DMR
chr1	178479	178480	30	0.052	non-DMR
chr1	178517	178518	26	0.1721	non-DMR
chr1	178543	178544	26	0.2152	non-DMR
chr1	178581	178582	30	0.2018	non-DMR
chr1	178609	178610	17	0.182	non-DMR
chr1	178658	178659	26	0.041	non-DMR
chr1	178706	178707	38	0.1348	non-DMR
chr1	178756	178757	30	0.0608	non-DMR
chr1	178855	178856	26	0.2097	non-DMR
chr1	178926	178927	31	0.0891	non-DMR
chr1	179026	179027	35	0.0542	non-DMR
chr1	179076	179077	35	0.1356	non-DMR
chr1	179082	179083	30	0.3002	flank-DMR
chr1	179092	179093	28	0.0003	flank-DMR
chr1	179140	179141	25	0.7732	non-DMR
chr1	179167	179168	32	0.8352	non-DMR
chr1	179197	179198	26	0.5969	non-DMR
chr1	179225	179226	28	0.9232	non-DMR
chr1	179275	179276	33	0.9079	non-DMR
chr1	179300	179301	41	0.8227	non-DMR
chr1	179328	179329	37	0.778	non-DMR
chr1	179378	179379	24	0.8545	non-DMR
chr1	179402	179403	22	0.805	non-DMR
chr1	179426	179427	29	0.641	non-DMR
chr1	179471	179472	35	0.7707	non-DMR
chr1	179511	179512	23	0.6963	non-DMR
chr1	179526	179527	36	0.8004	non-DMR
chr1	179541	179542	20	0.8239	non-DMR
chr1	179579	179580	30	0.796	non-DMR
chr1	179597	179598	33	0.5752	non-DMR
chr1	179633	179634	35	0.848	non-DMR
chr1	179654	179655	40	0.7733	non-DMR
chr1	179672	179673	26	0.9084	non-DMR
chr1	179772	179773	27	0.7695	non-DMR
chr1	179822	179823	37	0.7828	non-DMR
chr1	179922	179923	23	0.7591	non-DMR
chr1	180022	180023	33	0.8716	non-DMR
chr1	180122	180123	23	1.0	non-DMR
chr1	180195	180196	32	0.9223	non-DMR
chr1	180223	180224	30	0.867	flank-DMR
chr1	180229	180230	30	0.513	good-DMR
chr1	180279	180280	27	0.5629	good-DMR
chr1	180303	180304	30	0.3654	good-DMR
chr1	180323	180324	32	0.6004	good-DMR
chr1	180343	180344	28	0.4652	good-DMR
chr1	180389	180390	32	0.5941	good-DMR
chr1	180435	180436	31	0.6593	good-DMR
chr1	180469	180470	32	0.5287	good-DMR
chr1	180491	180492	27	0.6057	good-DMR
chr1	180508	180509	28	0.4698	good-DMR
chr1	180526	180527	25	0.5093	good-DMR
chr1	180555	180556	30	0.7249	good-DMR
chr1	180599	180600	31	0.5171	good-DMR
chr1	180614	180615	22	0.4975	good-DMR
chr1	180644	180645	27	0.6162	good-DMR
chr1	180670	180671	27	0.4051	good-DMR
chr1	180686	180687	29	0.6382	good-DMR
chr1	180688	180689	28	0.5017	good-DMR
chr1	180767	180768	31	0.5528	good-DMR
chr1	180867	180868	31	0.5948	good-DMR
chr1	180917	180918	30	0.6037	good-DMR
chr1	181017	181018	16	0.3599	good-DMR
chr1	181096	181097	30	0.7315	good-DMR
chr1	181240	181241	26	0.9075	flank-DMR
chr1	181370	181371	25	0.8013	flank-DMR
chr1	181384	181385	28	0.6986	flank-DMR
chr1	181502	181503	29	0.9486	flank-DMR
chr1	181552	181553	22	0.7328	flank-DMR
chr1	181562	181563	27	0.6327	flank-DMR
chr1	181567	181568	29	0.5794	good-DMR
chr1	181582	181583	29	0.6564	good-DMR
chr1	181599	181600	33	0.6726	good-DMR
chr1	181636	181637	36	0.7091	good-DMR
chr1	181686	181687	26	0.6529	good-DMR
chr1	181736	181737	32	0.7298	good-DMR
chr1	181756	181757	36	0.7403	good-DMR
chr1	181795	181796	23	0.698	good-DMR
chr1	181821	181822	27	0.762	good-DMR
chr1	181845	181846	27	0.7516	good-DMR
chr1	181883	181884	20	0.6502	good-DMR
chr1	181919	181920	34	0.6863	good-DMR
chr1	181934	181935	32	0.7004	good-DMR
chr1	181960	181961	24	0.6515	good-DMR
chr1	181991	181992	23	0.6305	good-DMR
chr1	182025	182026	33	0.7167	good-DMR
chr1	182075	182076	39	0.658	good-DMR
chr1	182106	182107	35	0.7516	good-DMR
chr1	182114	182115	24	0.6756	good-DMR
chr1	182203	182204	28	0.6248	good-DMR
chr1	182293	182294	33	0.6922	good-DMR
chr1	182393	182394	35	0.7167	good-DMR
chr1	182493	182494	37	0.5286	good-DMR
chr1	182593	182594	29	0.7514	good-DMR
chr1	182607	182608	31	0.9782	flank-DMR
chr1	182759	182760	28	0.9607	flank-DMR
chr1	182819	182820	28	0.8685	flank-DMR
chr1	182885	182886	39	0.8546	flank-DMR
chr1	183073	183074	24	0.9741	flank-DMR
chr1	183082	183083	43	0.6927	good-DMR
chr1	183125	183126	26	0.677	good-DMR
chr1	183140	183141	28	0.7484	good-DMR
chr1	183183	183184	33	0.6415	good-DMR
chr1	183229	183230	23	0.7293	good-DMR
chr1	183273	183274	35	0.6876	good-DMR
chr1	183291	183292	29	0.5907	good-DMR
chr1	183316	183317	30	0.6402	good-DMR
chr1	183351	183352	33	0.8079	good-DMR
chr1	183380	183381	40	0.542	good-DMR
chr1	183403	183404	27	0.5794	good-DMR
chr1	183428	183429	28	0.6697	good-DMR
chr1	183455	183456	30	0.635	good-DMR
chr1	183505	183506	27	0.6178	good-DMR
chr1	183526	183527	39	0.7727	good-DMR
chr1	183548	183549	22	0.7563	good-DMR
chr1	183598	183599	28	0.6061	good-DMR
chr1	183625	183626	28	0.6118	good-DMR
chr1	183635	183636	31	0.6919	good-DMR
chr1	183735	183736	33	0.6476	good-DMR
chr1	183788	183789	28	0.6708	good-DMR
chr1	183888	183889	30	0.6559	good-DMR
chr1	183988	183989	36	0.762	good-DMR
chr1	184052	184053	31	0.561	good-DMR
chr1	184152	184153	30	0.7968	good-DMR
chr1	184168	184169	24	0.7898	flank-DMR
chr1	184228	184229	33	0.8793	flank-DMR
chr1	184248	184249	35	1.0	flank-DMR
chr1	184258	184259	30	0.9165	flank-DMR
chr1	184266	184267	28	0.6806	flank-DMR
chr1	184306	184307	38	0.8317	flank-DMR
chr1	184350	184351	23	0.7943	flank-DMR
chr1	184358	184359	23	0.7799	flank-DMR
chr1	184446	184447	29	0.9136	flank-DMR
chr1	184488	184489	23	0.7851	flank-DMR
chr1	184510	184511	32	0.7758	non-DMR
chr1	184526	184527	27	0.8548	non-DMR
chr1	184568	184569	29	0.7927	non-DMR
chr1	184618	184619	29	0.856	non-DMR
chr1	184645	184646	23	0.8907	non-DMR
chr1	184685	184686	32	0.9255	non-DMR
chr1	184711	184712	30	0.9118	non-DMR
chr1	184746	184747	30	0.9071	non-DMR
chr1	184796	184797	28	0.8779	non-DMR
chr1	184826	184827	39	0.8839	non-DMR
chr1	184854	184855	35	0.9205	non-DMR
chr1	184884	184885	23	0.8369	non-DMR
chr1	184916	184917	32	0.9225	non-DMR
chr1	184955	184956	26	1.0	non-DMR
chr1	184998	184999	35	0.8668	non-DMR
chr1	185019	185020	34	0.805	non-DMR
chr1	185047	185048	28	0.7566	non-DMR
chr1	185056	185057	25	0.7624	non-DMR
chr1	185149	185150	32	0.6866	non-DMR
chr1	185206	185207	31	0.7516	non-DMR
chr1	185306	185307	41	0.8746	non-DMR
chr1	185406	185407	27	0.9725	non-DMR
chr1	185506	185507	26	0.88	non-DMR
chr1	185573	185574	24	0.8417	non-DMR
chr1	185585	185586	33	0.9061	flank-DMR
chr1	185587	185588	37	0.7703	flank-DMR
chr1	185623	185624	24	0.7194	non-DMR
chr1	185651	185652	32	0.542	non-DMR
chr1	185675	185676	33	0.7033	non-DMR
chr1	185693	185694	22	0.4694	non-DMR
chr1	185733	185734	35	0.5085	non-DMR
chr1	185769	185770	31	0.4889	non-DMR
chr1	185800	185801	34	0.7122	non-DMR
chr1	185831	185832	25	0.7381	non-DMR
chr1	185846	185847	34	0.5923	non-DMR
chr1	185896	185897	28	0.6079	non-DMR
chr1	185922	185923	23	0.5521	non-DMR
chr1	185952	185953	35	0.6048	non-DMR
chr1	186002	186003	33	0.7218	non-DMR
chr1	186021	186022	22	0.6426	non-DMR
chr1	186048	186049	26	0.621	non-DMR
chr1	186078	186079	28	0.5898	non-DMR
chr1	186125	186126	30	0.5691	non-DMR
chr1	186152	186153	28	0.7757	non-DMR
chr1	186175	186176	29	0.5572	non-DMR
chr1	186225	186226	30	0.5425	non-DMR
chr1	186315	186316	19	0.7406	non-DMR
chr1	186411	186412	35	0.745	non-DMR
chr1	186511	186512	36	0.699	non-DMR
chr1	186607	186608	32	0.633	non-DMR
chr1	186707	186708	32	0.5301	non-DMR
chr1	186725	186726	38	0.7255	flank-DMR
chr1	186771	186772	34	0.6916	flank-DMR
chr1	186793	186794	32	0.7968	non-DMR
chr1	186843	186844	31	0.8115	non-DMR
chr1	186885	186886	41	0.863	non-DMR
chr1	186909	186910	33	0.8777	non-DMR
chr1	186959	186960	37	0.8721	non-DMR
chr1	186980	186981	37	0.8599	non-DMR
chr1	187011	187012	34	0.8435	non-DMR
chr1	187029	187030	34	0.7823	non-DMR
chr1	187056	187057	31	0.7282	non-DMR
chr1	187085	187086	27	0.7868	non-DMR
chr1	187111	187112	25	0.725	non-DMR
chr1	187127	187128	26	0.6274	non-DMR
chr1	187151	187152	35	0.77	non-DMR
chr1	187171	187172	20	0.8122	non-DMR
chr1	187200	187201	33	0.7245	non-DMR
chr1	187230	187231	28	0.7704	non-DMR
chr1	187237	187238	30	0.8099	non-DMR
chr1	187293	187294	34	0.8483	non-DMR
chr1	187393	187394	21	0.7319	non-DMR
chr1	187493	187494	34	0.8588	non-DMR
chr1	187593	187594	26	0.6645	non-DMR
chr1	187660	187661	36	0.7404	non-DMR
chr1	187672	187673	26	0.8357	flank-DMR
chr1	187693	187694	28	0.674	non-DMR
chr1	187709	187710	28	0.6994	non-DMR
chr1	187729	187730	44	0.6667	non-DMR
chr1	187752	187753	35	0.7191	non-DMR
chr1	187797	187798	20	0.7177	non-DMR
chr1	187815	187816	27	0.7512	non-DMR
chr1	187865	187866	32	0.7335	non-DMR
chr1	187915	187916	31	0.6532	non-DMR
chr1	187947	187948	29	0.5863	non-DMR
chr1	187970	187971	35	0.5275	non-DMR
chr1	187989	187990	28	0.6327	non-DMR
chr1	188016	188017	28	0.5917	non-DMR
chr1	188038	188039	24	0.6306	non-DMR
chr1	188077	188078	27	0.5934	non-DMR
chr1	188127	188128	25	0.5821	non-DMR
chr1	188147	188148	34	0.6688	non-DMR
chr1	188162	188163	25	0.6906	non-DMR
chr1	188203	188204	22	0.6152	non-DMR
chr1	188219	188220	30	0.5791	non-DMR
chr1	188235	188236	30	0.6316	non-DMR
chr1	188298	188299	25	0.6917	non-DMR
chr1	188354	188355	35	0.5155	non-DMR
chr1	188454	188455	20	0.5066	non-DMR
chr1	188524	188525	42	0.7414	non-DMR
chr1	188624	188625	35	0.5449	non-DMR
chr1	188710	188711	21	0.8153	non-DMR
chr1	188726	188727	26	0.8663	flank-DMR
chr1	188800	188801	26	0.677	flank-DMR
chr1	188823	188824	30	0.9578	non-DMR
chr1	188855	188856	32	1.0	non-DMR
chr1	188877	188878	29	0.8084	non-DMR
chr1	188912	188913	31	0.9175	non-DMR
chr1	188942	188943	32	0.9455	non-DMR
chr1	188992	188993	24	0.8837	non-DMR
chr1	189020	189021	36	0.9704	non-DMR
chr1	189062	189063	27	0.8539	non-DMR
chr1	189081	189082	32	0.8592	non-DMR
chr1	189112	189113	29	0.7095	non-DMR
chr1	189148	189149	30	0.9156	non-DMR
chr1	189167	189168	28	0.9151	non-DMR
chr1	189201	189202	33	0.968	non-DMR
chr1	189218	189219	29	0.8935	non-DMR
chr1	189233	189234	27	0.8103	non-DMR
chr1	189266	189267	31	0.7903	non-DMR
chr1	189315	189316	38	0.9191	non-DMR
chr1	189318	189319	23	0.8561	non-DMR
chr1	189418	189419	25	0.9084	non-DMR
chr1	189518	189519	28	0.9509	non-DMR
chr1	189568	189569	26	0.8962	non-DMR
chr1	189661	189662	33	0.7997	non-DMR
chr1	189711	189712	27	0.9406	non-DMR
chr1	189811	189812	27	0.9562	non-DMR
chr1	189829	189830	33	0.9654	flank-DMR
chr1	189847	189848	34	0.8956	flank-DMR
chr1	189867	189868	28	0.1726	non-DMR
chr1	189917	189918	35	0.0664	non-DMR
chr1	189932	189933	35	0.1314	non-DMR
chr1	189982	189983	27	0.0	non-DMR
chr1	190007	190008	24	0.109	non-DMR
chr1	190057	190058	32	0.0263	non-DMR
chr1	190082	190083	23	0.0	non-DMR
chr1	190104	190105	31	0.0709	non-DMR
chr1	190128	190129	31	0.0618	non-DMR
chr1	190159	190160	33	0.1896	non-DMR
chr1	190174	190175	32	0.1688	non-DMR
chr1	190222	190223	20	0.1596	non-DMR
chr1	190256	190257	30	0.1716	non-DMR
chr1	190271	190272	26	0.0316	non-DMR
chr1	190286	190287	38	0.2875	non-DMR
chr1	190312	190313	32	0.0289	non-DMR
chr1	190331	190332	28	0.1651	non-DMR
chr1	190346	190347	26	0.1453	non-DMR
chr1	190350	190351	35	0.297	non-DMR
chr1	190450	190451	37	0.0505	non-DMR
chr1	190500	190501	28	0.1063	non-DMR
chr1	190600	190601	23	0.2456	non-DMR
chr1	190691	190692	27	0.0	non-DMR
chr1	190769	190770	32	0.0556	non-DMR
chr1	190841	190842	25	0.1039	flank-DMR
chr1	190853	190854	32	0.5359	non-DMR
chr1	190872	190873	30	0.6613	non-DMR
chr1	190917	190918	25	0.6997	non-DMR
chr1	190947	190948	37	0.5477	non-DMR
chr1	190983	190984	32	0.5486	non-DMR
chr1	191005	191006	44	0.792	non-DMR
chr1	191046	191047	38	0.6002	non-DMR
chr1	191096	191097	32	0.6162	non-DMR
chr1	191128	191129	41	0.8908	non-DMR
chr1	191145	191146	35	0.6144	non-DMR
chr1	191189	191190	28	0.741	non-DMR
chr1	191215	191216	38	0.6709	non-DMR
chr1	191260	191261	30	0.6491	non-DMR
chr1	191275	191276	32	0.5797	non-DMR
chr1	191300	191301	23	0.8136	non-DMR
chr1	191316	191317	30	0.7862	non-DMR
chr1	191336	191337	29	0.7535	non-DMR
chr1	191356	191357	32	0.7005	non-DMR
chr1	191406	191407	33	0.7536	non-DMR
chr1	191425	191426	33	0.7554	non-DMR
chr1	191525	191526	27	0.7105	non-DMR
chr1	191625	191626	31	0.689	non-DMR
chr1	191725	191726	31	0.7612	non-DMR
chr1	191825	191826	33	0.561	non-DMR
chr1	191925	191926	25	0.6255	non-DMR
chr1	191949	191950	30	0.6889	flank-DMR
chr1	191957	191958	16	0.5749	good-DMR
chr1	191976	191977	31	0.5313	good-DMR
chr1	191997	191998	28	0.5132	good-DMR
chr1	192012	192013	23	0.6922	good-DMR
chr1	192029	192030	33	0.6622	good-DMR
chr1	192065	192066	30	0.7169	good-DMR
chr1	192080	192081	21	0.5453	good-DMR
chr1	192114	192115	38	0.714	good-DMR
chr1	192146	192147	37	0.5227	good-DMR
chr1	192161	192162	37	0.5335	good-DMR
chr1	192203	192204	20	0.6603	good-DMR
chr1	192222	192223	32	0.6805	good-DMR
chr1	192260	192261	21	0.6119	good-DMR
chr1	192310	192311	28	0.6517	good-DMR
chr1	192349	192350	39	0.5721	good-DMR
chr1	192398	192399	24	0.4658	good-DMR
chr1	192446	192447	38	0.4912	good-DMR
chr1	192469	192470	28	0.6905	good-DMR
chr1	192544	192545	31	0.6571	good-DMR
chr1	192594	192595	24	0.6045	good-DMR
chr1	192674	192675	26	0.6508	good-DMR
chr1	192760	192761	25	0.541	good-DMR
chr1	192860	192861	27	0.4123	good-DMR
chr1	192958	192959	26	0.6858	good-DMR
chr1	193062	193063	31	0.853	flank-DMR
chr1	193088	193089	21	0.8616	flank-DMR
chr1	193090	193091	29	0.8306	flank-DMR
chr1	193098	193099	20	0.874	flank-DMR
chr1	193266	193267	37	0.8235	flank-DMR
chr1	193284	193285	32	0.6875	flank-DMR
chr1	193300	193301	36	0.6466	flank-DMR
chr1	193402	193403	32	0.9734	flank-DMR
chr1	193421	193422	26	0.6181	non-DMR
chr1	193454	193455	22	0.7818	non-DMR
chr1	193474	193475	23	0.7831	non-DMR
chr1	193492	193493	31	0.642	non-DMR
chr1	193510	193511	22	0.7059	non-DMR
chr1	193543	193544	21	0.6017	non-DMR
chr1	193567	193568	32	0.6856	non-DMR
chr1	193593	193594	25	0.7383	non-DMR
chr1	193635	193636	32	0.6854	non-DMR
chr1	193650	193651	29	0.7452	non-DMR
chr1	193666	193667	34	0.656	non-DMR
chr1	193687	193688	35	0.5465	non-DMR
chr1	193724	193725	15	0.7405	non-DMR
chr1	193744	193745	34	0.7211	non-DMR
chr1	193763	193764	36	0.5664	non-DMR
chr1	193791	193792	26	0.6412	non-DMR
chr1	193841	193842	31	0.6309	non-DMR
chr1	193872	193873	29	0.6692	non-DMR
chr1	193890	193891	38	0.6806	non-DMR
chr1	193907	193908	35	0.6961	non-DMR
chr1	193957	193958	35	0.8179	non-DMR
chr1	194057	194058	28	0.7245	non-DMR
chr1	194157	194158	34	0.7175	non-DMR
chr1	194257	194258	27	0.8131	non-DMR
chr1	194357	194358	29	0.6288	non-DMR
chr1	194405	194406	29	0.7297	flank-DMR
chr1	194443	194444	35	0.6876	flank-DMR
chr1	194453	194454	37	0.6211	good-DMR
chr1	194494	194495	16	0.5163	good-DMR
chr1	194522	194523	34	0.5942	good-DMR
chr1	194549	194550	26	0.7165	good-DMR
chr1	194593	194594	31	0.6863	good-DMR
chr1	194643	194644	31	0.679	good-DMR
chr1	194684	194685	21	0.6776	good-DMR
chr1	194716	194717	28	0.5024	good-DMR
chr1	194731	194732	33	0.4874	good-DMR
chr1	194761	194762	30	0.6466	good-DMR
chr1	194780	194781	25	0.6181	good-DMR
chr1	194815	194816	26	0.7104	good-DMR
chr1	194839	194840	30	0.5609	good-DMR
chr1	194889	194890	30	0.5413	good-DMR
chr1	194939	194940	33	0.7635	good-DMR
chr1	194980	194981	35	0.6084	good-DMR
chr1	194991	194992	30	0.7006	good-DMR
chr1	195052	195053	27	0.6323	good-DMR
chr1	195152	195153	31	0.471	good-DMR
chr1	195244	195245	39	0.6727	good-DMR
chr1	195344	195345	32	0.6116	good-DMR
chr1	195394	195395	31	0.5289	good-DMR
chr1	195444	195445	33	0.6469	good-DMR
chr1	195528	195529	24	0.6544	good-DMR
chr1	195554	195555	21	0.891	flank-DMR
chr1	195562	195563	24	0.853	flank-DMR
chr1	195606	195607	22	0.7654	flank-DMR
chr1	195714	195715	39	0.8117	flank-DMR
chr1	195716	195717	28	0.7537	flank-DMR
chr1	195790	195791	31	0.9796	flank-DMR
chr1	195852	195853	28	0.8795	flank-DMR
chr1	195906	195907	32	0.8592	flank-DMR
chr1	195924	195925	30	0.9884	flank-DMR
chr1	195952	195953	28	0.5811	flank-DMR
chr1	195965	195966	34	0.9757	non-DMR
chr1	195980	195981	27	0.8765	non-DMR
chr1	196001	196002	32	0.9807	non-DMR
chr1	196051	196052	31	0.8487	non-DMR
chr1	196066	196067	32	0.887	non-DMR
chr1	196091	196092	21	1.0	non-DMR
chr1	196110	196111	25	0.9245	non-DMR
chr1	196147	196148	36	0.8354	non-DMR
chr1	196169	196170	25	0.9769	non-DMR
chr1	196202	196203	25	0.8597	non-DMR
chr1	196252	196253	28	0.8788	non-DMR
chr1	196281	196282	31	0.7739	non-DMR
chr1	196302	196303	26	0.8678	non-DMR
chr1	196352	196353	32	0.8963	non-DMR
chr1	196377	196378	29	0.9449	non-DMR
chr1	196417	196418	29	0.9285	non-DMR
chr1	196436	196437	31	0.8867	non-DMR
chr1	196536	196537	24	0.9208	non-DMR
chr1	196636	196637	22	0.8295	non-DMR
chr1	196736	196737	24	0.8979	non-DMR
chr1	196816	196817	37	0.9064	non-DMR
chr1	196910	196911	25	0.9507	flank-DMR
chr1	196949	196950	27	0.7659	non-DMR
chr1	196967	196968	33	0.7395	non-DMR
chr1	196988	196989	29	0.6562	non-DMR
chr1	197025	197026	28	0.7046	non-DMR
chr1	197065	197066	29	0.7465	non-DMR
chr1	197083	197084	27	0.8125	non-DMR
chr1	197133	197134	29	0.6707	non-DMR
chr1	197166	197167	32	0.5033	non-DMR
chr1	197205	197206	29	0.8175	non-DMR
chr1	197241	197242	31	0.64	non-DMR
chr1	197256	197257	28	0.5803	non-DMR
chr1	197306	197307	29	0.704	non-DMR
chr1	197356	197357	29	0.6292	non-DMR
chr1	197382	197383	29	0.6827	non-DMR
chr1	197432	197433	29	0.7739	non-DMR
chr1	197465	197466	27	0.8365	non-DMR
chr1	197471	197472	30	0.7139	non-DMR
chr1	197560	197561	31	0.6388	non-DMR
chr1	197651	197652	30	0.7733	non-DMR
chr1	197751	197752	26	0.6572	non-DMR
chr1	197851	197852	32	0.6064	non-DMR
chr1	197951	197952	30	0.8832	non-DMR
chr1	197961	197962	26	0.8175	flank-DMR
chr1	197999	198000	30	0.6548	non-DMR
chr1	198014	198015	26	0.6951	non-DMR
chr1	198033	198034	28	0.6771	non-DMR
chr1	198072	198073	26	0.7337	non-DMR
chr1	198122	198123	21	0.8558	non-DMR
chr1	198157	198158	31	0.8839	non-DMR
chr1	198183	198184	34	0.8805	non-DMR
chr1	198233	198234	19	0.7543	non-DMR
chr1	198256	198257	24	0.7039	non-DMR
chr1	198276	198277	26	0.8672	non-DMR
chr1	198321	198322	30	0.6768	non-DMR
chr1	198371	198372	29	0.7899	non-DMR
chr1	198386	198387	31	0.6668	non-DMR
chr1	198436	198437	30	0.6816	non-DMR
chr1	198483	198484	30	0.9144	non-DMR
chr1	198528	198529	27	0.8192	non-DMR
chr1	198574	198575	36	0.6936	non-DMR
chr1	198605	198606	30	0.9109	non-DMR
chr1	198705	198706	33	0.6827	non-DMR
chr1	198791	198792	37	0.8505	non-DMR
chr1	198841	198842	30	0.6378	non-DMR
chr1	198899	198900	29	0.8132	non-DMR
chr1	198999	199000	38	0.8098	non-DMR
chr1	199099	199100	33	0.8071	non-DMR
chr1	199162	199163	28	0.7914	non-DMR
chr1	199186	199187	36	0.846	flank-DMR
chr1	199196	199197	27	0.3853	good-DMR
chr1	199246	199247	25	0.5401	good-DMR
chr1	199274	199275	25	0.4119	good-DMR
chr1	199291	199292	23	0.4856	good-DMR
chr1	199338	199339	37	0.5458	good-DMR
chr1	199353	199354	31	0.3439	good-DMR
chr1	199377	199378	26	0.5523	good-DMR
chr1	199421	199422	27	0.4309	good-DMR
chr1	199436	199437	28	0.4145	good-DMR
chr1	199477	199478	25	0.2931	good-DMR
chr1	199503	199504	24	0.4252	good-DMR
chr1	199540	199541	30	0.5274	good-DMR
chr1	199566	199567	35	0.4573	good-DMR
chr1	199581	199582	24	0.3839	good-DMR
chr1	199631	199632	35	0.4411	good-DMR
chr1	199652	199653	36	0.375	good-DMR
chr1	199683	199684	33	0.4259	good-DMR
chr1	199733	199734	33	0.4321	good-DMR
chr1	199775	199776	32	0.4167	good-DMR
chr1	199825	199826	32	0.326	good-DMR
chr1	199925	199926	27	0.3497	good-DMR
chr1	199975	199976	26	0.575	good-DMR
chr1	200075	200076	27	0.4781	good-DMR
chr1	200175	200176	36	0.4949	good-DMR
chr1	200275	200276	28	0.6489	good-DMR
chr1	200321	200322	27	0.09	flank-DMR
chr1	200467	200468	28	0.1527	flank-DMR
chr1	200703	200704	30	0.1128	flank-DMR
chr1	200711	200712	29	0.0735	flank-DMR
chr1	200721	200722	25	0.2543	flank-DMR
chr1	200747	200748	27	0.066	flank-DMR
chr1	200756	200757	25	0.5023	good-DMR
chr1	200771	200772	28	0.4572	good-DMR
chr1	200787	200788	26	0.414	good-DMR
chr1	200837	200838	24	0.7358	good-DMR
chr1	200871	200872	23	0.6604	good-DMR
chr1	200921	200922	35	0.559	good-DMR
chr1	200971	200972	25	0.5482	good-DMR
chr1	200994	200995	33	0.5567	good-DMR
chr1	201011	201012	28	0.6066	good-DMR
chr1	201061	201062	36	0.5686	good-DMR
chr1	201092	201093	36	0.5074	good-DMR
chr1	201127	201128	30	0.5755	good-DMR
chr1	201156	201157	36	0.4314	good-DMR
chr1	201204	201205	30	0.6421	good-DMR
chr1	201247	201248	30	0.4834	good-DMR
chr1	201279	201280	34	0.3849	good-DMR
chr1	201329	201330	21	0.4084	good-DMR
chr1	201429	201430	36	0.5549	good-DMR
chr1	201529	201530	28	0.6398	good-DMR
chr1	201629	201630	32	0.4904	good-DMR
chr1	201721	201722	28	0.4504	good-DMR
chr1	201798	201799	32	0.5166	good-DMR
chr1	201842	201843	29	0.9381	flank-DMR
chr1	201874	201875	27	0.7159	flank-DMR
chr1	201878	201879	38	0.6319	flank-DMR
chr1	201898	201899	29	0.9281	flank-DMR
chr1	201940	201941	22	0.7718	flank-DMR
chr1	202078	202079	30	0.7464	flank-DMR
chr1	202138	202139	35	0.9416	flank-DMR
chr1	202232	202233	32	0.7774	flank-DMR
chr1	202276	202277	25	0.798	flank-DMR
chr1	202294	202295	28	0.7551	flank-DMR
chr1	202332	202333	19	0.6912	non-DMR
chr1	202370	202371	31	0.8117	non-DMR
chr1	202390	202391	39	0.7995	non-DMR
chr1	202410	202411	37	0.8342	non-DMR
chr1	202443	202444	22	0.7974	non-DMR
chr1	202458	202459	30	0.8936	non-DMR
chr1	202495	202496	26	0.9438	non-DMR
chr1	202516	202517	38	0.7896	non-DMR
chr1	202560	202561	34	0.8162	non-DMR
chr1	202581	202582	22	0.748	non-DMR
chr1	202631	202632	35	0.8854	non-DMR
chr1	202681	202682	20	0.7443	non-DMR
chr1	202706	202707	23	0.5732	non-DMR
chr1	202733	202734	28	0.6879	non-DMR
chr1	202756	202757	29	0.7317	non-DMR
chr1	202795	202796	29	0.6554	non-DMR
chr1	202845	202846	32	0.8319	non-DMR
chr1	202850	202851	33	1.0	non-DMR
chr1	202900	202901	37	0.7582	non-DMR
chr1	203000	203001	26	0.6018	non-DMR
chr1	203100	203101	40	0.8536	non-DMR
chr1	203190	203191	30	0.8289	non-DMR
chr1	203290	203291	17	0.6892	non-DMR
chr1	203308	203309	31	0.6902	flank-DMR
chr1	203384	203385	26	0.8464	flank-DMR
chr1	203428	203429	28	0.8884	non-DMR
chr1	203478	203479	30	0.8429	non-DMR
chr1	203495	203496	31	0.8446	non-DMR
chr1	203545	203546	37	0.8058	non-DMR
chr1	203576	203577	29	0.9324	non-DMR
chr1	203594	203595	42	0.8997	non-DMR
chr1	203644	203645	29	0.8057	non-DMR
chr1	203676	203677	24	0.8758	non-DMR
chr1	203713	203714	35	0.8508	non-DMR
chr1	203738	203739	27	0.791	non-DMR
chr1	203780	203781	31	0.9005	non-DMR
chr1	203826	203827	38	0.945	non-DMR
chr1	203849	203850	27	0.8864	non-DMR
chr1	203867	203868	27	0.7811	non-DMR
chr1	203907	203908	20	0.8105	non-DMR
chr1	203924	203925	33	0.8861	non-DMR
chr1	203940	203941	26	0.8412	non-DMR
chr1	204040	204041	37	0.8642	non-DMR
chr1	204140	204141	27	0.8992	non-DMR
chr1	204190	204191	29	0.8529	non-DMR
chr1	204290	204291	20	0.9305	non-DMR
chr1	204373	204374	31	1.0	non-DMR
chr1	204423	204424	25	0.8685	non-DMR
chr1	204455	204456	31	0.9183	flank-DMR
chr1	204468	204469	25	0.8011	non-DMR
chr1	204513	204514	34	0.6645	non-DMR
chr1	204539	204540	27	0.7581	non-DMR
chr1	204562	204563	33	0.6986	non-DMR
chr1	204584	204585	25	0.7054	non-DMR
chr1	204608	204609	39	0.6589	non-DMR
chr1	204658	204659	34	0.6305	non-DMR
chr1	204676	204677	27	0.7159	non-DMR
chr1	204726	204727	31	0.6076	non-DMR
chr1	204750	204751	33	0.6176	non-DMR
chr1	204791	204792	27	0.5354	non-DMR
chr1	204833	204834	35	0.8595	non-DMR
chr1	204883	204884	28	0.8242	non-DMR
chr1	204901	204902	30	0.5836	non-DMR
chr1	204979	204980	37	0.6467	non-DMR
chr1	205050	205051	35	0.7585	non-DMR
chr1	205100	205101	36	0.7055	non-DMR
chr1	205150	205151	32	0.6965	non-DMR
chr1	205200	205201	30	0.6003	non-DMR
chr1	205300	205301	24	0.6753	non-DMR
chr1	205324	205325	23	0.7981	flank-DMR
chr1	205333	205334	34	0.9191	sub-DMR
chr1	205383	205384	39	0.8071	sub-DMR
chr1	205418	205419	29	0.7147	sub-DMR
chr1	205468	205469	30	0.8603	sub-DMR
chr1	205492	205493	28	0.7105	sub-DMR
chr1	205529	205530	30	0.9627	sub-DMR
chr1	205549	205550	30	0.5673	sub-DMR
chr1	205597	205598	32	0.5931	sub-DMR
chr1	205633	205634	30	0.6032	sub-DMR
chr1	205650	205651	31	0.5369	sub-DMR
chr1	205669	205670	23	0.6597	sub-DMR
chr1	205687	205688	21	0.8044	sub-DMR
chr1	205727	205728	27	0.8493	sub-DMR
chr1	205745	205746	32	0.888	sub-DMR
chr1	205845	205846	32	0.7607	sub-DMR
chr1	205945	205946	21	0.9581	sub-DMR
chr1	206045	206046	33	0.8045	sub-DMR
chr1	206145	206146	32	0.8533	sub-DMR
chr1	206207	206208	29	0.9382	flank-DMR
chr1	206303	206304	27	0.8794	flank-DMR
chr1	206375	206376	15	0.8966	flank-DMR
chr1	206387	206388	31	0.8782	flank-DMR
chr1	206397	206398	32	0.8652	flank-DMR
chr1	206465	206466	41	0.9792	flank-DMR
chr1	206539	206540	35	0.9118	flank-DMR
chr1	206609	206610	32	0.8931	flank-DMR
chr1	206618	206619	36	0.2907	good-DMR
chr1	206653	206654	22	0.286	good-DMR
chr1	206681	206682	36	0.2502	good-DMR
chr1	206731	206732	36	0.337	good-DMR
chr1	206746	206747	30	0.2268	good-DMR
chr1	206796	206797	34	0.2689	good-DMR
chr1	206816	206817	33	0.3083	good-DMR
chr1	206856	206857	30	0.2087	good-DMR
chr1	206877	206878	35	0.1675	good-DMR
chr1	206899	206900	36	0.2017	good-DMR
chr1	206931	206932	24	0.1999	good-DMR
chr1	206948	206949	27	0.3108	good-DMR
chr1	206976	206977	35	0.2514	good-DMR
chr1	207009	207010	33	0.3193	good-DMR
chr1	207024	207025	29	0.2191	good-DMR
chr1	207040	207041	27	0.324	good-DMR
chr1	207060	207061	25	0.2036	good-DMR
chr1	207110	207111	25	0.2783	good-DMR
chr1	207129	207130	46	0.2828	good-DMR
chr1	207145	207146	29	0.3627	good-DMR
chr1	207245	207246	27	0.2779	good-DMR
chr1	207317	207318	31	0.225	good-DMR
chr1	207382	207383	33	0.2279	good-DMR
chr1	207482	207483	28	0.227	good-DMR
chr1	207541	207542	28	0.1749	good-DMR
chr1	207641	207642	33	0.2854	good-DMR
chr1	207713	207714	30	0.0	flank-DMR
chr1	207863	207864	38	0.018	flank-DMR
chr1	207911	207912	30	0.0403	flank-DMR
chr1	208077	208078	32	0.0	flank-DMR
chr1	208141	208142	31	0.1536	flank-DMR
chr1	208173	208174	19	0.5813	non-DMR
chr1	208205	208206	27	0.6589	non-DMR
chr1	208255	208256	35	0.7168	non-DMR
chr1	208287	208288	33	0.7914	non-DMR
chr1	208324	208325	29	0.4937	non-DMR
chr1	208339	208340	34	0.5249	non-DMR
chr1	208360	208361	36	0.7246	non-DMR
chr1	208386	208387	32	0.705	non-DMR
chr1	208413	208414	26	0.6932	non-DMR
chr1	208435	208436	27	0.6561	non-DMR
chr1	208474	208475	37	0.6594	non-DMR
chr1	208495	208496	28	0.5441	non-DMR
chr1	208516	208517	25	0.7338	non-DMR
chr1	208545	208546	28	0.7018	non-DMR
chr1	208587	208588	29	0.5865	non-DMR
chr1	208604	208605	25	0.5359	non-DMR
chr1	208643	208644	25	0.4581	non-DMR
chr1	208681	208682	28	0.7608	non-DMR
chr1	208704	208705	24	0.6399	non-DMR
chr1	208764	208765	32	0.5381	non-DMR
chr1	208840	208841	37	0.5886	non-DMR
chr1	208935	208936	34	0.7602	non-DMR
chr1	209035	209036	29	0.6248	non-DMR
chr1	209128	209129	30	0.65	non-DMR
chr1	209228	209229	26	0.8254	non-DMR
chr1	209292	209293	25	0.6666	flank-DMR
chr1	209326	209327	30	0.0612	non-DMR
chr1	209368	209369	25	0.0477	non-DMR
chr1	209387	209388	31	0.0675	non-DMR
chr1	209405	209406	25	0.0825	non-DMR
chr1	209432	209433	30	0.238	non-DMR
chr1	209464	209465	30	0.0894	non-DMR
chr1	209514	209515	29	0.0915	non-DMR
chr1	209541	209542	31	0.1505	non-DMR
chr1	209573	209574	22	0.2384	non-DMR
chr1	209591	209592	32	0.0681	non-DMR
chr1	209633	209634	41	0.0106	non-DMR
chr1	209651	209652	37	0.0893	non-DMR
chr1	209670	209671	28	0.078	non-DMR
chr1	209685	209686	21	0.4045	non-DMR
chr1	209727	209728	31	0.1837	non-DMR
chr1	209751	209752	28	0.1	non-DMR
chr1	209783	209784	30	0.1064	non-DMR
chr1	209818	209819	35	0.1605	non-DMR
chr1	209857	209858	31	0.1179	non-DMR
chr1	209918	209919	31	0.2515	non-DMR
chr1	210018	210019	20	0.2604	non-DMR
chr1	210118	210119	33	0.0972	non-DMR
chr1	210216	210217	29	0.145	non-DMR
chr1	210316	210317	23	0.2601	non-DMR
chr1	210322	210323	40	0.0388	flank-DMR
chr1	210404	210405	39	0.0231	flank-DMR
chr1	210439	210440	30	0.7753	non-DMR
chr1	210465	210466	37	0.8037	non-DMR
chr1	210480	210481	31	0.7234	non-DMR
chr1	210499	210500	36	0.5877	non-DMR
chr1	210549	210550	27	0.7179	non-DMR
chr1	210590	210591	28	0.5862	non-DMR
chr1	210615	210616	36	0.5373	non-DMR
chr1	210660	210661	26	0.8101	non-DMR
chr1	210675	210676	34	0.812	non-DMR
chr1	210721	210722	33	0.6323	non-DMR
chr1	210771	210772	29	0.6788	non-DMR
chr1	210792	210793	19	0.6926	non-DMR
chr1	210833	210834	38	0.6273	non-DMR
chr1	210883	210884	29	0.6685	non-DMR
chr1	210898	210899	24	0.9014	non-DMR
chr1	210916	210917	37	0.7535	non-DMR
chr1	210943	210944	31	0.77	non-DMR
chr1	210985	210986	32	0.6709	non-DMR
chr1	211004	211005	29	0.7117	non-DMR
chr1	211104	211105	25	0.7978	non-DMR
chr1	211203	211204	34	0.5939	non-DMR
chr1	211267	211268	36	0.781	non-DMR
chr1	211317	211318	28	0.7499	non-DMR
chr1	211417	211418	26	0.6536	non-DMR
chr1	211504	211505	32	0.6726	non-DMR
chr1	211564	211565	33	0.588	flank-DMR
chr1	211578	211579	28	0.6749	flank-DMR
chr1	211617	211618	37	0.7628	non-DMR
chr1	211657	211658	25	0.7402	non-DMR
chr1	211701	211702	18	0.7313	non-DMR
chr1	211748	211749	31	0.8684	non-DMR
chr1	211763	211764	28	0.6976	non-DMR
chr1	211812	211813	28	0.6656	non-DMR
chr1	211845	211846	29	0.8709	non-DMR
chr1	211893	211894	32	0.7053	non-DMR
chr1	211943	211944	30	0.7623	non-DMR
chr1	211990	211991	23	0.7298	non-DMR
chr1	212015	212016	31	0.7261	non-DMR
chr1	212056	212057	26	0.6991	non-DMR
chr1	212156	212157	21	0.7662	non-DMR
chr1	212217	212218	31	0.856	non-DMR
chr1	212271	212272	23	0.6612	non-DMR
chr1	212371	212372	39	0.5341	non-DMR
chr1	212471	212472	28	0.7087	non-DMR
chr1	212561	212562	26	0.7118	flank-DMR
chr1	212595	212596	24	0.8653	non-DMR
chr1	212611	212612	28	0.8063	non-DMR
chr1	212650	212651	28	0.708	non-DMR
chr1	212697	212698	29	0.7848	non-DMR
chr1	212740	212741	43	0.7713	non-DMR
chr1	212790	212791	27	0.9131	non-DMR
chr1	212806	212807	30	0.7389	non-DMR
chr1	212843	212844	30	0.8025	non-DMR
chr1	212893	212894	35	0.8636	non-DMR
chr1	212943	212944	27	0.8234	non-DMR
chr1	212983	212984	29	1.0	non-DMR
chr1	213033	213034	23	0.8985	non-DMR
chr1	213055	213056	31	0.91	non-DMR
chr1	213070	213071	30	0.857	non-DMR
chr1	213102	213103	34	0.9331	non-DMR
chr1	213200	213201	40	0.9353	non-DMR
chr1	213299	213300	27	0.8759	non-DMR
chr1	213399	213400	28	0.7909	non-DMR
chr1	213472	213473	30	0.7208	non-DMR
chr1	213572	213573	31	0.8892	non-DMR
chr1	213640	213641	33	0.7645	flank-DMR
chr1	213668	213669	29	0.748	flank-DMR
chr1	213675	213676	29	0.0169	sub-DMR
chr1	213700	213701	28	0.1222	sub-DMR
chr1	213725	213726	32	0.0811	sub-DMR
chr1	213741	213742	34	0.022	sub-DMR
chr1	213782	213783	16	0.1145	sub-DMR
chr1	213804	213805	27	0.259	sub-DMR
chr1	213833	213834	35	0.224	sub-DMR
chr1	213883	213884	36	0.0749	sub-DMR
chr1	213898	213899	28	0.2176	sub-DMR
chr1	213923	213924	38	0.1246	sub-DMR
chr1	213959	213960	23	0.1406	sub-DMR
chr1	213990	213991	27	0.2267	sub-DMR
chr1	214005	214006	32	0.1161	sub-DMR
chr1	214031	214032	26	0.0248	sub-DMR
chr1	214081	214082	27	0.4502	sub-DMR
chr1	214113	214114	28	0.3377	sub-DMR
chr1	214135	214136	34	0.3392	sub-DMR
chr1	214158	214159	29	0.3794	sub-DMR
chr1	214165	214166	35	0.4015	sub-DMR
chr1	214265	214266	28	0.4952	sub-DMR
chr1	214365	214366	35	0.3791	sub-DMR
chr1	214427	214428	31	0.2551	sub-DMR
chr1	214527	214528	27	0.0	sub-DMR
chr1	214621	214622	34	0.1977	sub-DMR
chr1	214735	214736	27	0.1161	flank-DMR
chr1	214795	214796	27	0.066	flank-DMR
chr1	214837	214838	34	0.0223	flank-DMR
chr1	214863	214864	31	0.065	flank-DMR
chr1	214873	214874	29	0.1215	flank-DMR
chr1	214887	214888	34	0.1463	flank-DMR
chr1	215053	215054	23	0.2406	flank-DMR
chr1	215117	215118	24	0.1523	flank-DMR
chr1	215119	215120	33	0.2164	flank-DMR
